video_t,lap_t,speed
1.794,0.024,101
1.835,0.065,103
1.874,0.104,105
1.915,0.145,106
1.953,0.183,107
1.994,0.224,107
2.034,0.264,109
2.074,0.304,110
2.114,0.344,111
2.155,0.385,112
2.195,0.425,112
2.234,0.464,114
2.275,0.505,116
2.314,0.544,117
2.354,0.584,118
2.394,0.624,118
2.433,0.663,121
2.475,0.705,122
2.514,0.744,124
2.554,0.784,125
2.594,0.824,125
2.634,0.864,129
2.675,0.905,131
2.714,0.944,132
2.753,0.983,134
2.795,1.025,134
2.834,1.064,137
2.874,1.104,139
2.915,1.145,141
2.954,1.184,142
2.993,1.223,142
3.034,1.264,145
3.074,1.304,147
3.113,1.343,148
3.155,1.385,150
3.193,1.423,151
3.233,1.463,153
3.274,1.504,154
3.314,1.544,155
3.354,1.584,157
3.394,1.624,157
3.434,1.664,159
3.473,1.703,161
3.514,1.744,162
3.553,1.783,163
3.593,1.823,163
3.634,1.864,165
3.674,1.904,167
3.714,1.944,168
3.754,1.984,169
3.793,2.023,170
3.835,2.065,171
3.874,2.104,172
3.915,2.145,173
3.953,2.183,174
3.995,2.225,174
4.035,2.265,176
4.074,2.304,177
4.115,2.345,178
4.154,2.384,179
4.194,2.424,180
4.233,2.463,180
4.273,2.503,181
4.314,2.544,182
4.354,2.584,184
4.395,2.625,184
4.437,2.667,185
4.475,2.705,186
4.515,2.745,187
4.555,2.785,188
4.594,2.824,188
4.635,2.865,189
4.675,2.905,190
4.713,2.943,190
4.753,2.983,190
4.794,3.024,189
4.834,3.064,189
4.874,3.104,188
4.914,3.144,187
4.955,3.185,186
4.996,3.226,186
5.035,3.265,183
5.074,3.304,180
5.115,3.345,178
5.154,3.384,176
5.194,3.424,176
5.234,3.464,172
5.275,3.505,171
5.314,3.544,169
5.355,3.585,167
5.395,3.625,167
5.434,3.664,163
5.474,3.704,160
5.515,3.745,158
5.554,3.784,156
5.595,3.825,154
5.634,3.864,152
5.675,3.905,150
5.715,3.945,149
5.754,3.984,148
5.793,4.023,147
5.834,4.064,145
5.873,4.103,145
5.915,4.145,143
5.954,4.184,142
5.994,4.224,140
6.035,4.265,138
6.074,4.304,136
6.115,4.345,134
6.154,4.384,133
6.195,4.425,133
6.234,4.464,130
6.274,4.504,129
6.315,4.545,127
6.354,4.584,125
6.396,4.626,123
6.435,4.665,122
6.474,4.704,120
6.515,4.745,119
6.554,4.784,117
6.594,4.824,117
6.634,4.864,114
6.675,4.905,112
6.715,4.945,111
6.755,4.985,109
6.794,5.024,109
6.834,5.064,106
6.873,5.103,104
6.914,5.144,103
6.954,5.184,102
6.994,5.224,102
7.034,5.264,99
7.074,5.304,98
7.114,5.344,97
7.155,5.385,96
7.194,5.424,96
7.235,5.465,
7.274,5.504,
7.314,5.544,93
7.355,5.585,93
7.395,5.625,92
7.434,5.664,91
7.474,5.704,91
7.515,5.745,90
7.554,5.784,90
7.597,5.827,90
7.634,5.864,89
7.674,5.904,88
7.714,5.944,88
7.755,5.985,87
7.794,6.024,87
7.835,6.065,87
7.875,6.105,87
7.913,6.143,87
7.954,6.184,86
7.994,6.224,86
8.034,6.264,85
8.075,6.305,84
8.115,6.345,84
8.155,6.385,84
8.194,6.424,84
8.235,6.465,84
8.274,6.504,84
8.315,6.545,84
8.355,6.585,83
8.394,6.624,83
8.434,6.664,83
8.474,6.704,84
8.515,6.745,84
8.555,6.785,84
8.594,6.824,84
8.636,6.866,84
8.675,6.905,84
8.714,6.944,85
8.754,6.984,85
8.794,7.024,85
8.835,7.065,87
8.874,7.104,87
8.914,7.144,87
8.954,7.184,87
8.994,7.224,87
9.035,7.265,88
9.075,7.305,88
9.114,7.344,89
9.155,7.385,90
9.196,7.426,90
9.235,7.465,91
9.275,7.505,91
9.315,7.545,92
9.355,7.585,93
9.394,7.624,93
9.434,7.664,95
9.475,7.705,96
9.515,7.745,97
9.554,7.784,98
9.593,7.823,98
9.636,7.866,100
9.678,7.908,101
9.716,7.946,102
9.757,7.987,103
9.797,8.027,104
9.833,8.063,106
9.873,8.103,107
9.912,8.142,108
9.953,8.183,110
9.992,8.222,110
10.034,8.264,112
10.073,8.303,113
10.114,8.344,115
10.152,8.382,116
10.192,8.422,116
10.233,8.463,117
10.273,8.503,119
10.312,8.542,120
10.353,8.583,122
10.393,8.623,122
10.432,8.662,125
10.473,8.703,127
10.514,8.744,128
10.552,8.782,130
10.592,8.822,130
10.632,8.862,134
10.674,8.904,135
10.713,8.943,137
10.753,8.983,139
10.793,9.023,140
10.833,9.063,142
10.872,9.102,144
10.912,9.142,145
10.952,9.182,147
10.993,9.223,147
11.032,9.262,150
11.072,9.302,152
11.113,9.343,153
11.153,9.383,154
11.192,9.422,154
11.233,9.463,157
11.274,9.504,159
11.313,9.543,161
11.352,9.582,162
11.393,9.623,162
11.433,9.663,165
11.473,9.703,166
11.513,9.743,168
11.552,9.782,169
11.592,9.822,169
11.635,9.865,172
11.675,9.905,173
11.714,9.944,174
11.754,9.984,175
11.794,10.024,175
11.833,10.063,178
11.874,10.104,179
11.914,10.144,180
11.954,10.184,180
11.995,10.225,180
12.036,10.266,182
12.074,10.304,183
12.114,10.344,184
12.155,10.385,185
12.195,10.425,186
12.235,10.465,187
12.274,10.504,188
12.314,10.544,189
12.355,10.585,189
12.394,10.624,189
12.434,10.664,190
12.475,10.705,191
12.515,10.745,191
12.556,10.786,192
12.595,10.825,193
12.638,10.868,194
12.675,10.905,194
12.715,10.945,195
12.756,10.986,195
12.796,11.026,195
12.835,11.065,197
12.875,11.105,198
12.914,11.144,199
12.955,11.185,199
12.995,11.225,199
13.035,11.265,201
13.075,11.305,202
13.114,11.344,203
13.156,11.386,204
13.197,11.427,204
13.234,11.464,205
13.275,11.505,206
13.315,11.545,207
13.356,11.586,207
13.396,11.626,207
13.435,11.665,208
13.474,11.704,209
13.515,11.745,210
13.556,11.786,211
13.595,11.825,211
13.634,11.864,212
13.676,11.906,213
13.715,11.945,214
13.754,11.984,215
13.794,12.024,215
13.835,12.065,216
13.874,12.104,216
13.916,12.146,216
13.954,12.184,216
13.994,12.224,216
14.034,12.264,214
14.077,12.307,213
14.114,12.344,212
14.154,12.384,211
14.196,12.426,210
14.234,12.464,209
14.276,12.506,208
14.315,12.545,206
14.354,12.584,205
14.396,12.626,205
14.436,12.666,203
14.477,12.707,201
14.518,12.748,200
14.571,12.801,199
14.599,12.829,199
14.636,12.866,197
14.675,12.905,196
14.714,12.944,195
14.754,12.984,194
14.795,13.025,194
14.834,13.064,193
14.877,13.107,192
14.914,13.144,192
14.954,13.184,191
14.994,13.224,191
15.035,13.265,189
15.076,13.306,189
15.114,13.344,188
15.156,13.386,187
15.194,13.424,187
15.234,13.464,186
15.275,13.505,185
15.315,13.545,185
15.355,13.585,184
15.394,13.624,184
15.435,13.665,183
15.475,13.705,183
15.514,13.744,182
15.554,13.784,182
15.594,13.824,182
15.635,13.865,182
15.675,13.905,182
15.715,13.945,182
15.755,13.985,182
15.795,14.025,182
15.834,14.064,181
15.877,14.107,181
15.914,14.144,182
15.954,14.184,181
15.995,14.225,181
16.035,14.265,181
16.075,14.305,181
16.113,14.343,181
16.154,14.384,181
16.196,14.426,181
16.234,14.464,181
16.275,14.505,181
16.314,14.544,182
16.355,14.585,182
16.395,14.625,182
16.434,14.664,182
16.480,14.710,182
16.519,14.749,182
16.561,14.791,182
16.600,14.830,182
16.640,14.870,183
16.673,14.903,183
16.713,14.943,184
16.752,14.982,184
16.793,15.023,184
16.833,15.063,185
16.873,15.103,185
16.913,15.143,185
16.953,15.183,185
16.992,15.222,185
17.033,15.263,187
17.073,15.303,188
17.113,15.343,188
17.152,15.382,189
17.192,15.422,189
17.232,15.462,190
17.272,15.502,190
17.312,15.542,191
17.352,15.582,192
17.394,15.624,192
17.433,15.663,193
17.473,15.703,194
17.512,15.742,195
17.554,15.784,196
17.593,15.823,196
17.632,15.862,197
17.673,15.903,198
17.713,15.943,199
17.752,15.982,199
17.794,16.024,199
17.832,16.062,201
17.873,16.103,201
17.913,16.143,202
17.953,16.183,202
17.994,16.224,202
18.033,16.263,204
18.073,16.303,205
18.112,16.342,206
18.152,16.382,207
18.193,16.423,207
18.233,16.463,209
18.272,16.502,210
18.313,16.543,211
18.352,16.582,212
18.392,16.622,212
18.432,16.662,214
18.476,16.706,215
18.516,16.746,216
18.556,16.786,217
18.596,16.826,217
18.637,16.867,219
18.676,16.906,220
18.716,16.946,220
18.756,16.986,221
18.795,17.025,221
18.836,17.066,223
18.878,17.108,224
18.915,17.145,225
18.957,17.187,226
18.995,17.225,226
19.036,17.266,227
19.075,17.305,228
19.117,17.347,229
19.156,17.386,229
19.195,17.425,229
19.236,17.466,231
19.276,17.506,232
19.316,17.546,232
19.357,17.587,232
19.396,17.626,232
19.435,17.665,233
19.476,17.706,234
19.517,17.747,234
19.559,17.789,235
19.597,17.827,235
19.636,17.866,236
19.676,17.906,237
19.715,17.945,237
19.755,17.985,238
19.796,18.026,238
19.836,18.066,239
19.876,18.106,239
19.915,18.145,240
19.957,18.187,241
19.995,18.225,241
20.036,18.266,241
20.077,18.307,241
20.117,18.347,240
20.157,18.387,241
20.196,18.426,241
20.239,18.469,240
20.277,18.507,240
20.315,18.545,239
20.356,18.586,239
20.396,18.626,239
20.436,18.666,236
20.483,18.713,235
20.521,18.751,233
20.573,18.803,232
20.600,18.830,232
20.645,18.875,228
20.674,18.904,226
20.713,18.943,224
20.754,18.984,222
20.793,19.023,220
20.834,19.064,218
20.873,19.103,216
20.913,19.143,214
20.954,19.184,212
20.993,19.223,212
21.033,19.263,208
21.073,19.303,205
21.113,19.343,203
21.153,19.383,201
21.193,19.423,201
21.233,19.463,197
21.273,19.503,195
21.314,19.544,193
21.355,19.585,191
21.394,19.624,191
21.433,19.663,187
21.473,19.703,185
21.514,19.744,183
21.554,19.784,181
21.594,19.824,181
21.634,19.864,179
21.674,19.904,177
21.713,19.943,176
21.753,19.983,175
21.794,20.024,175
21.835,20.065,172
21.874,20.104,171
21.914,20.144,170
21.954,20.184,168
21.994,20.224,168
22.034,20.264,167
22.073,20.303,167
22.114,20.344,166
22.154,20.384,165
22.193,20.423,164
22.234,20.464,163
22.274,20.504,162
22.313,20.543,162
22.355,20.585,161
22.393,20.623,161
22.434,20.664,159
22.477,20.707,158
22.517,20.747,158
22.559,20.789,157
22.598,20.828,157
22.636,20.866,155
22.678,20.908,154
22.718,20.948,153
22.761,20.991,152
22.797,21.027,152
22.837,21.067,150
22.876,21.106,148
22.919,21.149,147
22.957,21.187,145
22.998,21.228,145
23.037,21.267,143
23.076,21.306,142
23.116,21.346,141
23.158,21.388,139
23.197,21.427,138
23.240,21.470,137
23.279,21.509,136
23.317,21.547,135
23.357,21.587,134
23.396,21.626,134
23.437,21.667,132
23.477,21.707,131
23.519,21.749,131
23.558,21.788,130
23.599,21.829,129
23.637,21.867,128
23.679,21.909,128
23.718,21.948,127
23.757,21.987,126
23.797,22.027,126
23.838,22.068,125
23.878,22.108,124
23.917,22.147,123
23.957,22.187,122
23.997,22.227,122
24.039,22.269,121
24.078,22.308,120
24.118,22.348,120
24.159,22.389,119
24.197,22.427,119
24.241,22.471,118
24.278,22.508,117
24.317,22.547,117
24.359,22.589,117
24.398,22.628,116
24.440,22.670,115
24.478,22.708,115
24.517,22.747,115
24.558,22.788,114
24.599,22.829,114
24.637,22.867,114
24.685,22.915,113
24.722,22.952,113
24.760,22.990,112
24.803,23.033,112
24.844,23.074,112
24.880,23.110,112
24.924,23.154,112
24.962,23.192,112
25.003,23.233,112
25.042,23.272,113
25.083,23.313,113
25.115,23.345,113
25.154,23.384,115
25.195,23.425,115
25.235,23.465,117
25.275,23.505,117
25.315,23.545,118
25.355,23.585,119
25.392,23.622,119
25.432,23.662,120
25.472,23.702,121
25.514,23.744,121
25.552,23.782,122
25.595,23.825,123
25.634,23.864,124
25.674,23.904,124
25.715,23.945,125
25.755,23.985,126
25.792,24.022,126
25.832,24.062,128
25.872,24.102,130
25.912,24.142,131
25.952,24.182,132
25.992,24.222,132
26.032,24.262,134
26.072,24.302,135
26.113,24.343,136
26.152,24.382,137
26.192,24.422,138
26.234,24.464,140
26.273,24.503,141
26.313,24.543,142
26.355,24.585,143
26.394,24.624,144
26.432,24.662,145
26.472,24.702,146
26.515,24.745,147
26.553,24.783,148
26.592,24.822,148
26.634,24.864,151
26.674,24.904,152
26.713,24.943,153
26.752,24.982,154
26.793,25.023,156
26.835,25.065,157
26.873,25.103,158
26.914,25.144,159
26.957,25.187,160
26.998,25.228,161
27.036,25.266,162
27.077,25.307,163
27.118,25.348,164
27.158,25.388,165
27.200,25.430,165
27.237,25.467,167
27.278,25.508,167
27.316,25.546,168
27.357,25.587,168
27.399,25.629,168
27.436,25.666,167
27.477,25.707,167
27.519,25.749,167
27.556,25.786,166
27.598,25.828,166
28.002,26.232,166
28.024,26.254,166
28.043,26.273,165
28.064,26.294,165
28.083,26.313,161
28.117,26.347,161
28.154,26.384,161
28.197,26.427,161
28.234,26.464,160
28.278,26.508,160
28.319,26.549,161
28.360,26.590,161
28.404,26.634,161
28.442,26.672,161
28.480,26.710,162
28.521,26.751,162
28.561,26.791,162
28.612,26.842,162
28.642,26.872,162
28.681,26.911,162
28.717,26.947,162
28.753,26.983,162
28.796,27.026,161
28.833,27.063,161
28.876,27.106,160
28.917,27.147,158
28.953,27.183,157
28.995,27.225,157
29.034,27.264,153
29.073,27.303,151
29.113,27.343,150
29.153,27.383,148
29.193,27.423,148
29.234,27.464,146
29.273,27.503,145
29.316,27.546,143
29.354,27.584,142
29.397,27.627,140
29.434,27.664,139
29.478,27.708,138
29.514,27.744,137
29.554,27.784,136
29.595,27.825,136
29.636,27.866,136
29.675,27.905,135
29.714,27.944,134
29.754,27.984,133
29.796,28.026,133
29.835,28.065,132
29.874,28.104,132
29.914,28.144,131
29.954,28.184,131
29.993,28.223,131
30.033,28.263,130
30.074,28.304,129
30.113,28.343,128
30.155,28.385,127
30.195,28.425,127
30.233,28.463,126
30.273,28.503,125
30.313,28.543,125
30.355,28.585,125
30.395,28.625,125
30.433,28.663,125
30.473,28.703,125
30.514,28.744,125
30.554,28.784,124
30.595,28.825,124
30.635,28.865,124
30.675,28.905,123
30.715,28.945,123
30.754,28.984,123
30.795,29.025,123
30.835,29.065,123
30.875,29.105,123
30.914,29.144,123
30.955,29.185,123
30.995,29.225,124
31.034,29.264,124
31.075,29.305,124
31.123,29.353,124
31.162,29.392,124
31.200,29.430,124
31.240,29.470,124
31.284,29.514,124
31.313,29.543,123
31.352,29.582,123
31.392,29.622,123
31.432,29.662,122
31.472,29.702,122
31.512,29.742,122
31.552,29.782,122
31.592,29.822,122
31.633,29.863,122
31.673,29.903,122
31.713,29.943,122
31.753,29.983,122
31.792,30.022,122
31.833,30.063,122
31.872,30.102,122
31.912,30.142,121
31.952,30.182,121
31.993,30.223,121
32.033,30.263,121
32.072,30.302,121
32.113,30.343,122
32.153,30.383,122
32.193,30.423,122
32.232,30.462,121
32.272,30.502,121
32.313,30.543,121
32.353,30.583,121
32.394,30.624,121
32.432,30.662,121
32.472,30.702,121
32.512,30.742,121
32.552,30.782,122
32.592,30.822,122
32.633,30.863,123
32.673,30.903,123
32.712,30.942,123
32.753,30.983,123
32.792,31.022,124
32.834,31.064,124
32.874,31.104,125
32.913,31.143,126
32.952,31.182,127
32.993,31.223,127
33.033,31.263,128
33.073,31.303,130
33.113,31.343,131
33.155,31.385,132
33.193,31.423,133
33.235,31.465,134
33.275,31.505,135
33.315,31.545,137
33.355,31.585,138
33.394,31.624,138
33.435,31.665,141
33.475,31.705,142
33.514,31.744,143
33.554,31.784,145
33.595,31.825,146
33.634,31.864,148
33.674,31.904,149
33.714,31.944,150
33.755,31.985,151
33.794,32.024,151
33.835,32.065,154
33.874,32.104,155
33.914,32.144,156
33.954,32.184,157
33.995,32.225,158
34.034,32.264,159
34.074,32.304,161
34.114,32.344,162
34.156,32.386,163
34.195,32.425,163
34.235,32.465,166
34.275,32.505,167
34.315,32.545,168
34.356,32.586,170
34.402,32.632,171
34.436,32.666,172
34.486,32.716,173
34.517,32.747,174
34.555,32.785,175
34.595,32.825,176
34.634,32.864,175
34.675,32.905,175
34.715,32.945,174
34.754,32.984,173
34.795,33.025,171
34.835,33.065,169
34.874,33.104,167
34.916,33.146,165
34.955,33.185,163
34.995,33.225,163
35.034,33.264,160
35.075,33.305,159
35.115,33.345,157
35.154,33.384,155
35.195,33.425,152
35.235,33.465,150
35.275,33.505,148
35.315,33.545,146
35.354,33.584,144
35.395,33.625,144
35.435,33.665,140
35.476,33.706,138
35.514,33.744,136
35.555,33.785,135
35.594,33.824,135
35.634,33.864,130
35.675,33.905,129
35.716,33.946,127
35.755,33.985,126
35.795,34.025,124
35.834,34.064,123
35.874,34.104,121
35.915,34.145,120
35.954,34.184,119
35.994,34.224,118
36.035,34.265,117
36.075,34.305,116
36.114,34.344,115
36.154,34.384,114
36.194,34.424,113
36.236,34.466,112
36.274,34.504,111
36.315,34.545,111
36.357,34.587,110
36.397,34.627,110
36.436,34.666,109
36.476,34.706,108
36.517,34.747,108
36.554,34.784,107
36.595,34.825,106
36.634,34.864,106
36.675,34.905,105
36.714,34.944,105
36.753,34.983,105
36.796,35.026,105
36.835,35.065,105
36.875,35.105,105
36.915,35.145,105
36.955,35.185,105
36.995,35.225,105
37.035,35.265,105
37.075,35.305,104
37.114,35.344,104
37.155,35.385,104
37.203,35.433,104
37.234,35.464,104
37.275,35.505,104
37.314,35.544,104
37.354,35.584,104
37.394,35.624,104
37.434,35.664,104
37.474,35.704,104
37.515,35.745,105
37.554,35.784,104
37.595,35.825,104
37.635,35.865,105
37.674,35.904,105
37.715,35.945,105
37.755,35.985,106
37.793,36.023,106
37.835,36.065,106
37.874,36.104,107
37.915,36.145,107
37.954,36.184,108
37.995,36.225,109
38.034,36.264,110
38.075,36.305,110
38.115,36.345,112
38.155,36.385,112
38.195,36.425,112
38.235,36.465,114
38.275,36.505,114
38.314,36.544,115
38.356,36.586,116
38.397,36.627,117
38.437,36.667,118
38.475,36.705,120
38.517,36.747,121
38.553,36.783,123
38.593,36.823,123
38.632,36.862,126
38.674,36.904,127
38.712,36.942,128
38.752,36.982,129
38.792,37.022,129
38.832,37.062,132
38.873,37.103,134
38.913,37.143,135
38.952,37.182,136
38.993,37.223,137
39.033,37.263,137
39.072,37.302,138
39.113,37.343,139
39.152,37.382,140
39.192,37.422,141
39.233,37.463,142
39.274,37.504,143
39.312,37.542,144
39.353,37.583,144
39.393,37.623,145
39.432,37.662,146
39.473,37.703,147
39.512,37.742,148
39.553,37.783,150
39.592,37.822,151
39.633,37.863,152
39.672,37.902,153
39.713,37.943,154
39.752,37.982,156
39.792,38.022,156
39.833,38.063,159
39.872,38.102,160
39.912,38.142,161
39.953,38.183,163
39.993,38.223,163
40.032,38.262,165
40.072,38.302,165
40.112,38.342,166
40.153,38.383,168
40.193,38.423,168
40.233,38.463,170
40.272,38.502,171
40.313,38.543,172
40.354,38.584,173
40.395,38.625,173
40.435,38.665,175
40.474,38.704,176
40.514,38.744,177
40.555,38.785,178
40.594,38.824,178
40.636,38.866,179
40.675,38.905,181
40.758,38.988,182
40.779,39.009,183
40.797,39.027,184
40.835,39.065,185
40.875,39.105,186
40.914,39.144,187
40.955,39.185,188
40.994,39.224,189
41.034,39.264,190
41.075,39.305,191
41.114,39.344,192
41.155,39.385,193
41.194,39.424,194
41.236,39.466,195
41.275,39.505,197
41.315,39.545,198
41.354,39.584,199
41.395,39.625,200
41.435,39.665,201
41.474,39.704,202
41.515,39.745,203
41.554,39.784,204
41.598,39.828,205
41.648,39.878,206
41.677,39.907,207
41.716,39.946,208
41.756,39.986,209
41.794,40.024,209
41.835,40.065,211
41.875,40.105,212
41.914,40.144,213
41.954,40.184,214
41.994,40.224,214
42.035,40.265,215
42.075,40.305,216
42.114,40.344,217
42.154,40.384,218
42.194,40.424,219
42.234,40.464,219
42.274,40.504,220
42.315,40.545,221
42.355,40.585,222
42.394,40.624,223
42.435,40.665,223
42.475,40.705,224
42.515,40.745,225
42.554,40.784,226
42.594,40.824,227
42.634,40.864,228
42.674,40.904,229
42.715,40.945,229
42.755,40.985,230
42.794,41.024,231
42.834,41.064,231
42.875,41.105,232
42.915,41.145,233
42.955,41.185,233
42.994,41.224,233
43.035,41.265,235
43.074,41.304,235
43.114,41.344,236
43.155,41.385,236
43.195,41.425,237
43.235,41.465,238
43.275,41.505,238
43.314,41.544,239
43.354,41.584,240
43.395,41.625,240
43.434,41.664,240
43.474,41.704,241
43.514,41.744,241
43.554,41.784,242
43.597,41.827,242
43.649,41.879,243
43.678,41.908,244
43.717,41.947,244
43.757,41.987,245
43.793,42.023,246
43.833,42.063,246
43.873,42.103,247
43.913,42.143,247
43.954,42.184,248
43.993,42.223,248
44.032,42.262,249
44.073,42.303,250
44.113,42.343,250
44.152,42.382,251
44.193,42.423,251
44.232,42.462,252
44.273,42.503,253
44.313,42.543,253
44.353,42.583,253
44.393,42.623,254
44.433,42.663,254
44.472,42.702,255
44.512,42.742,255
44.552,42.782,256
44.592,42.822,256
44.633,42.863,257
44.673,42.903,258
44.713,42.943,258
44.753,42.983,259
44.793,43.023,260
44.834,43.064,261
44.873,43.103,261
44.912,43.142,262
44.952,43.182,262
44.993,43.223,262
45.033,43.263,264
45.072,43.302,265
45.113,43.343,265
45.152,43.382,265
45.192,43.422,266
45.233,43.463,266
45.272,43.502,266
45.313,43.543,267
45.353,43.583,267
45.394,43.624,268
45.432,43.662,269
45.472,43.702,270
45.513,43.743,271
45.585,43.815,272
45.607,43.837,272
45.635,43.865,272
45.675,43.905,272
45.714,43.944,273
45.754,43.984,272
45.794,44.024,273
45.834,44.064,273
45.875,44.105,273
45.914,44.144,273
45.954,44.184,273
45.995,44.225,273
46.034,44.264,273
46.074,44.304,274
46.115,44.345,274
46.156,44.386,275
46.195,44.425,275
46.234,44.464,276
46.278,44.508,276
46.315,44.545,276
46.355,44.585,276
46.395,44.625,276
46.435,44.665,277
46.475,44.705,277
46.515,44.745,277
46.554,44.784,277
46.594,44.824,277
46.636,44.866,278
46.675,44.905,279
46.716,44.946,279
46.754,44.984,280
46.794,45.024,280
46.834,45.064,280
46.874,45.104,280
46.914,45.144,280
46.954,45.184,281
46.995,45.225,281
47.034,45.264,282
47.075,45.305,283
47.115,45.345,284
47.154,45.384,284
47.197,45.427,285
47.235,45.465,285
47.276,45.506,285
47.317,45.547,285
47.354,45.584,285
47.394,45.624,285
47.435,45.665,284
47.476,45.706,284
47.514,45.744,285
47.555,45.785,285
47.595,45.825,285
47.634,45.864,285
47.676,45.906,286
47.715,45.945,286
47.755,45.985,285
47.796,46.026,285
47.836,46.066,283
47.876,46.106,282
47.915,46.145,280
47.955,46.185,279
47.995,46.225,277
48.034,46.264,276
48.075,46.305,274
48.115,46.345,272
48.155,46.385,271
48.200,46.430,270
48.240,46.470,269
48.277,46.507,268
48.346,46.576,266
48.385,46.615,264
48.401,46.631,264
48.435,46.665,260
48.473,46.703,259
48.512,46.742,258
48.553,46.783,256
48.593,46.823,255
48.633,46.863,253
48.672,46.902,251
48.714,46.944,249
48.752,46.982,248
48.793,47.023,247
48.833,47.063,245
48.873,47.103,244
48.912,47.142,242
48.952,47.182,241
48.993,47.223,241
49.033,47.263,238
49.073,47.303,237
49.112,47.342,235
49.152,47.382,234
49.192,47.422,232
49.232,47.462,231
49.272,47.502,230
49.314,47.544,228
49.352,47.582,227
49.393,47.623,225
49.433,47.663,223
49.472,47.702,222
49.512,47.742,220
49.553,47.783,219
49.594,47.824,218
49.633,47.863,217
49.673,47.903,216
49.712,47.942,215
49.753,47.983,214
49.792,48.022,214
49.833,48.063,212
49.872,48.102,212
49.913,48.143,211
49.953,48.183,210
49.993,48.223,210
50.032,48.262,208
50.073,48.303,208
50.112,48.342,207
50.152,48.382,207
50.196,48.426,207
50.236,48.466,206
50.275,48.505,206
50.316,48.546,206
50.355,48.585,206
50.395,48.625,206
50.435,48.665,206
50.475,48.705,205
50.517,48.747,205
50.555,48.785,205
50.595,48.825,205
50.634,48.864,205
50.675,48.905,205
50.717,48.947,204
50.755,48.985,204
50.796,49.026,204
50.834,49.064,205
50.875,49.105,205
50.915,49.145,205
50.955,49.185,204
50.997,49.227,204
51.036,49.266,204
51.076,49.306,205
51.116,49.346,205
51.157,49.387,205
51.195,49.425,205
51.236,49.466,206
51.275,49.505,206
51.320,49.550,207
51.361,49.591,207
51.396,49.626,207
51.436,49.666,207
51.475,49.705,208
51.516,49.746,208
51.556,49.786,208
51.595,49.825,208
51.636,49.866,209
51.675,49.905,209
51.714,49.944,210
51.755,49.985,210
51.796,50.026,211
51.835,50.065,211
51.874,50.104,211
51.915,50.145,212
51.954,50.184,212
52.000,50.230,212
52.035,50.265,213
52.075,50.305,213
52.115,50.345,214
52.155,50.385,215
52.195,50.425,215
52.234,50.464,216
52.274,50.504,216
52.315,50.545,217
52.355,50.585,217
52.395,50.625,218
52.441,50.671,218
52.479,50.709,218
52.521,50.751,219
52.558,50.788,219
52.597,50.827,219
52.636,50.866,219
52.674,50.904,219
52.714,50.944,219
52.755,50.985,220
52.795,51.025,221
52.834,51.064,221
52.875,51.105,221
52.915,51.145,222
52.954,51.184,222
52.998,51.228,222
53.034,51.264,223
53.074,51.304,223
53.115,51.345,224
53.154,51.384,225
53.195,51.425,225
53.236,51.466,225
53.275,51.505,226
53.315,51.545,226
53.355,51.585,227
53.396,51.626,227
53.435,51.665,228
53.474,51.704,228
53.552,51.782,229
53.571,51.801,229
53.594,51.824,230
53.635,51.865,230
53.675,51.905,231
53.714,51.944,232
53.755,51.985,232
53.794,52.024,232
53.835,52.065,233
53.878,52.108,234
53.915,52.145,234
53.955,52.185,235
53.998,52.228,235
54.035,52.265,236
54.075,52.305,237
54.116,52.346,237
54.155,52.385,238
54.195,52.425,238
54.235,52.465,239
54.276,52.506,240
54.316,52.546,241
54.355,52.585,241
54.394,52.624,241
54.436,52.666,242
54.475,52.705,242
54.516,52.746,242
54.556,52.786,243
54.595,52.825,243
54.641,52.871,244
54.680,52.910,244
54.718,52.948,245
54.760,52.990,245
54.798,53.028,246
54.835,53.065,247
54.876,53.106,247
54.915,53.145,248
54.955,53.185,248
54.995,53.225,248
55.035,53.265,249
55.075,53.305,249
55.115,53.345,250
55.155,53.385,250
55.196,53.426,250
55.236,53.466,250
55.277,53.507,251
55.315,53.545,251
55.355,53.585,252
55.395,53.625,253
55.436,53.666,253
55.475,53.705,254
55.516,53.746,255
55.556,53.786,255
55.596,53.826,256
55.636,53.866,256
55.678,53.908,257
55.719,53.949,257
55.755,53.985,258
55.795,54.025,258
55.836,54.066,258
55.875,54.105,259
55.915,54.145,259
55.955,54.185,259
55.995,54.225,260
56.035,54.265,261
56.075,54.305,261
56.117,54.347,262
56.156,54.386,263
56.195,54.425,264
56.236,54.466,264
56.275,54.505,265
56.316,54.546,265
56.357,54.587,265
56.397,54.627,265
56.436,54.666,266
56.475,54.705,266
56.517,54.747,266
56.558,54.788,267
56.596,54.826,267
56.636,54.866,268
56.678,54.908,268
56.716,54.946,269
56.757,54.987,269
56.798,55.028,270
56.835,55.065,270
56.876,55.106,271
56.915,55.145,271
56.956,55.186,272
56.995,55.225,272
57.036,55.266,272
57.077,55.307,273
57.116,55.346,273
57.155,55.385,274
57.197,55.427,274
57.237,55.467,275
57.275,55.505,275
57.317,55.547,276
57.357,55.587,276
57.396,55.626,276
57.436,55.666,277
57.475,55.705,277
57.517,55.747,278
57.556,55.786,278
57.596,55.826,279
57.635,55.865,279
57.679,55.909,280
57.716,55.946,280
57.757,55.987,280
57.797,56.027,281
57.835,56.065,281
57.877,56.107,282
57.915,56.145,282
57.956,56.186,282
57.997,56.227,282
58.036,56.266,283
58.082,56.312,283
58.118,56.348,284
58.160,56.390,284
58.199,56.429,285
58.238,56.468,285
58.277,56.507,285
58.317,56.547,286
58.358,56.588,286
58.397,56.627,286
58.437,56.667,288
58.476,56.706,288
58.517,56.747,288
58.556,56.786,288
58.596,56.826,289
58.637,56.867,289
58.679,56.909,289
58.715,56.945,289
58.757,56.987,290
58.798,57.028,290
58.836,57.066,290
58.876,57.106,290
58.919,57.149,290
58.956,57.186,290
58.997,57.227,290
59.036,57.266,292
59.076,57.306,293
59.117,57.347,294
59.155,57.385,294
59.195,57.425,294
59.236,57.466,296
59.276,57.506,296
59.316,57.546,296
59.357,57.587,297
59.397,57.627,297
59.436,57.666,297
59.476,57.706,298
59.517,57.747,298
59.556,57.786,299
59.596,57.826,299
59.634,57.864,300
59.675,57.905,300
59.718,57.948,300
59.757,57.987,301
59.795,58.025,301
59.837,58.067,301
59.875,58.105,302
59.916,58.146,302
59.957,58.187,303
59.995,58.225,303
60.036,58.266,304
60.081,58.311,304
60.121,58.351,305
60.159,58.389,306
60.202,58.432,306
60.241,58.471,307
60.276,58.506,307
60.316,58.546,308
60.353,58.583,308
60.397,58.627,309
60.437,58.667,309
60.476,58.706,309
60.517,58.747,310
60.556,58.786,310
60.594,58.824,310
60.635,58.865,310
60.675,58.905,311
60.717,58.947,311
60.753,58.983,311
60.796,59.026,312
60.836,59.066,312
60.876,59.106,313
60.913,59.143,314
60.957,59.187,314
60.996,59.226,314
61.036,59.266,315
61.077,59.307,315
61.114,59.344,316
61.155,59.385,316
61.197,59.427,316
61.234,59.464,317
61.274,59.504,317
61.316,59.546,318
61.353,59.583,318
61.397,59.627,318
61.437,59.667,319
61.477,59.707,319
61.513,59.743,319
61.559,59.789,319
61.599,59.829,319
61.633,59.863,319
61.676,59.906,319
61.715,59.945,319
61.755,59.985,319
61.798,60.028,319
61.835,60.065,320
61.874,60.104,320
61.914,60.144,320
61.957,60.187,320
61.993,60.223,320
62.033,60.263,320
62.076,60.306,320
62.114,60.344,320
62.155,60.385,320
62.196,60.426,321
62.234,60.464,321
62.274,60.504,322
62.313,60.543,321
62.353,60.583,322
62.393,60.623,322
62.433,60.663,322
62.474,60.704,322
62.514,60.744,323
62.556,60.786,323
62.593,60.823,323
62.633,60.863,323
62.675,60.905,324
62.718,60.948,324
62.756,60.986,324
62.794,61.024,324
62.833,61.063,324
62.875,61.105,324
62.917,61.147,324
62.954,61.184,325
62.995,61.225,325
63.035,61.265,325
63.079,61.309,325
63.121,61.351,325
63.162,61.392,325
63.197,61.427,325
63.239,61.469,325
63.281,61.511,326
63.314,61.544,326
63.353,61.583,326
63.394,61.624,326
63.433,61.663,326
63.474,61.704,327
63.514,61.744,327
63.554,61.784,327
63.595,61.825,327
63.633,61.863,327
63.674,61.904,327
63.714,61.944,327
63.754,61.984,328
63.793,62.023,328
63.834,62.064,329
63.873,62.103,329
63.914,62.144,329
63.953,62.183,329
63.994,62.224,329
64.033,62.263,329
64.074,62.304,329
64.113,62.343,330
64.154,62.384,330
64.194,62.424,330
64.234,62.464,331
64.275,62.505,331
64.315,62.545,331
64.355,62.585,330
64.394,62.624,330
64.434,62.664,329
64.475,62.705,328
64.514,62.744,328
64.553,62.783,326
64.593,62.823,324
64.634,62.864,322
64.674,62.904,319
64.713,62.943,317
64.753,62.983,315
64.793,63.023,312
64.833,63.063,310
64.874,63.104,307
64.913,63.143,305
64.954,63.184,302
64.995,63.225,302
65.033,63.263,296
65.074,63.304,294
65.116,63.346,291
65.161,63.391,289
65.196,63.426,286
65.238,63.468,283
65.281,63.511,281
65.314,63.544,279
65.354,63.584,276
65.395,63.625,276
65.435,63.665,272
65.473,63.703,270
65.514,63.744,268
65.555,63.785,266
65.594,63.824,265
65.635,63.865,263
65.674,63.904,261
65.714,63.944,260
65.753,63.983,259
65.793,64.023,257
65.835,64.065,256
65.875,64.105,254
65.914,64.144,253
66.430,64.660,252
66.453,64.683,250
66.471,64.701,249
66.488,64.718,248
66.507,64.737,236
66.549,64.779,236
66.588,64.818,235
66.629,64.859,234
66.669,64.899,234
66.710,64.940,234
66.750,64.980,233
66.790,65.020,232
66.831,65.061,232
66.871,65.101,232
66.913,65.143,232
66.953,65.183,232
66.992,65.222,231
67.032,65.262,231
67.073,65.303,232
67.116,65.346,232
67.156,65.386,233
67.196,65.426,234
67.443,65.673,235
67.463,65.693,235
67.486,65.716,235
67.511,65.741,235
67.536,65.766,238
67.560,65.790,238
67.596,65.826,239
67.636,65.866,239
67.677,65.907,240
67.713,65.943,240
67.754,65.984,241
67.794,66.024,241
67.834,66.064,241
67.873,66.103,242
67.915,66.145,242
67.954,66.184,243
67.993,66.223,243
68.033,66.263,243
68.073,66.303,244
68.114,66.344,245
68.154,66.384,245
68.193,66.423,245
68.234,66.464,246
68.273,66.503,247
68.314,66.544,247
68.354,66.584,248
68.393,66.623,249
68.434,66.664,249
68.474,66.704,249
68.513,66.743,249
68.553,66.783,250
68.594,66.824,250
68.634,66.864,251
68.673,66.903,251
68.714,66.944,251
68.754,66.984,252
68.794,67.024,252
68.833,67.063,252
68.873,67.103,252
68.914,67.144,253
68.954,67.184,253
68.994,67.224,253
69.034,67.264,252
69.073,67.303,251
69.113,67.343,250
69.154,67.384,248
69.193,67.423,247
69.234,67.464,245
69.275,67.505,243
69.314,67.544,241
69.353,67.583,239
69.394,67.624,239
69.434,67.664,235
69.473,67.703,232
69.514,67.744,230
69.555,67.785,227
69.595,67.825,225
69.635,67.865,223
69.675,67.905,220
69.714,67.944,218
69.755,67.985,216
69.794,68.024,213
69.834,68.064,211
69.875,68.105,209
69.915,68.145,207
69.956,68.186,205
69.997,68.227,203
70.036,68.266,201
70.077,68.307,198
70.116,68.346,196
70.152,68.382,194
70.193,68.423,194
70.233,68.463,190
70.272,68.502,188
70.312,68.542,186
70.352,68.582,184
70.392,68.622,182
70.433,68.663,180
70.472,68.702,178
70.513,68.743,176
70.552,68.782,175
70.592,68.822,175
70.633,68.863,171
70.673,68.903,169
70.713,68.943,168
70.753,68.983,166
70.792,69.022,164
70.832,69.062,162
70.873,69.103,160
70.913,69.143,159
70.953,69.183,157
70.993,69.223,155
71.033,69.263,153
71.072,69.302,151
71.112,69.342,149
71.153,69.383,146
71.192,69.422,146
71.233,69.463,143
71.273,69.503,141
71.312,69.542,140
71.353,69.583,138
71.392,69.622,138
71.432,69.662,135
71.473,69.703,134
71.512,69.742,133
71.552,69.782,132
71.593,69.823,131
71.633,69.863,131
71.672,69.902,130
71.712,69.942,129
71.752,69.982,128
71.793,70.023,128
71.832,70.062,128
71.873,70.103,127
71.912,70.142,126
71.954,70.184,126
71.995,70.225,125
72.034,70.264,125
72.074,70.304,124
72.114,70.344,124
72.154,70.384,123
72.194,70.424,123
72.235,70.465,123
72.275,70.505,122
72.314,70.544,121
72.355,70.585,120
72.394,70.624,120
72.434,70.664,119
72.474,70.704,119
72.515,70.745,119
72.555,70.785,118
72.594,70.824,117
72.635,70.865,117
72.674,70.904,116
72.715,70.945,115
72.755,70.985,114
72.794,71.024,114
72.835,71.065,114
72.875,71.105,113
72.914,71.144,113
72.955,71.185,112
72.994,71.224,112
73.034,71.264,112
73.074,71.304,111
73.114,71.344,111
73.155,71.385,111
73.194,71.424,111
73.234,71.464,111
73.275,71.505,110
73.315,71.545,110
73.354,71.584,110
73.394,71.624,110
73.435,71.665,109
73.475,71.705,109
73.515,71.745,109
73.555,71.785,108
73.594,71.824,108
73.634,71.864,108
73.676,71.906,108
73.714,71.944,108
73.754,71.984,108
73.796,72.026,108
73.834,72.064,109
73.875,72.105,109
73.914,72.144,110
73.954,72.184,110
73.994,72.224,110
74.035,72.265,111
74.075,72.305,112
74.114,72.344,112
74.158,72.388,113
74.196,72.426,113
74.237,72.467,114
74.276,72.506,115
74.316,72.546,115
74.358,72.588,116
74.407,72.637,117
74.437,72.667,117
74.476,72.706,118
74.517,72.747,119
74.554,72.784,120
74.594,72.824,120
74.634,72.864,121
74.673,72.903,122
74.715,72.945,123
74.754,72.984,124
74.794,73.024,125
74.834,73.064,127
74.875,73.105,128
74.914,73.144,130
74.954,73.184,131
74.995,73.225,131
75.034,73.264,134
75.074,73.304,135
75.114,73.344,136
75.154,73.384,137
75.195,73.425,137
75.234,73.464,139
75.273,73.503,140
75.315,73.545,141
75.354,73.584,142
75.395,73.625,143
75.434,73.664,144
75.475,73.705,145
75.514,73.744,145
75.554,73.784,146
75.594,73.824,147
75.634,73.864,147
75.674,73.904,148
75.714,73.944,149
75.755,73.985,150
75.794,74.024,150
75.835,74.065,152
75.875,74.105,153
75.914,74.144,154
75.954,74.184,155
75.994,74.224,155
76.035,74.265,158
76.075,74.305,159
76.114,74.344,160
76.154,74.384,162
76.194,74.424,163
76.235,74.465,164
76.275,74.505,165
76.314,74.544,166
76.356,74.586,167
76.398,74.628,169
76.438,74.668,170
76.477,74.707,171
76.516,74.746,172
76.556,74.786,173
76.593,74.823,173
76.635,74.865,176
76.674,74.904,177
76.714,74.944,178
76.754,74.984,179
76.793,75.023,180
76.833,75.063,180
76.875,75.105,181
76.913,75.143,182
76.954,75.184,182
76.994,75.224,182
77.033,75.263,185
77.075,75.305,185
77.115,75.345,186
77.154,75.384,187
77.194,75.424,187
77.234,75.464,189
77.274,75.504,190
77.314,75.544,192
77.354,75.584,193
77.394,75.624,195
77.433,75.663,196
77.473,75.703,198
77.514,75.744,199
77.554,75.784,200
77.593,75.823,200
77.634,75.864,204
77.674,75.904,205
77.714,75.944,206
77.753,75.983,207
77.794,76.024,208
77.835,76.065,210
77.874,76.104,211
77.914,76.144,212
77.955,76.185,212
77.994,76.224,213
78.033,76.263,214
78.293,76.523,215
78.313,76.543,216
78.331,76.561,217
78.350,76.580,217
78.368,76.598,221
78.395,76.625,222
78.434,76.664,223
78.475,76.705,224
78.514,76.744,225
78.555,76.785,226
78.597,76.827,226
78.638,76.868,228
78.677,76.907,229
78.717,76.947,230
78.767,76.997,230
78.793,77.023,231
78.833,77.063,232
78.873,77.103,233
78.913,77.143,234
78.952,77.182,234
78.993,77.223,235
79.032,77.262,236
79.073,77.303,237
79.112,77.342,237
79.153,77.383,238
79.193,77.423,239
79.232,77.462,240
79.273,77.503,240
79.312,77.542,241
79.353,77.583,242
79.392,77.622,242
79.433,77.663,243
79.472,77.702,244
79.513,77.743,244
79.552,77.782,245
79.593,77.823,245
79.633,77.863,246
79.673,77.903,247
79.714,77.944,247
79.753,77.983,248
79.793,78.023,249
79.833,78.063,250
79.873,78.103,250
79.913,78.143,251
79.954,78.184,251
79.993,78.223,251
80.032,78.262,253
80.072,78.302,253
80.112,78.342,254
80.153,78.383,254
80.193,78.423,254
80.233,78.463,255
80.272,78.502,255
80.312,78.542,255
80.352,78.582,256
80.392,78.622,256
80.433,78.663,257
80.472,78.702,258
80.512,78.742,258
80.552,78.782,259
80.594,78.824,260
80.634,78.864,260
80.675,78.905,261
80.716,78.946,262
80.754,78.984,262
80.794,79.024,263
80.834,79.064,264
80.875,79.105,265
80.914,79.144,266
80.954,79.184,266
80.995,79.225,267
81.034,79.264,268
81.075,79.305,268
81.114,79.344,269
81.154,79.384,270
81.195,79.425,270
81.235,79.465,271
81.275,79.505,272
81.314,79.544,272
81.355,79.585,273
81.394,79.624,273
81.438,79.668,273
81.474,79.704,274
81.515,79.745,275
81.555,79.785,275
81.595,79.825,275
81.634,79.864,276
81.676,79.906,277
81.716,79.946,277
81.754,79.984,278
81.795,80.025,279
81.835,80.065,279
81.875,80.105,280
81.916,80.146,280
81.955,80.185,280
81.997,80.227,281
82.038,80.268,281
82.077,80.307,282
82.130,80.360,283
82.160,80.390,283
82.197,80.427,283
82.239,80.469,284
82.276,80.506,284
82.321,80.551,285
82.369,80.599,286
82.393,80.623,286
82.433,80.663,287
82.472,80.702,287
82.512,80.742,288
82.552,80.782,288
82.592,80.822,288
82.633,80.863,288
82.673,80.903,288
82.714,80.944,288
82.752,80.982,288
82.793,81.023,288
82.832,81.062,289
82.873,81.103,290
82.913,81.143,290
82.953,81.183,290
82.993,81.223,290
83.032,81.262,290
83.073,81.303,290
83.114,81.344,291
83.152,81.382,292
83.193,81.423,292
83.233,81.463,292
83.272,81.502,293
83.313,81.543,293
83.352,81.582,294
83.393,81.623,294
83.433,81.663,295
83.472,81.702,296
83.513,81.743,296
83.553,81.783,297
83.593,81.823,297
83.633,81.863,298
83.673,81.903,299
83.713,81.943,299
83.753,81.983,300
83.793,82.023,300
83.833,82.063,301
83.872,82.102,301
83.912,82.142,301
83.953,82.183,302
83.992,82.222,302
84.033,82.263,303
84.073,82.303,303
84.114,82.344,303
84.152,82.382,304
84.195,82.425,304
84.236,82.466,305
84.274,82.504,305
84.315,82.545,305
84.354,82.584,305
84.396,82.626,305
84.436,82.666,306
84.476,82.706,306
84.515,82.745,307
84.556,82.786,307
84.596,82.826,307
84.635,82.865,308
84.677,82.907,308
84.718,82.948,308
84.755,82.985,309
84.796,83.026,309
84.836,83.066,310
84.876,83.106,310
84.915,83.145,310
84.956,83.186,311
84.999,83.229,311
85.038,83.268,312
85.075,83.305,312
85.120,83.350,312
85.168,83.398,312
85.196,83.426,313
85.235,83.465,313
85.275,83.505,313
85.316,83.546,313
85.356,83.586,313
85.395,83.625,313
85.435,83.665,313
85.476,83.706,313
85.519,83.749,313
85.558,83.788,312
85.600,83.830,312
85.640,83.870,312
85.681,83.911,312
85.717,83.947,312
85.760,83.990,312
85.795,84.025,312
85.835,84.065,312
85.876,84.106,311
85.914,84.144,311
85.956,84.186,311
85.995,84.225,311
86.035,84.265,310
86.075,84.305,309
86.119,84.349,309
86.155,84.385,308
86.196,84.426,308
86.235,84.465,307
86.275,84.505,307
86.315,84.545,307
86.355,84.585,306
86.395,84.625,306
86.434,84.664,305
86.474,84.704,304
86.515,84.745,304
86.556,84.786,303
86.595,84.825,303
86.637,84.867,302
86.675,84.905,302
86.717,84.947,301
86.756,84.986,300
86.798,85.028,300
86.835,85.065,300
86.876,85.106,299
86.916,85.146,297
86.955,85.185,296
86.995,85.225,295
87.035,85.265,293
87.076,85.306,291
87.115,85.345,289
87.157,85.387,288
87.196,85.426,286
87.236,85.466,283
87.276,85.506,281
87.316,85.546,278
87.354,85.584,276
87.398,85.628,276
87.436,85.666,271
87.476,85.706,269
87.516,85.746,266
87.557,85.787,264
87.596,85.826,261
87.717,85.947,259
87.735,85.965,257
87.754,85.984,255
87.772,86.002,253
87.799,86.029,250
87.836,86.066,248
87.876,86.106,246
87.916,86.146,244
87.956,86.186,242
87.995,86.225,242
88.036,86.266,237
88.077,86.307,235
88.116,86.346,233
88.157,86.387,231
88.196,86.426,231
88.236,86.466,227
88.276,86.506,225
88.316,86.546,223
88.357,86.587,222
88.396,86.626,220
88.437,86.667,219
88.476,86.706,217
88.516,86.746,215
88.557,86.787,213
88.595,86.825,211
88.639,86.869,209
88.682,86.912,207
88.720,86.950,206
88.761,86.991,204
88.813,87.043,203
88.835,87.065,201
88.874,87.104,199
88.914,87.144,198
88.954,87.184,197
88.993,87.223,196
89.034,87.264,196
89.074,87.304,195
89.114,87.344,195
89.154,87.384,194
89.195,87.425,194
89.234,87.464,193
89.273,87.503,193
89.313,87.543,193
89.355,87.585,193
89.394,87.624,193
89.435,87.665,193
89.474,87.704,193
89.514,87.744,192
89.553,87.783,192
89.593,87.823,191
89.634,87.864,191
89.674,87.904,190
89.715,87.945,189
89.754,87.984,189
89.793,88.023,189
89.835,88.065,188
89.875,88.105,188
89.914,88.144,188
89.954,88.184,189
89.994,88.224,189
90.035,88.265,190
90.075,88.305,190
90.112,88.342,193
90.154,88.384,195
90.194,88.424,196
90.233,88.463,197
90.274,88.504,198
90.314,88.544,199
90.354,88.584,200
90.393,88.623,199
90.435,88.665,199
90.473,88.703,198
90.514,88.744,197
90.552,88.782,195
90.592,88.822,194
90.638,88.868,192
90.677,88.907,191
90.718,88.948,189
90.757,88.987,188
90.800,89.030,188
90.838,89.068,184
90.877,89.107,182
90.918,89.148,180
90.957,89.187,177
90.996,89.226,177
91.038,89.268,172
91.077,89.307,171
91.116,89.346,170
91.157,89.387,168
91.198,89.428,167
91.238,89.468,166
91.277,89.507,166
91.317,89.547,165
91.357,89.587,163
91.399,89.629,163
91.438,89.668,160
91.480,89.710,159
91.517,89.747,158
91.559,89.789,157
91.599,89.829,156
91.638,89.868,155
91.679,89.909,154
91.719,89.949,153
91.759,89.989,153
91.800,90.030,153
91.837,90.067,152
91.880,90.110,152
91.919,90.149,152
91.958,90.188,152
91.998,90.228,151
92.035,90.265,151
92.078,90.308,150
92.117,90.347,150
92.156,90.386,150
92.196,90.426,150
92.244,90.474,149
92.289,90.519,148
92.324,90.554,146
92.359,90.589,145
92.404,90.634,145
92.433,90.663,145
92.475,90.705,145
92.515,90.745,145
92.557,90.787,145
92.598,90.828,145
92.638,90.868,145
92.677,90.907,145
92.717,90.947,145
92.758,90.988,145
92.797,91.027,145
92.839,91.069,145
92.880,91.110,144
92.915,91.145,144
92.957,91.187,144
92.996,91.226,144
93.037,91.267,143
93.076,91.306,143
93.116,91.346,142
93.157,91.387,142
93.194,91.424,142
93.236,91.466,142
93.278,91.508,143
93.317,91.547,143
93.356,91.586,144
93.395,91.625,144
93.437,91.667,144
93.475,91.705,145
93.519,91.749,145
93.556,91.786,146
93.595,91.825,147
93.638,91.868,147
93.678,91.908,148
93.714,91.944,149
93.757,91.987,150
93.800,92.030,151
93.836,92.066,152
93.878,92.108,152
93.917,92.147,152
93.956,92.186,152
93.995,92.225,151
94.037,92.267,149
94.076,92.306,147
94.118,92.348,146
94.159,92.389,144
94.194,92.424,144
94.240,92.470,141
94.287,92.517,139
94.320,92.550,137
94.360,92.590,135
94.400,92.630,133
94.439,92.669,132
94.477,92.707,130
94.513,92.743,128
94.553,92.783,126
94.594,92.824,126
94.639,92.869,122
94.675,92.905,120
94.716,92.946,118
94.754,92.984,117
94.797,93.027,117
94.837,93.067,113
94.874,93.104,111
94.915,93.145,110
94.954,93.184,109
94.994,93.224,107
95.035,93.265,106
95.073,93.303,105
95.116,93.346,104
95.156,93.386,103
95.200,93.430,103
95.239,93.469,101
95.277,93.507,100
95.314,93.544,99
95.357,93.587,98
95.399,93.629,97
95.433,93.663,97
95.475,93.705,96
95.515,93.745,96
95.555,93.785,95
95.597,93.827,95
95.637,93.867,94
95.675,93.905,94
95.714,93.944,94
95.754,93.984,93
95.795,94.025,93
96.021,94.251,92
96.047,94.277,92
96.078,94.308,89
96.115,94.345,89
96.155,94.385,89
96.194,94.424,88
96.234,94.464,88
96.275,94.505,87
96.314,94.544,87
96.355,94.585,87
96.394,94.624,86
96.434,94.664,86
96.475,94.705,85
96.514,94.744,85
96.555,94.785,85
96.594,94.824,85
96.639,94.869,84
96.677,94.907,84
96.714,94.944,84
96.754,94.984,84
96.797,95.027,84
96.841,95.071,84
96.882,95.112,83
96.919,95.149,83
96.958,95.188,83
97.001,95.231,84
97.040,95.270,84
97.074,95.304,84
97.114,95.344,84
97.453,95.683,84
97.475,95.705,84
97.497,95.727,89
97.540,95.770,89
97.580,95.810,89
97.625,95.855,91
97.666,95.896,92
97.706,95.936,92
97.746,95.976,92
97.786,96.016,92
97.829,96.059,93
97.870,96.100,93
97.910,96.140,93
97.949,96.179,94
97.992,96.222,94
98.032,96.262,95
98.070,96.300,95
98.113,96.343,95
98.155,96.385,95
98.191,96.421,95
98.231,96.461,94
98.272,96.502,94
98.312,96.542,93
98.353,96.583,93
98.393,96.623,92
98.437,96.667,92
98.473,96.703,92
98.512,96.742,91
98.554,96.784,91
98.594,96.824,91
98.634,96.864,91
98.673,96.903,90
98.713,96.943,90
98.754,96.984,90
98.792,97.022,90
98.834,97.064,90
98.874,97.104,90
98.915,97.145,91
98.958,97.188,92
98.994,97.224,92
99.035,97.265,93
99.074,97.304,93
99.115,97.345,93
99.154,97.384,94
99.195,97.425,94
99.234,97.464,95
99.275,97.505,95
99.315,97.545,96
99.358,97.588,97
99.395,97.625,97
99.437,97.667,98
99.474,97.704,98
99.515,97.745,99
99.555,97.785,99
99.594,97.824,100
99.635,97.865,101
99.675,97.905,101
99.718,97.948,102
99.755,97.985,103
99.795,98.025,104
99.836,98.066,105
99.874,98.104,106
99.915,98.145,106
99.955,98.185,107
99.994,98.224,107
100.037,98.267,110
100.076,98.306,111
100.118,98.348,112
100.160,98.390,113
100.203,98.433,114
100.244,98.474,116
100.280,98.510,117
100.317,98.547,118
100.361,98.591,120
100.399,98.629,121
100.438,98.668,122
100.474,98.704,124
100.513,98.743,125
100.553,98.783,127
100.594,98.824,127
100.633,98.863,129
100.676,98.906,130
100.716,98.946,131
100.753,98.983,132
100.794,99.024,132
100.834,99.064,135
100.873,99.103,137
100.914,99.144,139
100.953,99.183,140
100.994,99.224,142
101.034,99.264,143
101.079,99.309,145
101.118,99.348,146
101.153,99.383,148
101.193,99.423,148
101.233,99.463,151
101.274,99.504,152
101.312,99.542,154
101.352,99.582,155
101.393,99.623,157
101.433,99.663,158
101.473,99.703,159
101.516,99.746,160
101.554,99.784,161
101.593,99.823,163
101.633,99.863,164
101.674,99.904,165
101.712,99.942,166
101.753,99.983,167
101.793,100.023,167
101.833,100.063,169
101.874,100.104,170
101.914,100.144,171
101.953,100.183,172
101.996,100.226,174
102.032,100.262,175
102.073,100.303,176
102.113,100.343,177
102.152,100.382,178
102.194,100.424,178
102.233,100.463,181
102.274,100.504,182
102.315,100.545,183
102.359,100.589,185
102.397,100.627,186
102.434,100.664,187
102.474,100.704,188
102.515,100.745,189
102.554,100.784,190
102.594,100.824,190
102.635,100.865,193
102.674,100.904,194
102.714,100.944,195
102.755,100.985,196
102.796,101.026,196
102.835,101.065,198
102.876,101.106,199
102.914,101.144,200
102.956,101.186,201
103.002,101.232,202
103.035,101.265,203
103.076,101.306,204
103.117,101.347,205
103.155,101.385,206
103.199,101.429,207
103.235,101.465,208
103.275,101.505,209
103.315,101.545,210
103.356,101.586,211
103.394,101.624,211
103.435,101.665,213
103.476,101.706,214
103.514,101.744,215
103.556,101.786,215
103.595,101.825,215
103.637,101.867,217
103.677,101.907,218
103.717,101.947,219
103.757,101.987,219
103.798,102.028,220
103.836,102.066,222
103.876,102.106,223
103.917,102.147,223
103.957,102.187,224
103.996,102.226,225
104.040,102.270,225
104.079,102.309,226
104.113,102.343,226
104.154,102.384,227
104.194,102.424,228
104.234,102.464,229
104.274,102.504,229
104.315,102.545,230
104.357,102.587,231
104.394,102.624,231
104.437,102.667,232
104.474,102.704,233
104.513,102.743,233
104.554,102.784,234
104.594,102.824,235
104.634,102.864,236
104.675,102.905,236
104.715,102.945,237
104.755,102.985,238
104.795,103.025,239
104.838,103.068,239
104.873,103.103,240
104.914,103.144,241
104.955,103.185,241
104.995,103.225,242
105.034,103.264,243
105.074,103.304,243
105.113,103.343,244
105.154,103.384,245
105.194,103.424,245
105.234,103.464,246
105.277,103.507,247
105.320,103.550,247
105.355,103.585,248
105.395,103.625,248
105.435,103.665,249
105.475,103.705,250
105.514,103.744,250
105.553,103.783,251
105.594,103.824,251
105.635,103.865,252
105.676,103.906,253
105.714,103.944,253
105.759,103.989,254
105.797,104.027,254
105.835,104.065,255
105.875,104.105,256
105.914,104.144,256
105.955,104.185,257
105.995,104.225,257
106.035,104.265,258
106.075,104.305,259
106.114,104.344,259
106.155,104.385,260
106.202,104.432,260
106.236,104.466,261
106.274,104.504,262
106.315,104.545,262
106.354,104.584,263
106.394,104.624,263
106.435,104.665,264
106.475,104.705,264
106.515,104.745,265
106.559,104.789,265
106.598,104.828,265
106.635,104.865,266
106.675,104.905,267
107.009,105.239,267
107.037,105.267,268
107.061,105.291,268
107.091,105.321,272
107.120,105.350,273
107.153,105.383,273
107.195,105.425,274
107.234,105.464,274
107.275,105.505,274
107.314,105.544,274
107.355,105.585,275
107.397,105.627,275
107.434,105.664,276
107.475,105.705,276
107.514,105.744,276
107.553,105.783,277
107.595,105.825,277
107.635,105.865,278
107.675,105.905,278
107.715,105.945,278
107.761,105.991,279
107.795,106.025,279
107.835,106.065,279
107.875,106.105,279
107.915,106.145,278
107.955,106.185,277
107.993,106.223,274
108.034,106.264,274
108.075,106.305,272
108.117,106.347,271
108.153,106.383,269
108.199,106.429,267
108.239,106.469,267
108.275,106.505,266
108.315,106.545,264
108.354,106.584,261
108.394,106.624,258
108.435,106.665,258
108.474,106.704,257
108.515,106.745,256
108.555,106.785,254
108.601,106.831,252
108.639,106.869,250
108.675,106.905,248
108.715,106.945,246
108.760,106.990,244
108.793,107.023,242
108.834,107.064,240
108.874,107.104,237
108.915,107.145,235
108.955,107.185,233
108.999,107.229,230
109.039,107.269,230
109.075,107.305,228
109.114,107.344,226
109.155,107.385,225
109.195,107.425,221
109.235,107.465,221
109.275,107.505,220
109.315,107.545,218
109.357,107.587,217
109.395,107.625,214
109.435,107.665,214
109.474,107.704,212
109.516,107.746,211
109.558,107.788,210
109.597,107.827,209
109.637,107.867,208
109.677,107.907,207
109.719,107.949,206
109.757,107.987,205
109.794,108.024,203
109.833,108.063,203
109.879,108.109,202
109.914,108.144,202
109.955,108.185,201
109.993,108.223,199
110.033,108.263,199
110.073,108.303,199
110.113,108.343,198
110.155,108.385,197
110.193,108.423,196
110.237,108.467,196
110.273,108.503,195
110.314,108.544,195
110.352,108.582,194
110.394,108.624,192
110.433,108.663,192
110.473,108.703,191
110.513,108.743,191
110.552,108.782,190
110.594,108.824,189
110.633,108.863,188
110.674,108.904,188
110.713,108.943,187
110.759,108.989,187
110.793,109.023,187
110.834,109.064,187
110.872,109.102,187
110.913,109.143,187
110.955,109.185,187
110.992,109.222,188
111.033,109.263,188
111.074,109.304,187
111.114,109.344,187
111.155,109.385,188
111.193,109.423,188
111.237,109.467,188
111.273,109.503,189
111.313,109.543,190
111.353,109.583,190
111.393,109.623,191
111.433,109.663,191
111.473,109.703,191
111.514,109.744,192
111.554,109.784,192
111.596,109.826,193
111.634,109.864,194
111.680,109.910,194
111.718,109.948,196
111.755,109.985,196
111.795,110.025,197
111.835,110.065,197
111.875,110.105,197
111.915,110.145,198
111.955,110.185,198
111.995,110.225,199
112.035,110.265,199
112.075,110.305,200
112.119,110.349,201
112.158,110.388,202
112.195,110.425,203
112.235,110.465,205
112.275,110.505,207
112.316,110.546,208
112.354,110.584,209
112.394,110.624,209
112.436,110.666,210
112.474,110.704,211
112.516,110.746,212
112.559,110.789,212
112.599,110.829,213
112.639,110.869,214
112.675,110.905,215
112.715,110.945,215
112.758,110.988,216
112.798,111.028,216
112.837,111.067,215
112.890,111.120,215
112.918,111.148,214
112.959,111.189,212
112.997,111.227,209
113.037,111.267,209
113.079,111.309,207
113.118,111.348,205
113.157,111.387,203
113.194,111.424,201
113.233,111.463,199
113.274,111.504,197
113.314,111.544,195
113.352,111.582,193
113.393,111.623,188
113.434,111.664,188
113.473,111.703,186
113.513,111.743,184
113.554,111.784,182
113.594,111.824,179
113.636,111.866,177
113.673,111.903,175
113.713,111.943,173
113.754,111.984,171
113.794,112.024,169
113.834,112.064,167
113.873,112.103,165
113.912,112.142,162
113.953,112.183,160
113.993,112.223,158
114.034,112.264,156
114.079,112.309,154
114.113,112.343,152
114.153,112.383,150
114.192,112.422,146
114.233,112.463,146
114.274,112.504,144
114.313,112.543,143
114.353,112.583,141
114.394,112.624,138
114.433,112.663,138
114.473,112.703,136
114.515,112.745,135
114.559,112.789,134
114.593,112.823,132
114.632,112.862,131
114.673,112.903,130
114.714,112.944,129
114.754,112.984,128
114.794,113.024,127
114.833,113.063,127
114.872,113.102,126
114.914,113.144,125
114.956,113.186,124
114.995,113.225,123
115.036,113.266,123
115.077,113.307,122
115.115,113.345,122
115.154,113.384,121
115.196,113.426,120
115.235,113.465,120
115.275,113.505,119
115.314,113.544,119
115.354,113.584,119
115.394,113.624,118
115.437,113.667,118
115.474,113.704,117
115.516,113.746,117
115.555,113.785,117
115.600,113.830,116
115.635,113.865,116
115.676,113.906,115
115.717,113.947,115
115.758,113.988,115
115.798,114.028,115
115.833,114.063,115
115.875,114.105,115
115.917,114.147,115
115.956,114.186,115
115.997,114.227,116
116.036,114.266,116
116.087,114.317,116
116.117,114.347,116
116.155,114.385,116
116.195,114.425,117
116.237,114.467,117
116.529,114.759,117
116.560,114.790,117
116.589,114.819,119
116.632,114.862,119
116.673,114.903,120
116.714,114.944,121
116.752,114.982,121
116.795,115.025,122
116.834,115.064,122
116.875,115.105,123
116.915,115.145,124
116.959,115.189,125
116.999,115.229,126
117.039,115.269,126
117.079,115.309,128
117.119,115.349,130
117.157,115.387,132
117.194,115.424,135
117.236,115.466,135
117.274,115.504,137
117.315,115.545,138
117.357,115.587,139
117.395,115.625,142
117.435,115.665,142
117.476,115.706,143
117.517,115.747,144
117.554,115.784,146
117.595,115.825,146
117.635,115.865,147
117.679,115.909,147
117.715,115.945,148
117.755,115.985,148
117.795,116.025,149
117.835,116.065,150
117.876,116.106,151
117.914,116.144,152
117.955,116.185,152
117.997,116.227,154
118.036,116.266,154
118.079,116.309,154
118.115,116.345,155
118.155,116.385,155
118.200,116.430,156
118.235,116.465,156
118.274,116.504,157
118.314,116.544,158
118.356,116.586,158
118.395,116.625,158
118.434,116.664,159
118.475,116.705,160
118.516,116.746,161
118.556,116.786,161
118.596,116.826,162
118.636,116.866,163
118.679,116.909,164
118.718,116.948,165
118.765,116.995,167
118.797,117.027,168
118.837,117.067,169
118.879,117.109,170
118.916,117.146,172
118.956,117.186,173
118.997,117.227,176
119.035,117.265,176
119.076,117.306,177
119.117,117.347,179
119.156,117.386,179
119.196,117.426,181
119.236,117.466,182
119.280,117.510,183
119.315,117.545,184
119.356,117.586,185
119.397,117.627,186
119.438,117.668,187
119.477,117.707,188
119.516,117.746,189
119.555,117.785,191
119.598,117.828,192
119.637,117.867,193
119.675,117.905,194
119.715,117.945,194
119.760,117.990,194
119.795,118.025,195
119.836,118.066,195
119.875,118.105,194
119.918,118.148,193
119.956,118.186,193
119.998,118.228,191
120.036,118.266,191
120.076,118.306,189
120.116,118.346,187
120.159,118.389,186
120.201,118.431,184
120.243,118.473,182
120.282,118.512,181
120.319,118.549,179
120.357,118.587,177
120.397,118.627,175
120.435,118.665,174
120.477,118.707,172
120.515,118.745,170
120.556,118.786,168
120.597,118.827,166
120.636,118.866,164
120.677,118.907,162
120.719,118.949,160
120.760,118.990,158
120.795,119.025,156
120.835,119.065,154
120.877,119.107,152
120.917,119.147,150
120.955,119.185,147
120.996,119.226,145
121.036,119.266,142
121.077,119.307,140
121.117,119.347,139
121.156,119.386,137
121.197,119.427,134
121.240,119.470,134
121.275,119.505,132
121.316,119.546,131
121.360,119.590,130
121.394,119.624,126
121.435,119.665,126
121.477,119.707,125
121.517,119.747,123
121.556,119.786,122
121.596,119.826,121
121.636,119.866,119
121.677,119.907,118
121.719,119.949,116
121.757,119.987,115
121.797,120.027,114
121.836,120.066,114
121.876,120.106,113
121.917,120.147,112
121.957,120.187,112
121.996,120.226,110
122.037,120.267,110
122.075,120.305,109
122.117,120.347,108
122.156,120.386,108
122.195,120.425,107
122.237,120.467,107
122.277,120.507,107
122.315,120.545,106
122.356,120.586,105
122.396,120.626,104
122.437,120.667,104
122.476,120.706,103
122.520,120.750,103
122.556,120.786,103
122.594,120.824,103
122.636,120.866,103
122.678,120.908,102
122.716,120.946,102
122.758,120.988,102
122.799,121.029,101
122.835,121.065,101
122.876,121.106,101
122.919,121.149,101
122.958,121.188,100
123.002,121.232,100
123.040,121.270,100
123.078,121.308,100
123.121,121.351,100
123.160,121.390,100
123.199,121.429,101
123.234,121.464,101
123.275,121.505,102
123.314,121.544,102
123.359,121.589,101
123.393,121.623,102
123.434,121.664,102
123.475,121.705,103
123.515,121.745,103
123.554,121.784,103
123.594,121.824,103
123.634,121.864,103
123.675,121.905,104
123.715,121.945,105
123.753,121.983,105
123.794,122.024,106
123.834,122.064,107
123.875,122.105,107
123.914,122.144,108
123.952,122.182,109
123.996,122.226,110
124.034,122.264,110
124.076,122.306,111
124.115,122.345,113
124.154,122.384,113
124.194,122.424,115
124.235,122.465,115
124.273,122.503,116
124.312,122.542,117
124.355,122.585,118
124.395,122.625,121
124.677,122.907,121
124.708,122.938,122
124.737,122.967,132
124.782,123.012,133
124.822,123.052,133
124.863,123.093,134
124.904,123.134,135
124.946,123.176,136
124.985,123.215,138
125.028,123.258,138
125.069,123.299,139
125.109,123.339,140
125.151,123.381,141
125.193,123.423,143
125.234,123.464,143
125.273,123.503,145
125.312,123.542,146
125.352,123.582,148
125.393,123.623,150
125.433,123.663,150
125.476,123.706,151
125.513,123.743,153
125.555,123.785,154
125.593,123.823,155
125.640,123.870,157
125.674,123.904,158
125.713,123.943,159
125.755,123.985,160
125.970,124.200,163
126.014,124.244,163
126.038,124.268,164
126.073,124.303,171
126.114,124.344,173
126.153,124.383,174
126.193,124.423,177
126.233,124.463,177
126.273,124.503,178
126.316,124.546,180
126.353,124.583,181
126.393,124.623,184
126.434,124.664,184
126.477,124.707,185
126.516,124.746,186
126.559,124.789,188
126.600,124.830,189
126.637,124.867,190
126.680,124.910,191
126.723,124.953,192
126.763,124.993,194
126.801,125.031,195
126.836,125.066,195
126.876,125.106,196
126.916,125.146,197
126.958,125.188,198
127.007,125.237,199
127.040,125.270,200
127.077,125.307,201
127.119,125.349,201
127.155,125.385,201
127.197,125.427,200
127.244,125.474,200
127.282,125.512,200
127.319,125.549,199
127.364,125.594,198
127.401,125.631,196
127.440,125.670,196
127.480,125.710,195
127.521,125.751,193
127.559,125.789,192
127.602,125.832,190
127.633,125.863,189
127.674,125.904,188
127.713,125.943,187
127.753,125.983,186
127.793,126.023,185
127.833,126.063,185
127.875,126.105,184
127.916,126.146,184
127.953,126.183,183
127.995,126.225,182
128.036,126.266,182
128.073,126.303,181
128.113,126.343,181
128.153,126.383,180
128.194,126.424,179
128.232,126.462,179
128.273,126.503,179
128.313,126.543,179
128.354,126.584,179
128.393,126.623,178
128.434,126.664,178
128.474,126.704,178
128.513,126.743,178
128.553,126.783,178
128.594,126.824,178
128.634,126.864,178
128.672,126.902,178
128.713,126.943,178
128.754,126.984,178
128.792,127.022,177
128.833,127.063,177
128.874,127.104,177
128.914,127.144,177
128.957,127.187,176
128.994,127.224,176
129.034,127.264,176
129.073,127.303,176
129.114,127.344,176
129.154,127.384,176
129.194,127.424,175
129.235,127.465,175
129.272,127.502,175
129.313,127.543,175
129.353,127.583,175
129.393,127.623,175
129.435,127.665,175
129.479,127.709,175
129.516,127.746,174
129.554,127.784,174
129.595,127.825,174
129.636,127.866,174
129.675,127.905,173
129.716,127.946,173
129.755,127.985,174
129.795,128.025,175
129.837,128.067,175
129.877,128.107,176
129.919,128.149,177
129.955,128.185,178
129.994,128.224,180
130.035,128.265,180
130.075,128.305,182
130.116,128.346,183
130.155,128.385,185
130.195,128.425,188
130.235,128.465,188
130.274,128.504,190
130.314,128.544,192
130.354,128.584,193
130.395,128.625,197
130.436,128.666,197
130.475,128.705,198
130.514,128.744,200
130.555,128.785,201
130.599,128.829,202
130.635,128.865,204
130.675,128.905,205
130.718,128.948,206
130.757,128.987,207
130.799,129.029,210
130.841,129.071,210
130.881,129.111,211
130.927,129.157,212
130.960,129.190,212
131.000,129.230,212
131.036,129.266,212
131.076,129.306,212
131.122,129.352,212
131.161,129.391,211
131.203,129.433,210
131.235,129.465,210
131.275,129.505,209
131.314,129.544,209
131.355,129.585,207
131.395,129.625,206
131.434,129.664,206
131.474,129.704,204
131.515,129.745,203
131.555,129.785,202
131.594,129.824,200
131.634,129.864,198
131.675,129.905,197
131.715,129.945,195
131.756,129.986,194
131.793,130.023,191
131.835,130.065,191
131.873,130.103,190
131.914,130.144,189
131.955,130.185,187
131.995,130.225,185
132.033,130.263,185
132.079,130.309,184
132.113,130.343,183
132.155,130.385,181
132.194,130.424,179
132.235,130.465,179
132.275,130.505,177
132.315,130.545,176
132.354,130.584,175
132.395,130.625,173
132.434,130.664,173
132.474,130.704,172
132.515,130.745,172
132.555,130.785,171
132.598,130.828,170
132.634,130.864,169
132.675,130.905,169
132.715,130.945,168
132.755,130.985,167
132.794,131.024,167
132.834,131.064,166
132.873,131.103,166
132.914,131.144,166
132.955,131.185,165
132.994,131.224,165
133.036,131.266,165
133.075,131.305,164
133.114,131.344,164
133.156,131.386,163
133.194,131.424,162
133.235,131.465,162
133.274,131.504,162
133.314,131.544,161
133.355,131.585,161
133.394,131.624,161
133.435,131.665,161
133.474,131.704,161
133.518,131.748,160
133.558,131.788,160
133.595,131.825,159
133.633,131.863,159
133.675,131.905,159
133.715,131.945,159
133.756,131.986,159
133.795,132.025,159
133.834,132.064,159
133.875,132.105,159
133.914,132.144,159
133.956,132.186,159
133.995,132.225,158
134.035,132.265,158
134.074,132.304,158
134.115,132.345,158
134.159,132.389,159
134.194,132.424,159
134.234,132.464,159
134.275,132.505,159
134.316,132.546,159
134.355,132.585,160
134.395,132.625,160
134.435,132.665,160
134.475,132.705,160
134.515,132.745,161
134.554,132.784,161
134.595,132.825,161
134.635,132.865,161
134.675,132.905,162
134.715,132.945,162
134.754,132.984,162
134.795,133.025,162
134.836,133.066,163
134.876,133.106,163
134.914,133.144,163
134.955,133.185,163
134.995,133.225,163
135.035,133.265,163
135.075,133.305,163
135.115,133.345,163
135.160,133.390,163
135.195,133.425,163
135.233,133.463,163
135.276,133.506,163
135.315,133.545,163
135.353,133.583,162
135.395,133.625,163
135.501,133.731,163
135.525,133.755,163
135.559,133.789,163
135.586,133.816,164
135.625,133.855,166
135.668,133.898,166
135.710,133.940,168
135.749,133.979,169
135.792,134.022,171
135.831,134.061,171
135.872,134.102,172
135.913,134.143,173
135.955,134.185,173
135.995,134.225,174
136.032,134.262,174
136.075,134.305,175
136.117,134.347,176
136.155,134.385,177
136.196,134.426,178
136.236,134.466,178
136.272,134.502,179
136.312,134.542,180
136.353,134.583,180
136.391,134.621,182
136.432,134.662,184
136.473,134.703,185
136.512,134.742,186
136.552,134.782,188
136.592,134.822,189
136.632,134.862,191
136.673,134.903,192
136.712,134.942,194
136.752,134.982,195
136.793,135.023,196
136.834,135.064,196
136.872,135.102,197
136.914,135.144,198
136.952,135.182,199
136.993,135.223,200
137.033,135.263,201
137.073,135.303,202
137.112,135.342,203
137.152,135.382,204
137.193,135.423,206
137.233,135.463,206
137.273,135.503,206
137.314,135.544,207
137.353,135.583,208
137.394,135.624,210
137.433,135.663,210
137.481,135.711,210
137.515,135.745,211
137.552,135.782,212
137.593,135.823,212
137.632,135.862,213
137.674,135.904,214
137.713,135.943,214
137.753,135.983,215
137.794,136.024,217
137.832,136.062,217
137.874,136.104,218
137.913,136.143,219
137.957,136.187,220
137.999,136.229,222
138.033,136.263,222
138.074,136.304,222
138.114,136.344,223
138.154,136.384,224
138.195,136.425,225
138.234,136.464,226
138.275,136.505,226
138.315,136.545,227
138.355,136.585,227
138.395,136.625,225
138.436,136.666,225
138.475,136.705,224
138.513,136.743,222
138.554,136.784,221
138.596,136.826,217
138.634,136.864,217
138.674,136.904,215
138.716,136.946,213
138.756,136.986,211
138.794,137.024,207
138.840,137.070,207
138.875,137.105,205
138.916,137.146,202
138.956,137.186,200
138.996,137.226,195
139.036,137.266,195
139.078,137.308,193
139.114,137.344,191
139.155,137.385,189
139.195,137.425,185
139.237,137.467,185
139.274,137.504,182
139.315,137.545,180
139.355,137.585,178
139.396,137.626,174
139.435,137.665,174
139.475,137.705,172
139.515,137.745,170
139.555,137.785,168
139.595,137.825,166
139.634,137.864,164
139.676,137.906,162
139.716,137.946,161
139.755,137.985,159
139.795,138.025,157
139.837,138.067,157
139.881,138.111,155
139.917,138.147,154
139.957,138.187,153
139.999,138.229,151
140.039,138.269,151
140.076,138.306,150
140.114,138.344,149
140.153,138.383,148
140.193,138.423,146
140.234,138.464,146
140.278,138.508,145
140.313,138.543,144
140.353,138.583,144
140.393,138.623,143
140.433,138.663,143
140.473,138.703,142
140.513,138.743,142
140.554,138.784,142
140.592,138.822,141
140.634,138.864,140
140.673,138.903,140
140.716,138.946,139
140.757,138.987,139
140.793,139.023,139
140.833,139.063,138
140.873,139.103,137
140.913,139.143,136
140.954,139.184,135
140.993,139.223,132
141.033,139.263,132
141.074,139.304,131
141.114,139.344,129
141.155,139.385,127
141.193,139.423,124
141.239,139.469,124
141.273,139.503,122
141.313,139.543,121
141.352,139.582,119
141.393,139.623,116
141.434,139.664,116
141.472,139.702,115
141.513,139.743,113
141.553,139.783,111
141.594,139.824,110
141.633,139.863,108
141.674,139.904,107
141.719,139.949,105
141.754,139.984,104
141.794,140.024,102
141.833,140.063,102
141.873,140.103,101
141.916,140.146,100
141.956,140.186,99
141.995,140.225,96
142.035,140.265,96
142.074,140.304,96
142.114,140.344,95
142.155,140.385,94
142.194,140.424,92
142.240,140.470,92
142.275,140.505,91
142.315,140.545,91
142.355,140.585,90
142.395,140.625,89
142.436,140.666,89
142.474,140.704,88
142.514,140.744,87
142.554,140.784,86
142.595,140.825,86
142.636,140.866,85
142.679,140.909,84
142.719,140.949,83
142.756,140.986,82
142.795,141.025,79
142.836,141.066,79
142.874,141.104,78
142.916,141.146,77
142.955,141.185,77
142.994,141.224,76
143.036,141.266,76
143.078,141.308,76
143.115,141.345,76
143.155,141.385,76
143.200,141.430,75
143.235,141.465,75
143.274,141.504,75
143.315,141.545,75
143.355,141.585,75
143.397,141.627,75
143.435,141.665,75
143.474,141.704,75
143.519,141.749,76
143.557,141.787,76
143.598,141.828,76
143.639,141.869,76
143.678,141.908,76
143.714,141.944,76
143.755,141.985,77
143.795,142.025,76
143.836,142.066,76
143.876,142.106,76
143.915,142.145,76
143.955,142.185,77
143.995,142.225,77
144.035,142.265,77
144.075,142.305,77
144.114,142.344,78
144.158,142.388,78
144.195,142.425,79
144.240,142.470,79
144.275,142.505,79
144.315,142.545,80
144.355,142.585,81
144.395,142.625,81
144.436,142.666,81
144.474,142.704,82
144.516,142.746,83
144.555,142.785,84
144.596,142.826,85
144.635,142.865,86
144.680,142.910,87
144.715,142.945,87
144.755,142.985,88
144.794,143.024,90
144.835,143.065,90
144.876,143.106,91
145.200,143.430,92
145.227,143.457,93
145.250,143.480,102
145.275,143.505,103
145.315,143.545,104
145.355,143.585,105
145.395,143.625,108
145.435,143.665,108
145.474,143.704,109
145.520,143.750,110
145.557,143.787,112
145.598,143.828,113
145.639,143.869,114
145.679,143.909,115
145.716,143.946,115
145.757,143.987,116
145.795,144.025,116
145.836,144.066,117
145.875,144.105,118
145.914,144.144,119
145.954,144.184,120
145.994,144.224,122
146.034,144.264,122
146.078,144.308,123
146.115,144.345,125
146.154,144.384,126
146.194,144.424,129
146.235,144.465,129
146.276,144.506,130
146.316,144.546,132
146.355,144.585,133
146.393,144.623,136
146.436,144.666,136
146.475,144.705,137
146.514,144.744,138
146.556,144.786,139
146.595,144.825,141
146.637,144.867,142
146.675,144.905,143
146.716,144.946,145
146.755,144.985,146
146.795,145.025,146
146.835,145.065,148
146.876,145.106,149
146.915,145.145,150
146.954,145.184,151
146.996,145.226,152
147.037,145.267,152
147.075,145.305,153
147.116,145.346,154
147.155,145.385,155
147.196,145.426,158
147.235,145.465,158
147.276,145.506,159
147.319,145.549,160
147.358,145.588,162
147.394,145.624,164
147.438,145.668,164
147.475,145.705,165
147.516,145.746,166
147.555,145.785,167
147.595,145.825,168
147.636,145.866,169
147.675,145.905,170
147.721,145.951,171
147.755,145.985,172
147.801,146.031,175
147.836,146.066,175
147.875,146.105,176
147.915,146.145,176
147.958,146.188,177
147.998,146.228,178
148.038,146.268,178
148.077,146.307,179
148.133,146.363,180
148.157,146.387,181
148.195,146.425,183
148.235,146.465,183
148.279,146.509,184
148.319,146.549,185
148.355,146.585,185
148.394,146.624,188
148.438,146.668,188
148.475,146.705,189
148.516,146.746,189
148.553,146.783,191
148.593,146.823,192
148.635,146.865,193
148.676,146.906,195
148.714,146.944,196
148.755,146.985,197
148.795,147.025,199
148.839,147.069,199
148.875,147.105,201
148.913,147.143,202
148.953,147.183,203
148.995,147.225,205
149.035,147.265,205
149.075,147.305,206
149.114,147.344,207
149.155,147.385,208
149.194,147.424,210
149.238,147.468,210
149.274,147.504,211
149.315,147.545,212
149.356,147.586,213
149.398,147.628,215
149.436,147.666,215
149.479,147.709,216
149.515,147.745,217
149.557,147.787,218
149.595,147.825,218
149.636,147.866,219
149.675,147.905,220
149.714,147.944,221
149.756,147.986,221
149.799,148.029,223
149.836,148.066,223
149.874,148.104,224
149.919,148.149,225
149.955,148.185,225
149.995,148.225,227
150.035,148.265,227
150.076,148.306,227
150.120,148.350,228
150.155,148.385,229
150.194,148.424,230
150.236,148.466,230
150.275,148.505,231
150.316,148.546,231
150.355,148.585,231
150.400,148.630,232
150.434,148.664,232
150.475,148.705,233
150.515,148.745,233
150.556,148.786,234
150.595,148.825,235
150.635,148.865,235
150.675,148.905,236
150.714,148.944,237
150.755,148.985,237
150.800,149.030,238
150.840,149.070,238
150.876,149.106,239
150.916,149.146,239
150.956,149.186,240
150.995,149.225,242
151.035,149.265,242
151.074,149.304,242
151.117,149.347,243
151.159,149.389,242
151.203,149.433,242
151.252,149.482,242
151.282,149.512,240
151.318,149.548,239
151.355,149.585,238
151.393,149.623,235
151.433,149.663,235
151.473,149.703,233
151.514,149.744,232
151.555,149.785,231
151.595,149.825,229
151.635,149.865,228
151.674,149.904,225
151.714,149.944,223
151.754,149.984,221
151.794,150.024,217
151.834,150.064,217
151.875,150.105,214
151.913,150.143,211
151.954,150.184,209
151.994,150.224,203
152.034,150.264,203
152.074,150.304,201
152.114,150.344,198
152.154,150.384,196
152.195,150.425,191
152.235,150.465,191
152.277,150.507,189
152.319,150.549,187
152.354,150.584,184
152.394,150.624,178
152.434,150.664,178
152.475,150.705,176
152.513,150.743,174
152.554,150.784,172
152.595,150.825,170
152.633,150.863,168
152.673,150.903,165
152.719,150.949,163
152.756,150.986,160
152.794,151.024,157
152.834,151.064,157
152.874,151.104,155
152.916,151.146,153
152.953,151.183,151
152.994,151.224,147
153.034,151.264,147
153.076,151.306,145
153.115,151.345,143
153.160,151.390,141
153.466,151.696,139
153.495,151.725,137
153.525,151.755,136
153.558,151.788,128
153.596,151.826,127
153.635,151.865,126
153.675,151.905,126
153.717,151.947,125
153.757,151.987,125
153.796,152.026,123
153.835,152.065,123
153.877,152.107,123
153.917,152.147,123
153.960,152.190,122
153.997,152.227,121
154.040,152.270,121
154.077,152.307,121
154.117,152.347,121
154.156,152.386,120
154.196,152.426,120
154.238,152.468,120
154.280,152.510,120
154.316,152.546,120
154.360,152.590,120
154.401,152.631,120
154.441,152.671,120
154.787,153.017,120
154.815,153.045,120
154.845,153.075,120
154.880,153.110,120
154.921,153.151,121
154.969,153.199,121
155.000,153.230,122
155.035,153.265,123
155.074,153.304,123
155.114,153.344,124
155.153,153.383,125
155.195,153.425,127
155.234,153.464,127
155.274,153.504,127
155.313,153.543,128
155.353,153.583,129
155.394,153.624,130
155.439,153.669,131
155.474,153.704,131
155.515,153.745,132
155.554,153.784,132
155.595,153.825,133
155.636,153.866,134
155.673,153.903,135
155.714,153.944,135
155.755,153.985,135
155.795,154.025,136
155.836,154.066,136
155.873,154.103,137
155.915,154.145,137
155.960,154.190,138
155.996,154.226,139
156.034,154.264,139
156.074,154.304,140
156.115,154.345,140
156.154,154.384,141
156.192,154.422,142
156.232,154.462,142
156.274,154.504,143
156.316,154.546,144
156.358,154.588,145
156.396,154.626,145
156.439,154.669,146
156.474,154.704,147
156.515,154.745,147
156.553,154.783,148
156.595,154.825,149
156.634,154.864,150
156.674,154.904,151
156.713,154.943,151
156.760,154.990,152
156.799,155.029,154
156.836,155.066,154
156.879,155.109,155
156.919,155.149,155
156.957,155.187,156
156.999,155.229,158
157.037,155.267,158
157.079,155.309,159
157.115,155.345,161
157.158,155.388,162
157.197,155.427,164
157.237,155.467,164
157.277,155.507,165
157.317,155.547,166
157.359,155.589,166
157.398,155.628,168
157.440,155.670,168
157.477,155.707,169
157.518,155.748,169
157.555,155.785,170
157.598,155.828,171
157.638,155.868,171
157.676,155.906,171
157.717,155.947,171
157.757,155.987,171
157.798,156.028,169
157.837,156.067,169
157.877,156.107,168
157.917,156.147,167
157.958,156.188,166
158.003,156.233,165
158.053,156.283,165
158.083,156.313,163
158.124,156.354,162
158.162,156.392,160
158.196,156.426,155
158.237,156.467,155
158.277,156.507,151
158.317,156.547,149
158.355,156.585,146
158.396,156.626,142
158.439,156.669,142
158.478,156.708,140
158.516,156.746,139
158.557,156.787,137
158.599,156.829,136
158.636,156.866,134
158.677,156.907,133
158.718,156.948,132
158.757,156.987,130
158.797,157.027,127
158.837,157.067,127
158.879,157.109,126
158.916,157.146,126
158.955,157.185,125
158.996,157.226,123
159.036,157.266,123
159.074,157.304,122
159.113,157.343,122
159.157,157.387,121
159.195,157.425,120
159.237,157.467,120
159.275,157.505,119
159.315,157.545,119
159.357,157.587,119
159.396,157.626,118
159.439,157.669,118
159.477,157.707,118
159.517,157.747,118
159.557,157.787,118
159.597,157.827,118
159.642,157.872,118
159.675,157.905,117
159.714,157.944,117
159.757,157.987,117
159.797,158.027,117
159.834,158.064,117
159.876,158.106,117
159.920,158.150,117
159.957,158.187,117
159.995,158.225,117
160.035,158.265,117
160.077,158.307,116
160.116,158.346,117
160.154,158.384,117
160.194,158.424,117
160.233,158.463,117
160.277,158.507,117
160.316,158.546,117
160.354,158.584,118
160.396,158.626,119
160.437,158.667,119
160.479,158.709,119
160.514,158.744,120
160.557,158.787,121
160.594,158.824,122
160.635,158.865,123
160.677,158.907,124
160.715,158.945,125
160.755,158.985,126
160.800,159.030,128
160.843,159.073,128
160.881,159.111,129
160.928,159.158,130
160.961,159.191,131
160.994,159.224,133
161.033,159.263,133
161.075,159.305,134
161.115,159.345,135
161.156,159.386,136
161.194,159.424,138
161.233,159.463,138
161.274,159.504,140
161.316,159.546,141
161.354,159.584,142
161.395,159.625,144
161.434,159.664,144
161.478,159.708,146
161.516,159.746,147
161.555,159.785,148
161.594,159.824,149
161.634,159.864,151
161.674,159.904,152
161.716,159.946,153
161.756,159.986,154
161.803,160.033,157
161.834,160.064,157
161.875,160.105,158
161.915,160.145,159
161.955,160.185,160
161.994,160.224,162
162.036,160.266,162
162.075,160.305,163
162.114,160.344,164
162.155,160.385,165
162.195,160.425,168
162.233,160.463,168
162.277,160.507,169
162.315,160.545,170
162.355,160.585,171
162.395,160.625,173
162.437,160.667,173
162.475,160.705,174
162.515,160.745,176
162.554,160.784,177
162.595,160.825,178
162.635,160.865,178
162.675,160.905,179
162.713,160.943,180
162.755,160.985,181
162.794,161.024,183
162.835,161.065,183
162.875,161.105,184
162.915,161.145,186
162.957,161.187,187
162.995,161.225,188
163.034,161.264,188
163.075,161.305,189
163.114,161.344,190
163.154,161.384,192
163.195,161.425,193
163.236,161.466,193
163.280,161.510,194
163.330,161.560,195
163.365,161.595,196
163.399,161.629,198
163.434,161.664,198
163.474,161.704,199
163.514,161.744,200
163.553,161.783,201
163.595,161.825,202
163.634,161.864,203
163.678,161.908,203
163.713,161.943,205
163.754,161.984,205
163.794,162.024,207
163.834,162.064,207
163.874,162.104,208
163.914,162.144,208
163.953,162.183,209
163.994,162.224,211
164.035,162.265,211
164.224,162.454,212
164.251,162.481,213
164.275,162.505,213
164.296,162.526,217
164.337,162.567,218
164.381,162.611,220
164.422,162.652,220
164.463,162.693,220
164.508,162.738,221
164.547,162.777,222
164.587,162.817,222
164.629,162.859,223
164.669,162.899,224
164.710,162.940,225
164.752,162.982,225
164.790,163.020,227
164.833,163.063,227
164.872,163.102,228
164.913,163.143,229
164.953,163.183,230
164.994,163.224,232
165.033,163.263,232
165.073,163.303,233
165.113,163.343,234
165.154,163.384,234
165.197,163.427,236
165.234,163.464,236
165.273,163.503,236
165.314,163.544,237
165.355,163.585,237
165.394,163.624,239
165.435,163.665,239
165.475,163.705,239
165.515,163.745,240
165.555,163.785,241
165.598,163.828,241
165.637,163.867,241
165.673,163.903,242
165.715,163.945,243
165.755,163.985,243
165.795,164.025,244
165.834,164.064,244
165.875,164.105,244
165.915,164.145,244
165.954,164.184,245
165.995,164.225,246
166.039,164.269,246
166.079,164.309,247
166.126,164.356,248
166.159,164.389,249
166.200,164.430,250
166.234,164.464,250
166.272,164.502,250
166.313,164.543,250
166.354,164.584,251
166.394,164.624,252
166.439,164.669,252
166.479,164.709,252
166.514,164.744,253
166.553,164.783,254
166.594,164.824,254
166.633,164.863,255
166.673,164.903,255
166.713,164.943,256
166.753,164.983,256
166.793,165.023,257
166.833,165.063,257
166.876,165.106,257
166.914,165.144,257
166.954,165.184,258
166.994,165.224,259
167.032,165.262,259
167.075,165.305,259
167.113,165.343,260
167.153,165.383,260
167.193,165.423,261
167.233,165.463,261
167.273,165.503,262
167.314,165.544,263
167.353,165.583,263
167.398,165.628,264
167.433,165.663,264
167.473,165.703,264
167.513,165.743,265
167.554,165.784,266
167.595,165.825,266
167.632,165.862,266
167.672,165.902,267
167.714,165.944,267
167.755,165.985,267
167.799,166.029,267
167.833,166.063,267
167.876,166.106,267
167.914,166.144,268
167.953,166.183,268
167.993,166.223,268
168.037,166.267,268
168.074,166.304,268
168.114,166.344,269
168.154,166.384,269
168.196,166.426,269
168.236,166.466,269
168.279,166.509,269
168.316,166.546,269
168.355,166.585,269
168.394,166.624,269
168.435,166.665,269
168.476,166.706,269
168.515,166.745,269
168.555,166.785,269
168.594,166.824,269
168.636,166.866,269
168.678,166.908,269
168.715,166.945,268
168.755,166.985,268
168.794,167.024,268
168.835,167.065,268
168.876,167.106,268
168.915,167.145,268
168.955,167.185,267
168.994,167.224,267
169.035,167.265,267
169.075,167.305,267
169.115,167.345,266
169.157,167.387,265
169.197,167.427,267
169.236,167.466,267
169.274,167.504,267
169.314,167.544,266
169.355,167.585,265
169.394,167.624,265
169.435,167.665,265
169.478,167.708,265
169.524,167.754,264
169.556,167.786,263
169.597,167.827,263
169.638,167.868,262
169.677,167.907,261
169.719,167.949,259
169.758,167.988,258
169.800,168.030,257
169.837,168.067,257
169.873,168.103,257
169.914,168.144,257
169.954,168.184,256
169.993,168.223,253
170.034,168.264,253
170.073,168.303,252
170.122,168.352,251
170.154,168.384,249
170.193,168.423,246
170.233,168.463,246
170.273,168.503,244
170.313,168.543,241
170.354,168.584,239
170.392,168.622,235
170.432,168.662,235
170.473,168.703,233
170.513,168.743,231
170.553,168.783,229
170.595,168.825,227
170.633,168.863,226
170.673,168.903,224
170.714,168.944,222
170.753,168.983,220
170.793,169.023,216
170.832,169.062,216
170.872,169.102,214
170.914,169.144,212
170.953,169.183,210
170.994,169.224,205
171.037,169.267,205
171.077,169.307,203
171.114,169.344,201
171.153,169.383,199
171.193,169.423,194
171.234,169.464,194
171.274,169.504,192
171.312,169.542,191
171.352,169.582,189
171.393,169.623,185
171.433,169.663,185
171.474,169.704,183
171.517,169.747,181
171.552,169.782,179
171.593,169.823,178
171.633,169.863,176
171.675,169.905,174
171.715,169.945,172
171.756,169.986,170
171.794,170.024,166
171.835,170.065,166
171.876,170.106,164
171.916,170.146,161
171.955,170.185,160
171.996,170.226,156
172.037,170.267,156
172.077,170.307,154
172.115,170.345,152
172.155,170.385,151
172.195,170.425,147
172.239,170.469,147
172.275,170.505,145
172.316,170.546,144
172.355,170.585,143
172.395,170.625,140
172.436,170.666,140
172.479,170.709,139
172.515,170.745,138
172.556,170.786,136
172.602,170.832,135
172.637,170.867,134
172.675,170.905,133
172.716,170.946,132
172.757,170.987,131
172.797,171.027,129
172.834,171.064,129
172.874,171.104,127
172.915,171.145,126
172.955,171.185,125
172.998,171.228,123
173.036,171.266,123
173.078,171.308,122
173.118,171.348,121
173.158,171.388,120
173.197,171.427,118
173.236,171.466,118
173.275,171.505,117
173.316,171.546,116
173.355,171.585,116
173.395,171.625,114
173.434,171.664,114
173.475,171.705,114
173.515,171.745,113
173.561,171.791,112
173.819,172.049,111
173.840,172.070,111
173.861,172.091,111
173.887,172.117,111
173.926,172.156,110
173.967,172.197,110
174.007,172.237,110
174.035,172.265,110
174.078,172.308,110
174.117,172.347,110
174.155,172.385,110
174.195,172.425,110
174.236,172.466,110
174.276,172.506,110
174.315,172.545,110
174.354,172.584,110
174.395,172.625,110
174.435,172.665,110
174.474,172.704,110
174.519,172.749,111
174.557,172.787,111
174.595,172.825,111
174.635,172.865,112
174.674,172.904,113
174.715,172.945,113
174.755,172.985,114
174.794,173.024,114
174.835,173.065,114
174.875,173.105,114
174.917,173.147,114
174.955,173.185,114
174.996,173.226,115
175.035,173.265,115
175.089,173.319,115
175.120,173.350,115
175.159,173.389,115
175.198,173.428,116
175.237,173.467,116
175.273,173.503,116
175.313,173.543,118
175.353,173.583,118
175.395,173.625,119
175.433,173.663,119
175.473,173.703,119
175.514,173.744,120
175.555,173.785,120
175.594,173.824,121
175.633,173.863,121
175.673,173.903,122
175.713,173.943,122
175.752,173.982,123
175.793,174.023,124
175.834,174.064,124
175.873,174.103,124
175.917,174.147,125
175.955,174.185,126
175.993,174.223,128
176.034,174.264,128
176.073,174.303,130
176.114,174.344,132
176.153,174.383,133
176.194,174.424,136
176.233,174.463,136
176.272,174.502,137
176.312,174.542,138
176.354,174.584,139
176.393,174.623,140
176.432,174.662,140
176.473,174.703,141
176.512,174.742,142
176.554,174.784,143
176.593,174.823,143
176.632,174.862,143
176.672,174.902,144
176.719,174.949,145
176.753,174.983,145
176.793,175.023,147
176.834,175.064,147
176.873,175.103,148
176.913,175.143,150
176.954,175.184,151
176.993,175.223,151
177.034,175.264,151
177.075,175.305,152
177.115,175.345,153
177.158,175.388,154
177.198,175.428,156
177.237,175.467,156
177.276,175.506,156
177.315,175.545,158
177.360,175.590,160
177.394,175.624,164
177.436,175.666,164
177.475,175.705,165
177.517,175.747,166
177.556,175.786,167
177.599,175.829,168
177.635,175.865,169
177.675,175.905,171
177.715,175.945,173
177.755,175.985,174
177.794,176.024,175
177.835,176.065,175
177.874,176.104,176
177.915,176.145,176
177.956,176.186,177
177.996,176.226,179
178.037,176.267,179
178.079,176.309,178
178.120,176.350,179
178.155,176.385,179
178.195,176.425,180
178.235,176.465,181
178.275,176.505,182
178.315,176.545,183
178.358,176.588,183
178.395,176.625,186
178.435,176.665,186
178.480,176.710,187
178.518,176.748,188
178.558,176.788,189
178.596,176.826,190
178.639,176.869,190
178.679,176.909,191
178.717,176.947,192
178.758,176.988,192
178.798,177.028,194
178.839,177.069,194
178.877,177.107,196
178.920,177.150,197
178.959,177.189,197
178.994,177.224,199
179.032,177.262,199
179.073,177.303,199
179.114,177.344,200
179.153,177.383,201
179.193,177.423,202
179.233,177.463,202
179.272,177.502,203
179.314,177.544,204
179.354,177.584,205
179.402,177.632,207
179.434,177.664,207
179.474,177.704,208
179.513,177.743,209
179.553,177.783,210
179.593,177.823,211
179.632,177.862,212
179.672,177.902,213
179.712,177.942,213
179.753,177.983,214
179.793,178.023,215
179.833,178.063,215
179.873,178.103,216
179.917,178.147,216
179.953,178.183,217
179.995,178.225,218
180.035,178.265,218
180.073,178.303,219
180.112,178.342,220
180.155,178.385,221
180.193,178.423,222
180.233,178.463,222
180.273,178.503,223
180.313,178.543,223
180.356,178.586,224
180.393,178.623,226
180.433,178.663,226
180.474,178.704,227
180.515,178.745,228
180.554,178.784,228
180.593,178.823,229
180.633,178.863,230
180.673,178.903,230
180.716,178.946,231
180.756,178.986,231
180.794,179.024,232
180.838,179.068,232
180.877,179.107,233
180.915,179.145,233
180.955,179.185,234
180.995,179.225,235
181.041,179.271,235
181.075,179.305,235
181.115,179.345,236
181.154,179.384,236
181.195,179.425,237
181.236,179.466,237
181.275,179.505,238
181.315,179.545,238
181.358,179.588,238
181.397,179.627,239
181.434,179.664,239
181.476,179.706,240
181.516,179.746,240
181.556,179.786,241
181.597,179.827,241
181.635,179.865,241
181.675,179.905,242
181.720,179.950,243
181.756,179.986,243
182.010,180.240,244
182.046,180.276,244
182.073,180.303,246
182.121,180.351,246
182.155,180.385,246
182.198,180.428,247
182.249,180.479,247
182.278,180.508,247
182.317,180.547,247
182.359,180.589,248
182.413,180.643,248
182.438,180.668,248
182.476,180.706,249
182.515,180.745,249
182.557,180.787,250
182.595,180.825,250
182.638,180.868,250
182.675,180.905,251
182.719,180.949,251
182.754,180.984,252
182.795,181.025,252
182.835,181.065,252
182.874,181.104,252
182.914,181.144,253
182.958,181.188,253
182.997,181.227,254
183.036,181.266,254
183.076,181.306,255
183.118,181.348,255
183.155,181.385,256
183.450,181.680,257
183.475,181.705,257
183.509,181.739,260
183.542,181.772,261
183.583,181.813,261
183.624,181.854,262
183.665,181.895,262
183.707,181.937,262
183.748,181.978,262
183.788,182.018,264
183.829,182.059,264
183.870,182.100,264
183.910,182.140,264
183.952,182.182,265
183.994,182.224,265
184.033,182.263,265
184.075,182.305,266
184.118,182.348,266
184.155,182.385,266
184.195,182.425,267
184.236,182.466,267
184.275,182.505,267
184.315,182.545,267
184.356,182.586,267
184.395,182.625,267
184.440,182.670,267
184.480,182.710,267
184.520,182.750,267
184.554,182.784,267
184.594,182.824,267
184.635,182.865,267
184.677,182.907,267
184.717,182.947,267
184.755,182.985,267
184.795,183.025,267
184.835,183.065,267
184.876,183.106,267
184.920,183.150,267
184.958,183.188,267
185.000,183.230,268
185.040,183.270,268
185.079,183.309,268
185.113,183.343,268
185.153,183.383,268
185.195,183.425,268
185.236,183.466,268
185.272,183.502,269
185.313,183.543,269
185.353,183.583,269
185.393,183.623,269
185.432,183.662,269
185.483,183.713,269
185.514,183.744,269
185.554,183.784,270
185.594,183.824,270
185.635,183.865,270
185.672,183.902,270
185.714,183.944,270
185.757,183.987,271
185.795,184.025,272
185.836,184.066,272
185.874,184.104,272
185.914,184.144,273
185.955,184.185,273
185.995,184.225,273
186.035,184.265,273
186.077,184.307,273
186.119,184.349,274
186.155,184.385,274
186.193,184.423,274
186.235,184.465,274
186.274,184.504,274
186.314,184.544,275
186.355,184.585,275
186.394,184.624,275
186.434,184.664,275
186.477,184.707,275
186.514,184.744,276
186.556,184.786,276
186.593,184.823,276
186.634,184.864,276
186.675,184.905,276
186.715,184.945,276
186.754,184.984,276
186.795,185.025,277
186.834,185.064,277
186.873,185.103,277
186.913,185.143,277
186.960,185.190,276
186.998,185.228,277
187.037,185.267,277
187.076,185.306,277
187.117,185.347,277
187.157,185.387,277
187.197,185.427,278
187.238,185.468,278
187.276,185.506,278
187.320,185.550,279
187.356,185.586,279
187.395,185.625,279
187.436,185.666,279
187.480,185.710,279
187.517,185.747,280
187.559,185.789,280
187.596,185.826,281
187.640,185.870,281
187.677,185.907,282
187.717,185.947,282
187.757,185.987,282
187.799,186.029,284
187.839,186.069,284
187.876,186.106,284
187.917,186.147,285
187.958,186.188,285
187.997,186.227,285
188.037,186.267,285
188.076,186.306,286
188.119,186.349,287
188.161,186.391,287
188.202,186.432,288
188.239,186.469,288
188.284,186.514,289
188.323,186.553,289
188.356,186.586,289
188.396,186.626,289
188.438,186.668,289
188.476,186.706,289
188.516,186.746,290
188.557,186.787,290
188.596,186.826,290
188.637,186.867,291
188.677,186.907,291
188.717,186.947,290
188.757,186.987,290
188.795,187.025,290
188.836,187.066,290
188.878,187.108,290
188.915,187.145,290
188.957,187.187,290
188.997,187.227,290
189.037,187.267,290
189.079,187.309,290
189.117,187.347,290
189.159,187.389,291
189.195,187.425,292
189.238,187.468,292
189.276,187.506,292
189.317,187.547,292
189.357,187.587,293
189.396,187.626,293
189.437,187.667,293
189.477,187.707,294
189.517,187.747,293
189.556,187.786,293
189.600,187.830,293
189.638,187.868,293
189.676,187.906,293
189.716,187.946,292
189.756,187.986,292
189.797,188.027,292
189.836,188.066,292
189.878,188.108,292
189.915,188.145,291
189.957,188.187,290
189.997,188.227,289
190.038,188.268,289
190.078,188.308,290
190.118,188.348,291
190.161,188.391,292
190.200,188.430,293
190.242,188.472,293
190.282,188.512,293
190.321,188.551,293
190.354,188.584,293
190.395,188.625,292
190.432,188.662,292
190.476,188.706,292
190.515,188.745,291
190.556,188.786,291
190.595,188.825,290
190.633,188.863,290
190.673,188.903,290
190.714,188.944,290
190.755,188.985,290
190.796,189.026,291
190.834,189.064,291
190.874,189.104,291
190.912,189.142,291
190.959,189.189,291
190.997,189.227,291
191.035,189.265,291
191.073,189.303,291
191.115,189.345,292
191.154,189.384,292
191.195,189.425,292
191.235,189.465,292
191.274,189.504,292
191.314,189.544,293
191.354,189.584,293
191.392,189.622,293
191.435,189.665,293
191.474,189.704,293
191.514,189.744,293
191.552,189.782,293
191.592,189.822,293
191.633,189.863,293
191.674,189.904,293
191.715,189.945,294
191.753,189.983,294
191.797,190.027,294
191.833,190.063,294
191.875,190.105,295
191.913,190.143,295
191.953,190.183,295
191.995,190.225,295
192.033,190.263,295
192.074,190.304,295
192.115,190.345,296
192.158,190.388,296
192.196,190.426,296
192.239,190.469,296
192.278,190.508,297
192.315,190.545,297
192.357,190.587,296
192.398,190.628,297
192.436,190.666,297
192.477,190.707,297
192.518,190.748,298
192.557,190.787,298
192.598,190.828,298
192.636,190.866,298
192.678,190.908,298
192.718,190.948,298
192.759,190.989,298
193.096,191.326,298
193.125,191.355,298
193.160,191.390,299
193.197,191.427,300
193.236,191.466,300
193.276,191.506,300
193.317,191.547,300
193.354,191.584,301
193.398,191.628,301
193.436,191.666,301
193.477,191.707,301
193.516,191.746,302
193.563,191.793,302
193.602,191.832,303
193.645,191.875,303
193.684,191.914,303
193.720,191.950,303
193.759,191.989,303
193.797,192.027,303
193.836,192.066,303
193.874,192.104,303
193.916,192.146,303
193.953,192.183,303
193.996,192.226,303
194.036,192.266,303
194.075,192.305,304
194.119,192.349,304
194.159,192.389,304
194.198,192.428,304
194.234,192.464,304
194.274,192.504,304
194.315,192.545,304
194.356,192.586,304
194.397,192.627,304
194.437,192.667,304
194.477,192.707,304
194.516,192.746,304
194.556,192.786,304
194.599,192.829,304
194.636,192.866,304
194.679,192.909,303
194.717,192.947,303
194.755,192.985,304
194.794,193.024,304
194.835,193.065,304
194.875,193.105,303
194.915,193.145,304
194.957,193.187,304
194.996,193.226,304
195.035,193.265,304
195.079,193.309,304
195.117,193.347,304
195.155,193.385,306
195.194,193.424,307
195.235,193.465,307
195.274,193.504,308
195.315,193.545,308
195.359,193.589,308
195.394,193.624,309
195.435,193.665,309
195.475,193.705,309
195.516,193.746,309
195.555,193.785,309
195.600,193.830,310
195.646,193.876,310
195.681,193.911,310
195.721,193.951,310
195.760,193.990,310
195.794,194.024,310
195.834,194.064,310
195.873,194.103,310
195.913,194.143,310
195.954,194.184,310
195.993,194.223,311
196.033,194.263,311
196.073,194.303,311
196.117,194.347,311
196.154,194.384,311
196.193,194.423,311
196.233,194.463,311
196.274,194.504,311
196.314,194.544,310
196.352,194.582,310
196.392,194.622,310
196.434,194.664,310
196.474,194.704,309
196.513,194.743,309
196.553,194.783,309
196.593,194.823,308
196.633,194.863,308
196.673,194.903,307
196.714,194.944,307
196.754,194.984,307
196.794,195.024,307
196.834,195.064,307
196.873,195.103,307
196.913,195.143,307
196.953,195.183,307
196.994,195.224,306
197.032,195.262,306
197.077,195.307,305
197.114,195.344,305
197.154,195.384,304
197.194,195.424,304
197.233,195.463,304
197.274,195.504,304
197.313,195.543,304
197.353,195.583,304
197.393,195.623,303
197.434,195.664,303
197.473,195.703,303
197.514,195.744,303
197.557,195.787,302
197.597,195.827,302
197.635,195.865,302
197.675,195.905,302
197.714,195.944,302
197.757,195.987,303
197.796,196.026,304
197.836,196.066,304
197.875,196.105,304
197.914,196.144,304
197.955,196.185,304
197.997,196.227,304
198.035,196.265,304
198.075,196.305,305
198.119,196.349,305
198.159,196.389,305
198.195,196.425,306
198.234,196.464,306
198.275,196.505,306
198.318,196.548,306
198.355,196.585,305
198.395,196.625,304
198.435,196.665,304
198.475,196.705,303
198.516,196.746,302
198.555,196.785,301
198.596,196.826,299
198.638,196.868,297
198.675,196.905,295
198.714,196.944,293
198.755,196.985,291
198.796,197.026,287
198.836,197.066,287
198.875,197.105,285
198.914,197.144,283
198.955,197.185,281
198.996,197.226,277
199.035,197.265,277
199.075,197.305,275
199.115,197.345,273
199.155,197.385,273
199.194,197.424,271
199.235,197.465,268
199.274,197.504,268
199.316,197.546,266
199.355,197.585,265
199.394,197.624,263
199.436,197.666,260
199.475,197.705,260
199.515,197.745,258
199.558,197.788,256
199.598,197.828,254
199.635,197.865,253
199.675,197.905,251
199.714,197.944,249
199.756,197.986,247
199.795,198.025,246
199.835,198.065,243
199.875,198.105,243
199.915,198.145,241
199.954,198.184,240
199.995,198.225,239
200.039,198.269,235
200.079,198.309,234
200.116,198.346,232
200.155,198.385,230
200.200,198.430,227
200.241,198.471,227
200.280,198.510,225
200.317,198.547,224
200.356,198.586,222
200.398,198.628,220
200.438,198.668,220
200.478,198.708,218
200.518,198.748,217
200.557,198.787,216
200.596,198.826,215
200.636,198.866,214
200.672,198.902,213
200.713,198.943,212
200.754,198.984,211
200.794,199.024,210
200.835,199.065,210
200.873,199.103,210
200.913,199.143,209
200.952,199.182,209
200.994,199.224,208
201.032,199.262,208
201.074,199.304,208
201.114,199.344,208
201.159,199.389,208
201.196,199.426,208
201.234,199.464,208
201.272,199.502,208
201.314,199.544,208
201.354,199.584,207
201.392,199.622,207
201.433,199.663,207
201.474,199.704,206
201.513,199.743,206
201.552,199.782,206
201.594,199.824,205
201.637,199.867,205
201.673,199.903,204
201.713,199.943,204
201.752,199.982,203
201.792,200.022,203
201.833,200.063,203
201.873,200.103,204
201.913,200.143,204
201.953,200.183,204
201.992,200.222,204
202.033,200.263,204
202.074,200.304,204
202.116,200.346,204
202.155,200.385,205
202.194,200.424,206
202.232,200.462,206
202.274,200.504,207
202.314,200.544,208
202.671,200.901,208
202.699,200.929,209
202.727,200.957,209
202.758,200.988,212
202.795,201.025,213
202.834,201.064,213
202.875,201.105,213
202.915,201.145,213
202.955,201.185,214
202.995,201.225,215
203.035,201.265,215
203.076,201.306,215
203.117,201.347,216
203.154,201.384,217
203.196,201.426,218
203.235,201.465,218
203.275,201.505,218
203.315,201.545,218
203.356,201.586,219
203.395,201.625,219
203.435,201.665,219
203.475,201.705,220
203.514,201.744,221
203.555,201.785,221
203.600,201.830,222
203.640,201.870,223
203.675,201.905,223
203.715,201.945,224
203.755,201.985,224
203.797,202.027,225
203.835,202.065,225
203.875,202.105,226
203.914,202.144,227
203.955,202.185,227
203.997,202.227,228
204.035,202.265,228
204.076,202.306,228
204.116,202.346,229
204.157,202.387,229
204.196,202.426,230
204.235,202.465,230
204.275,202.505,231
204.315,202.545,231
204.356,202.586,231
204.396,202.626,233
204.435,202.665,233
204.475,202.705,233
204.515,202.745,234
204.558,202.788,234
204.595,202.825,235
204.639,202.869,235
204.676,202.906,236
204.714,202.944,237
204.755,202.985,237
204.796,203.026,238
204.836,203.066,238
204.874,203.104,238
204.917,203.147,239
204.954,203.184,239
204.994,203.224,240
205.036,203.266,240
205.075,203.305,240
205.115,203.345,241
205.154,203.384,242
205.198,203.428,242
205.237,203.467,242
205.275,203.505,243
205.315,203.545,244
205.354,203.584,244
205.395,203.625,246
205.434,203.664,246
205.475,203.705,246
205.514,203.744,246
205.556,203.786,247
205.596,203.826,247
205.637,203.867,247
205.677,203.907,247
205.717,203.947,248
205.758,203.988,248
205.797,204.027,248
205.836,204.066,248
205.877,204.107,249
205.929,204.159,249
205.962,204.192,249
205.997,204.227,249
206.037,204.267,249
206.079,204.309,250
206.113,204.343,251
206.153,204.383,251
206.192,204.422,252
206.234,204.464,252
206.273,204.503,252
206.312,204.542,253
206.353,204.583,253
206.394,204.624,253
206.435,204.665,253
206.472,204.702,252
206.513,204.743,252
206.554,204.784,251
206.593,204.823,250
206.633,204.863,248
206.673,204.903,247
206.713,204.943,246
206.752,204.982,245
206.794,205.024,243
206.833,205.063,243
206.873,205.103,243
206.920,205.150,242
206.959,205.189,241
206.993,205.223,237
207.033,205.263,237
207.072,205.302,236
207.114,205.344,235
207.152,205.382,234
207.193,205.423,231
207.234,205.464,231
207.273,205.503,229
207.312,205.542,228
207.358,205.588,226
207.393,205.623,223
207.441,205.671,223
207.473,205.703,222
207.514,205.744,220
207.553,205.783,219
207.593,205.823,218
207.633,205.863,217
207.674,205.904,216
207.715,205.945,216
207.754,205.984,215
207.795,206.025,214
207.842,206.072,214
207.876,206.106,213
207.914,206.144,212
207.955,206.185,212
207.996,206.226,212
208.034,206.264,212
208.075,206.305,212
208.115,206.345,211
208.155,206.385,211
208.195,206.425,211
208.236,206.466,211
208.279,206.509,211
208.317,206.547,210
208.355,206.585,211
208.395,206.625,211
208.436,206.666,211
208.476,206.706,211
208.516,206.746,212
208.555,206.785,212
208.597,206.827,212
208.636,206.866,213
208.677,206.907,213
208.716,206.946,213
208.756,206.986,213
208.795,207.025,214
208.836,207.066,214
208.876,207.106,214
208.915,207.145,214
208.955,207.185,214
208.995,207.225,214
209.036,207.266,214
209.075,207.305,214
209.115,207.345,214
209.159,207.389,214
209.199,207.429,215
209.237,207.467,215
209.287,207.517,215
209.318,207.548,216
209.357,207.587,216
209.398,207.628,217
209.434,207.664,217
209.474,207.704,217
209.515,207.745,218
209.559,207.789,219
209.597,207.827,220
209.636,207.866,220
209.675,207.905,221
209.715,207.945,221
209.755,207.985,222
209.795,208.025,222
209.835,208.065,222
209.874,208.104,222
209.916,208.146,222
209.955,208.185,223
209.994,208.224,224
210.039,208.269,224
210.078,208.308,225
210.115,208.345,225
210.154,208.384,226
210.195,208.425,227
210.235,208.465,227
210.275,208.505,228
210.314,208.544,229
210.355,208.585,230
210.394,208.624,231
210.434,208.664,231
210.480,208.710,231
210.519,208.749,232
210.555,208.785,232
210.860,209.090,233
210.887,209.117,233
210.916,209.146,233
210.954,209.184,231
210.992,209.222,228
211.032,209.262,228
211.073,209.303,226
211.113,209.343,225
211.153,209.383,224
211.193,209.423,220
211.234,209.464,220
211.281,209.511,218
211.330,209.560,216
211.357,209.587,214
211.397,209.627,211
211.436,209.666,211
211.472,209.702,209
211.514,209.744,207
211.554,209.784,205
211.593,209.823,203
211.636,209.866,201
211.675,209.905,199
211.715,209.945,197
211.758,209.988,195
211.795,210.025,192
211.838,210.068,192
211.875,210.105,190
211.914,210.144,187
211.955,210.185,185
212.393,210.623,181
212.420,210.650,181
212.454,210.684,179
212.480,210.710,157
212.515,210.745,155
212.554,210.784,153
212.595,210.825,151
212.636,210.866,149
212.675,210.905,147
212.720,210.950,145
212.758,210.988,144
212.794,211.024,141
212.834,211.064,141
212.874,211.104,139
212.915,211.145,137
212.953,211.183,135
212.995,211.225,132
213.036,211.266,132
213.076,211.306,130
213.115,211.345,129
213.158,211.388,127
213.199,211.429,125
213.235,211.465,125
213.274,211.504,124
213.315,211.545,123
213.355,211.585,122
213.396,211.626,120
213.433,211.663,120
213.475,211.705,119
213.516,211.746,119
213.555,211.785,118
213.596,211.826,118
213.635,211.865,117
213.679,211.909,116
213.719,211.949,116
213.759,211.989,115
213.813,212.043,113
213.838,212.068,113
213.873,212.103,113
213.914,212.144,112
213.953,212.183,112
213.994,212.224,111
214.033,212.263,111
214.073,212.303,111
214.114,212.344,111
214.153,212.383,111
214.195,212.425,109
214.237,212.467,109
214.274,212.504,108
214.313,212.543,107
214.352,212.582,107
214.393,212.623,105
214.434,212.664,105
214.474,212.704,104
214.513,212.743,104
214.554,212.784,103
214.596,212.826,102
214.634,212.864,102
214.679,212.909,101
214.717,212.947,101
214.753,212.983,100
214.793,213.023,99
214.832,213.062,99
214.874,213.104,98
214.914,213.144,98
214.952,213.182,97
214.993,213.223,96
215.034,213.264,96
215.073,213.303,95
215.113,213.343,95
215.154,213.384,94
215.194,213.424,94
215.239,213.469,94
215.273,213.503,94
215.313,213.543,93
215.355,213.585,93
215.394,213.624,92
215.433,213.663,92
215.473,213.703,92
215.514,213.744,92
215.554,213.784,92
215.593,213.823,92
215.636,213.866,92
215.690,213.920,92
215.717,213.947,92
215.760,213.990,92
215.796,214.026,92
215.836,214.066,92
215.876,214.106,93
215.916,214.146,93
215.955,214.185,93
215.995,214.225,94
216.036,214.266,94
216.076,214.306,94
216.114,214.344,94
216.155,214.385,94
216.195,214.425,94
216.235,214.465,94
216.275,214.505,95
216.316,214.546,96
216.356,214.586,96
216.401,214.631,97
216.434,214.664,97
216.476,214.706,97
216.518,214.748,98
216.555,214.785,99
216.596,214.826,99
216.639,214.869,100
216.676,214.906,101
216.717,214.947,101
216.756,214.986,102
216.795,215.025,103
216.838,215.068,103
216.878,215.108,104
216.918,215.148,105
216.954,215.184,106
216.996,215.226,107
217.039,215.269,107
217.076,215.306,108
217.120,215.350,109
217.155,215.385,110
217.194,215.424,111
217.234,215.464,111
217.277,215.507,112
217.315,215.545,113
217.356,215.586,114
217.400,215.630,116
217.437,215.667,116
217.477,215.707,117
217.515,215.745,118
217.556,215.786,119
217.597,215.827,120
217.636,215.866,122
217.675,215.905,123
217.716,215.946,124
217.755,215.985,126
217.798,216.028,129
217.836,216.066,129
217.878,216.108,131
217.916,216.146,132
217.956,216.186,134
217.996,216.226,135
218.035,216.265,135
218.077,216.307,137
218.116,216.346,137
218.156,216.386,138
218.196,216.426,141
218.237,216.467,141
218.280,216.510,142
218.326,216.556,143
218.363,216.593,144
218.412,216.642,146
218.440,216.670,146
218.479,216.709,147
218.516,216.746,149
218.555,216.785,150
218.596,216.826,151
218.636,216.866,151
218.676,216.906,153
218.715,216.945,154
218.756,216.986,155
218.795,217.025,157
218.836,217.066,157
218.879,217.109,158
218.915,217.145,160
218.956,217.186,161
218.998,217.228,163
219.036,217.266,163
219.077,217.307,164
219.118,217.348,165
219.156,217.386,166
219.196,217.426,168
219.237,217.467,168
219.276,217.506,168
219.321,217.551,169
219.356,217.586,170
219.401,217.631,172
219.437,217.667,172
219.476,217.706,173
219.518,217.748,174
219.557,217.787,174
219.596,217.826,176
219.639,217.869,176
219.679,217.909,176
219.717,217.947,177
219.757,217.987,178
219.797,218.027,180
219.835,218.065,180
219.877,218.107,181
219.915,218.145,181
219.954,218.184,182
219.996,218.226,184
220.035,218.265,184
220.078,218.308,184
220.116,218.346,185
220.158,218.388,185
220.196,218.426,186
220.234,218.464,186
220.276,218.506,187
220.319,218.549,187
220.363,218.593,188
220.403,218.633,189
220.442,218.672,189
220.482,218.712,190
220.515,218.745,191
220.559,218.789,192
220.595,218.825,193
220.635,218.865,193
220.674,218.904,194
220.714,218.944,195
220.753,218.983,196
220.793,219.023,197
220.835,219.065,197
220.875,219.105,198
220.916,219.146,199
220.954,219.184,200
220.994,219.224,202
221.035,219.265,202
221.076,219.306,203
221.115,219.345,204
221.155,219.385,204
221.195,219.425,206
221.234,219.464,206
221.274,219.504,207
221.315,219.545,208
221.355,219.585,209
221.393,219.623,210
221.434,219.664,210
221.476,219.706,211
221.809,220.039,211
221.833,220.063,213
221.858,220.088,216
221.899,220.129,215
221.942,220.172,214
221.989,220.219,212
222.023,220.253,212
222.065,220.295,211
222.106,220.336,209
222.148,220.378,207
222.188,220.418,204
222.228,220.458,204
222.268,220.498,202
222.312,220.542,200
222.352,220.582,198
222.392,220.622,193
222.432,220.662,193
222.473,220.703,191
222.513,220.743,189
222.557,220.787,186
222.599,220.829,184
222.637,220.867,182
222.676,220.906,180
222.719,220.949,178
222.755,220.985,175
222.795,221.025,170
222.836,221.066,170
222.879,221.109,169
222.917,221.147,167
222.957,221.187,164
222.997,221.227,159
223.038,221.268,159
223.080,221.310,157
223.119,221.349,155
223.156,221.386,153
223.195,221.425,149
223.240,221.470,149
223.278,221.508,147
223.317,221.547,145
223.358,221.588,143
223.399,221.629,139
223.439,221.669,139
223.478,221.708,137
223.518,221.748,135
223.557,221.787,133
223.600,221.830,131
223.638,221.868,130
223.675,221.905,128
223.722,221.952,127
223.762,221.992,125
223.810,222.040,121
223.846,222.076,121
223.883,222.113,120
223.917,222.147,119
223.957,222.187,118
223.996,222.226,115
224.038,222.268,115
224.078,222.308,114
224.118,222.348,113
224.159,222.389,113
224.195,222.425,111
224.235,222.465,111
224.277,222.507,110
224.318,222.548,109
224.356,222.586,109
224.399,222.629,108
224.438,222.668,108
224.478,222.708,107
224.517,222.747,107
224.555,222.785,106
224.596,222.826,105
224.637,222.867,104
224.677,222.907,103
224.718,222.948,103
224.757,222.987,102
224.794,223.024,99
224.836,223.066,99
224.876,223.106,97
224.918,223.148,95
224.957,223.187,94
224.997,223.227,93
225.037,223.267,93
225.077,223.307,93
225.114,223.344,92
225.157,223.387,93
225.194,223.424,92
225.236,223.466,92
225.277,223.507,93
225.319,223.549,93
225.357,223.587,94
225.397,223.627,93
225.436,223.666,93
225.476,223.706,93
225.516,223.746,93
225.556,223.786,92
225.597,223.827,91
225.637,223.867,90
225.677,223.907,90
225.721,223.951,90
225.765,223.995,90
225.807,224.037,90
225.840,224.070,90
225.889,224.119,90
225.918,224.148,90
225.957,224.187,91
225.997,224.227,91
226.034,224.264,91
226.076,224.306,90
226.115,224.345,90
226.154,224.384,91
226.195,224.425,91
226.235,224.465,91
226.276,224.506,91
226.314,224.544,91
226.359,224.589,91
226.399,224.629,92
226.438,224.668,92
226.479,224.709,92
226.518,224.748,91
226.556,224.786,91
226.595,224.825,91
226.637,224.867,91
226.673,224.903,91
226.719,224.949,90
226.758,224.988,91
226.795,225.025,91
226.834,225.064,91
226.876,225.106,92
226.918,225.148,92
226.959,225.189,91
226.997,225.227,90
227.034,225.264,90
227.074,225.304,89
227.116,225.346,89
227.154,225.384,89
227.194,225.424,89
227.237,225.467,89
227.274,225.504,89
227.316,225.546,89
227.355,225.585,89
227.399,225.629,89
227.435,225.665,89
227.474,225.704,89
227.515,225.745,90
227.554,225.784,90
227.597,225.827,90
227.634,225.864,90
227.674,225.904,90
227.717,225.947,90
227.754,225.984,91
227.796,226.026,91
227.835,226.065,91
227.879,226.109,91
227.915,226.145,91
227.955,226.185,90
228.004,226.234,91
228.039,226.269,91
228.075,226.305,92
228.115,226.345,92
228.154,226.384,92
228.195,226.425,92
228.235,226.465,92
228.275,226.505,93
228.315,226.545,94
228.358,226.588,94
228.403,226.633,94
228.439,226.669,94
228.482,226.712,95
228.528,226.758,96
228.560,226.790,97
228.594,226.824,97
228.633,226.863,98
228.673,226.903,99
228.714,226.944,100
228.754,226.984,102
228.793,227.023,105
228.837,227.067,105
228.877,227.107,105
228.913,227.143,106
228.953,227.183,108
228.993,227.223,111
229.038,227.268,111
229.074,227.304,112
229.113,227.343,113
229.153,227.383,114
229.192,227.422,117
229.234,227.464,117
229.272,227.502,118
229.314,227.544,119
229.353,227.583,120
229.394,227.624,123
229.433,227.663,123
229.474,227.704,124
229.512,227.742,126
229.553,227.783,127
229.594,227.824,128
229.634,227.864,129
229.673,227.903,130
229.713,227.943,131
229.754,227.984,133
229.794,228.024,134
229.833,228.063,135
229.873,228.103,137
229.913,228.143,138
229.955,228.185,139
229.994,228.224,142
230.034,228.264,142
230.073,228.303,143
230.114,228.344,145
230.154,228.384,146
230.194,228.424,149
230.233,228.463,149
230.272,228.502,150
230.314,228.544,151
230.355,228.585,153
230.395,228.625,155
230.437,228.667,155
230.475,228.705,156
230.515,228.745,158
230.555,228.785,159
230.595,228.825,161
230.635,228.865,162
230.674,228.904,164
230.716,228.946,164
230.755,228.985,166
230.794,229.024,168
230.836,229.066,168
230.876,229.106,169
230.915,229.145,170
230.956,229.186,171
230.995,229.225,173
231.127,229.357,173
231.153,229.383,174
231.177,229.407,177
231.202,229.432,178
231.236,229.466,178
231.275,229.505,179
231.315,229.545,180
231.355,229.585,181
231.395,229.625,183
231.435,229.665,183
231.474,229.704,184
231.515,229.745,185
231.557,229.787,186
231.604,229.834,187
231.638,229.868,187
231.681,229.911,188
231.721,229.951,189
231.759,229.989,190
231.795,230.025,191
231.835,230.065,191
231.876,230.106,192
231.914,230.144,192
231.955,230.185,193
231.994,230.224,195
232.035,230.265,195
232.073,230.303,196
232.115,230.345,197
232.154,230.384,197
232.195,230.425,199
232.235,230.465,199
232.274,230.504,199
232.316,230.546,200
232.356,230.586,201
232.395,230.625,202
232.434,230.664,202
232.475,230.705,203
232.515,230.745,204
232.554,230.784,205
232.595,230.825,206
232.634,230.864,206
232.675,230.905,207
232.715,230.945,208
232.759,230.989,209
232.795,231.025,210
232.835,231.065,210
232.875,231.105,211
232.914,231.144,212
232.954,231.184,213
233.003,231.233,214
233.037,231.267,214
233.077,231.307,215
233.115,231.345,216
233.158,231.388,217
233.195,231.425,218
233.235,231.465,218
233.274,231.504,219
233.315,231.545,219
233.354,231.584,220
233.395,231.625,221
233.435,231.665,221
233.475,231.705,222
233.515,231.745,223
233.559,231.789,223
233.599,231.829,224
233.635,231.865,224
233.675,231.905,225
233.714,231.944,226
233.758,231.988,227
233.797,232.027,228
233.838,232.068,228
233.877,232.107,228
233.916,232.146,229
233.957,232.187,230
233.993,232.223,231
234.036,232.266,231
234.073,232.303,232
234.112,232.342,232
234.156,232.386,233
234.194,232.424,234
234.233,232.463,234
234.273,232.503,234
234.314,232.544,234
234.354,232.584,235
234.394,232.624,236
234.433,232.663,236
234.479,232.709,237
234.519,232.749,237
234.556,232.786,238
234.592,232.822,238
234.633,232.863,238
234.679,232.909,239
234.713,232.943,240
234.754,232.984,240
234.793,233.023,241
234.834,233.064,241
234.874,233.104,241
234.915,233.145,241
234.954,233.184,241
234.997,233.227,240
235.034,233.264,240
235.072,233.302,239
235.113,233.343,238
235.152,233.382,236
235.194,233.424,234
235.233,233.463,234
235.273,233.503,232
235.314,233.544,230
235.354,233.584,228
235.393,233.623,223
235.440,233.670,223
235.476,233.706,221
235.511,233.741,219
235.552,233.782,216
235.593,233.823,213
235.635,233.865,213
235.673,233.903,211
235.714,233.944,209
235.754,233.984,207
235.795,234.025,205
235.834,234.064,205
235.876,234.106,204
235.916,234.146,203
235.954,234.184,202
235.995,234.225,200
236.036,234.266,200
236.077,234.307,199
236.115,234.345,198
236.155,234.385,197
236.194,234.424,196
236.236,234.466,196
236.276,234.506,196
236.317,234.547,196
236.360,234.590,195
236.395,234.625,194
236.436,234.666,194
236.474,234.704,194
236.515,234.745,193
236.575,234.805,193
236.595,234.825,193
236.634,234.864,193
236.675,234.905,193
236.716,234.946,193
236.756,234.986,193
236.796,235.026,193
236.837,235.067,193
236.875,235.105,193
236.915,235.145,193
236.955,235.185,194
236.995,235.225,194
237.041,235.271,194
237.076,235.306,195
237.115,235.345,195
237.155,235.385,196
237.195,235.425,197
237.235,235.465,197
237.275,235.505,197
237.315,235.545,198
237.355,235.585,199
237.400,235.630,201
237.440,235.670,201
237.474,235.704,202
237.515,235.745,202
237.555,235.785,203
237.597,235.827,204
237.649,235.879,204
237.677,235.907,204
237.717,235.947,204
237.757,235.987,204
237.796,236.026,205
237.836,236.066,205
237.875,236.105,205
237.914,236.144,205
237.955,236.185,205
237.995,236.225,204
238.033,236.263,204
238.073,236.303,204
238.114,236.344,204
238.155,236.385,205
238.195,236.425,206
238.234,236.464,206
238.275,236.505,206
238.315,236.545,207
238.355,236.585,207
238.394,236.624,209
238.435,236.665,209
238.476,236.706,210
238.514,236.744,210
238.554,236.784,211
238.595,236.825,211
238.634,236.864,212
238.675,236.905,213
238.721,236.951,213
238.757,236.987,213
238.795,237.025,214
238.835,237.065,214
238.874,237.104,215
238.916,237.146,215
238.955,237.185,215
238.994,237.224,215
239.034,237.264,215
239.075,237.305,214
239.114,237.344,215
239.153,237.383,215
239.468,237.698,216
239.500,237.730,216
239.538,237.768,210
239.564,237.794,209
239.600,237.830,207
239.641,237.871,205
239.680,237.910,203
239.726,237.956,201
239.761,237.991,198
239.798,238.028,195
239.834,238.064,195
239.873,238.103,193
239.913,238.143,191
239.952,238.182,189
239.994,238.224,185
240.034,238.264,185
240.072,238.302,184
240.112,238.342,182
240.153,238.383,180
240.193,238.423,177
240.233,238.463,177
240.274,238.504,175
240.314,238.544,174
240.353,238.583,173
240.392,238.622,170
240.432,238.662,170
240.474,238.704,169
240.513,238.743,168
240.552,238.782,167
240.930,239.160,165
240.960,239.190,165
240.978,239.208,164
240.996,239.226,156
241.033,239.263,156
241.073,239.303,155
241.113,239.343,155
241.153,239.383,154
241.196,239.426,153
241.235,239.465,153
241.273,239.503,152
241.312,239.542,151
241.353,239.583,151
241.393,239.623,150
241.434,239.664,150
241.474,239.704,150
241.512,239.742,150
241.552,239.782,150
241.594,239.824,150
241.636,239.866,150
241.674,239.904,150
241.715,239.945,150
241.755,239.985,149
241.795,240.025,150
241.836,240.066,150
241.876,240.106,151
241.915,240.145,152
241.956,240.186,152
241.998,240.228,153
242.038,240.268,153
242.075,240.305,154
242.115,240.345,156
242.156,240.386,158
242.195,240.425,160
242.235,240.465,160
242.276,240.506,160
242.316,240.546,160
242.357,240.587,160
242.397,240.627,159
242.434,240.664,159
242.475,240.705,158
242.516,240.746,158
242.555,240.785,157
242.595,240.825,157
242.635,240.865,156
242.675,240.905,155
242.720,240.950,155
242.755,240.985,155
242.794,241.024,154
242.839,241.069,154
242.879,241.109,153
242.915,241.145,153
242.955,241.185,152
242.996,241.226,152
243.036,241.266,152
243.073,241.303,152
243.115,241.345,152
243.156,241.386,152
243.195,241.425,151
243.234,241.464,151
243.280,241.510,151
243.315,241.545,150
243.355,241.585,150
243.394,241.624,149
243.435,241.665,149
243.474,241.704,150
243.514,241.744,150
243.556,241.786,149
243.595,241.825,149
243.640,241.870,149
243.679,241.909,149
243.718,241.948,148
243.771,242.001,148
243.800,242.030,148
243.834,242.064,148
243.875,242.105,148
243.914,242.144,149
243.955,242.185,149
243.994,242.224,150
244.035,242.265,150
244.074,242.304,151
244.117,242.347,151
244.157,242.387,152
244.195,242.425,153
244.235,242.465,153
244.275,242.505,154
244.315,242.545,154
244.354,242.584,155
244.395,242.625,156
244.436,242.666,156
244.475,242.705,157
244.515,242.745,158
244.556,242.786,159
244.599,242.829,160
244.639,242.869,161
244.675,242.905,162
244.716,242.946,163
244.758,242.988,164
244.795,243.025,167
244.834,243.064,167
244.875,243.105,168
244.916,243.146,169
244.956,243.186,169
244.996,243.226,169
245.035,243.265,169
245.074,243.304,168
245.119,243.349,167
245.157,243.387,165
245.195,243.425,162
245.235,243.465,162
245.275,243.505,161
245.314,243.544,159
245.355,243.585,157
245.395,243.625,154
245.437,243.667,154
245.480,243.710,152
245.519,243.749,150
245.555,243.785,149
245.595,243.825,147
245.638,243.868,145
245.680,243.910,144
245.717,243.947,143
245.774,244.004,142
245.806,244.036,140
245.836,244.066,140
245.874,244.104,139
245.919,244.149,138
245.955,244.185,137
245.994,244.224,137
246.034,244.264,137
246.075,244.305,136
246.114,244.344,136
246.154,244.384,135
246.193,244.423,134
246.235,244.465,134
246.275,244.505,134
246.319,244.549,134
246.356,244.586,133
246.394,244.624,132
246.438,244.668,132
246.475,244.705,132
246.514,244.744,132
246.554,244.784,131
246.594,244.824,131
246.638,244.868,130
246.674,244.904,129
246.715,244.945,129
246.755,244.985,127
246.797,245.027,125
246.834,245.064,125
246.875,245.105,125
246.914,245.144,124
246.954,245.184,124
246.995,245.225,122
247.040,245.270,122
247.074,245.304,122
247.113,245.343,122
247.157,245.387,122
247.194,245.424,120
247.236,245.466,120
247.274,245.504,119
247.319,245.549,119
247.355,245.585,118
247.395,245.625,118
247.438,245.668,118
247.474,245.704,119
247.516,245.746,119
247.555,245.785,119
247.594,245.824,120
247.636,245.866,121
247.675,245.905,121
247.715,245.945,122
247.755,245.985,123
247.799,246.029,123
247.835,246.065,123
247.875,246.105,123
247.913,246.143,123
247.955,246.185,124
247.995,246.225,125
248.035,246.265,125
248.074,246.304,125
248.119,246.349,126
248.156,246.386,127
248.194,246.424,131
248.238,246.468,131
248.275,246.505,132
248.315,246.545,133
248.355,246.585,135
248.395,246.625,137
248.436,246.666,137
248.476,246.706,137
248.516,246.746,138
248.555,246.785,139
248.595,246.825,141
248.636,246.866,142
248.678,246.908,143
248.718,246.948,145
248.758,246.988,146
248.797,247.027,149
248.838,247.068,149
248.874,247.104,150
248.913,247.143,151
248.953,247.183,152
248.993,247.223,155
249.033,247.263,155
249.074,247.304,156
249.115,247.345,157
249.153,247.383,159
249.195,247.425,162
249.234,247.464,162
249.273,247.503,163
249.314,247.544,165
249.354,247.584,166
249.393,247.623,168
249.435,247.665,168
249.474,247.704,169
249.514,247.744,170
249.554,247.784,172
249.595,247.825,173
249.634,247.864,174
249.673,247.903,175
249.715,247.945,176
249.753,247.983,177
249.793,248.023,179
249.834,248.064,179
249.875,248.105,180
249.913,248.143,182
249.954,248.184,183
249.994,248.224,185
250.034,248.264,185
250.074,248.304,185
250.119,248.349,186
250.155,248.385,187
250.442,248.672,188
250.468,248.698,188
250.494,248.724,189
250.522,248.752,192
250.555,248.785,193
250.593,248.823,194
250.634,248.864,194
250.676,248.906,195
250.715,248.945,196
250.756,248.986,196
250.797,249.027,198
250.834,249.064,198
250.876,249.106,199
250.918,249.148,200
250.956,249.186,200
250.996,249.226,202
251.039,249.269,202
251.077,249.307,203
251.115,249.345,204
251.156,249.386,205
251.196,249.426,206
251.237,249.467,206
251.277,249.507,207
251.315,249.545,208
251.357,249.587,209
251.395,249.625,211
251.439,249.669,211
251.482,249.712,212
251.519,249.749,213
251.556,249.786,214
251.599,249.829,215
251.636,249.866,215
251.675,249.905,216
251.717,249.947,216
251.760,249.990,216
251.799,250.029,215
251.837,250.067,215
251.877,250.107,214
251.915,250.145,212
251.955,250.185,211
251.995,250.225,207
252.039,250.269,207
252.077,250.307,206
252.118,250.348,205
252.156,250.386,203
252.197,250.427,201
252.239,250.469,201
252.279,250.509,200
252.319,250.549,199
252.357,250.587,198
252.396,250.626,196
252.437,250.667,196
252.477,250.707,195
252.518,250.748,194
252.558,250.788,194
252.600,250.830,193
252.640,250.870,193
252.680,250.910,192
252.722,250.952,191
252.764,250.994,191
252.806,251.036,190
252.855,251.085,190
252.875,251.105,190
252.916,251.146,190
252.955,251.185,189
252.995,251.225,189
253.038,251.268,189
253.076,251.306,189
253.116,251.346,190
253.156,251.386,190
253.195,251.425,189
253.238,251.468,189
253.275,251.505,189
253.316,251.546,189
253.355,251.585,188
253.396,251.626,187
253.436,251.666,187
253.479,251.709,187
253.515,251.745,187
253.556,251.786,186
253.596,251.826,186
253.635,251.865,185
253.675,251.905,185
253.717,251.947,184
253.755,251.985,184
253.796,252.026,184
253.838,252.068,184
253.876,252.106,184
253.916,252.146,183
253.957,252.187,183
253.999,252.229,183
254.036,252.266,183
254.076,252.306,184
254.117,252.347,184
254.159,252.389,184
254.196,252.426,184
254.237,252.467,184
254.277,252.507,184
254.315,252.545,184
254.356,252.586,184
254.396,252.626,185
254.435,252.665,185
254.477,252.707,185
254.518,252.748,185
254.556,252.786,184
254.596,252.826,183
254.636,252.866,182
254.675,252.905,182
254.716,252.946,181
254.757,252.987,180
254.799,253.029,178
254.836,253.066,178
254.876,253.106,178
254.917,253.147,177
254.957,253.187,176
254.998,253.228,175
255.037,253.267,175
255.076,253.306,175
255.118,253.348,175
255.158,253.388,175
255.197,253.427,174
255.237,253.467,174
255.278,253.508,174
255.317,253.547,173
255.361,253.591,173
255.397,253.627,173
255.436,253.666,173
255.483,253.713,174
255.533,253.763,174
255.566,253.796,173
255.598,253.828,173
255.648,253.878,172
255.678,253.908,172
255.714,253.944,171
255.755,253.985,171
255.794,254.024,170
255.835,254.065,170
255.877,254.107,169
255.912,254.142,169
255.955,254.185,168
255.995,254.225,168
256.034,254.264,168
256.075,254.305,168
256.114,254.344,168
256.155,254.385,168
256.194,254.424,167
256.234,254.464,167
256.274,254.504,167
256.318,254.548,167
256.355,254.585,167
256.394,254.624,167
256.432,254.662,167
256.473,254.703,167
256.514,254.744,167
256.554,254.784,167
256.594,254.824,167
256.635,254.865,167
256.673,254.903,167
256.715,254.945,167
256.755,254.985,168
256.794,255.024,167
256.834,255.064,167
256.874,255.104,168
256.912,255.142,168
256.955,255.185,167
256.993,255.223,168
257.032,255.262,168
257.075,255.305,168
257.115,255.345,168
257.156,255.386,168
257.194,255.424,167
257.235,255.465,167
257.275,255.505,166
257.314,255.544,166
257.353,255.583,165
257.394,255.624,165
257.436,255.666,165
257.472,255.702,165
257.516,255.746,165
257.558,255.788,164
257.597,255.827,163
257.640,255.870,163
257.677,255.907,163
257.719,255.949,162
257.757,255.987,162
257.796,256.026,161
257.838,256.068,161
257.880,256.110,161
257.919,256.149,161
257.955,256.185,160
257.997,256.227,160
258.037,256.267,160
258.078,256.308,160
258.117,256.347,159
258.157,256.387,159
258.197,256.427,159
258.238,256.468,159
258.277,256.507,159
258.316,256.546,159
258.358,256.588,159
258.397,256.627,159
258.436,256.666,159
258.477,256.707,159
258.519,256.749,159
258.556,256.786,158
258.594,256.824,159
258.638,256.868,159
258.677,256.907,159
258.717,256.947,159
258.757,256.987,158
258.794,257.024,158
258.835,257.065,158
258.874,257.104,158
258.914,257.144,158
258.956,257.186,158
258.996,257.226,158
259.037,257.267,158
259.078,257.308,159
259.119,257.349,159
259.154,257.384,159
259.197,257.427,160
259.238,257.468,160
259.277,257.507,161
259.321,257.551,161
259.365,257.595,162
259.400,257.630,164
259.441,257.671,164
259.481,257.711,165
259.520,257.750,166
259.562,257.792,167
259.609,257.839,168
259.641,257.871,169
259.684,257.914,171
259.714,257.944,172
260.043,258.273,182
260.067,258.297,183
260.090,258.320,184
260.111,258.341,185
260.130,258.360,187
260.153,258.383,187
260.186,258.416,189
260.273,258.503,190
260.313,258.543,191
260.354,258.584,192
260.397,258.627,193
260.447,258.677,194
260.486,258.716,195
260.529,258.759,196
260.571,258.801,197
260.616,258.846,197
260.656,258.886,197
260.699,258.929,197
260.740,258.970,196
260.783,259.013,193
260.823,259.053,193
260.868,259.098,191
260.907,259.137,189
260.948,259.178,187
260.988,259.218,182
261.028,259.258,182
261.070,259.300,180
261.107,259.337,177
261.148,259.378,175
261.190,259.420,169
261.232,259.462,169
261.272,259.502,167
261.309,259.539,164
261.354,259.584,162
261.391,259.621,157
261.432,259.662,157
261.472,259.702,155
261.514,259.744,152
261.553,259.783,149
261.595,259.825,148
261.634,259.864,146
261.675,259.905,143
261.714,259.944,142
261.757,259.987,140
261.794,260.024,137
261.835,260.065,137
261.874,260.104,135
261.914,260.144,134
261.955,260.185,133
261.995,260.225,131
262.035,260.265,131
262.074,260.304,131
262.118,260.348,130
262.155,260.385,130
262.195,260.425,130
262.235,260.465,130
262.274,260.504,130
262.315,260.545,130
262.356,260.586,129
262.395,260.625,129
262.435,260.665,129
262.474,260.704,129
262.515,260.745,130
262.555,260.785,129
262.598,260.828,129
262.639,260.869,130
262.678,260.908,131
262.722,260.952,131
262.755,260.985,132
262.800,261.030,133
262.834,261.064,133
262.877,261.107,133
262.926,261.156,134
262.960,261.190,134
263.000,261.230,133
263.043,261.273,133
263.080,261.310,133
263.114,261.344,133
263.154,261.384,133
263.196,261.426,133
263.234,261.464,133
263.275,261.505,133
263.315,261.545,133
263.355,261.585,132
263.394,261.624,132
263.435,261.665,132
263.475,261.705,131
263.514,261.744,131
263.555,261.785,131
263.595,261.825,132
263.635,261.865,132
263.674,261.904,132
263.714,261.944,133
263.756,261.986,133
263.795,262.025,135
263.835,262.065,135
263.875,262.105,136
263.914,262.144,137
263.956,262.186,137
263.995,262.225,139
264.035,262.265,139
264.075,262.305,140
264.115,262.345,141
264.154,262.384,141
264.195,262.425,142
264.235,262.465,142
264.275,262.505,143
264.314,262.544,143
264.358,262.588,144
264.395,262.625,146
264.435,262.665,146
264.475,262.705,147
264.515,262.745,148
264.555,262.785,148
264.595,262.825,149
264.634,262.864,149
264.675,262.905,150
264.715,262.945,151
264.755,262.985,152
264.795,263.025,154
264.836,263.066,154
264.875,263.105,155
264.916,263.146,157
264.960,263.190,158
265.002,263.232,159
265.057,263.287,160
265.097,263.327,161
265.129,263.359,162
265.152,263.382,163
265.193,263.423,165
265.234,263.464,165
265.273,263.503,166
265.314,263.544,167
265.353,263.583,168
265.397,263.627,170
265.437,263.667,170
265.472,263.702,171
265.513,263.743,172
265.553,263.783,173
265.594,263.824,175
265.633,263.863,176
265.673,263.903,176
265.712,263.942,177
265.754,263.984,178
265.794,264.024,180
265.833,264.063,180
265.877,264.107,182
265.916,264.146,183
265.952,264.182,184
265.992,264.222,185
266.034,264.264,185
266.073,264.303,185
266.112,264.342,185
266.153,264.383,184
266.192,264.422,181
266.234,264.464,181
266.273,264.503,180
266.316,264.546,179
266.356,264.586,177
266.393,264.623,174
266.433,264.663,174
266.473,264.703,172
266.514,264.744,170
266.554,264.784,168
266.592,264.822,167
266.633,264.863,165
266.673,264.903,163
266.712,264.942,162
266.753,264.983,160
266.795,265.025,157
266.838,265.068,157
266.873,265.103,155
266.914,265.144,154
266.955,265.185,153
266.994,265.224,150
267.035,265.265,150
267.074,265.304,148
267.114,265.344,148
267.154,265.384,147
267.194,265.424,144
267.235,265.465,144
267.276,265.506,143
267.316,265.546,143
267.356,265.586,142
267.395,265.625,142
267.435,265.665,142
267.475,265.705,142
267.514,265.744,142
267.554,265.784,141
267.595,265.825,141
267.638,265.868,140
267.674,265.904,140
267.717,265.947,139
267.754,265.984,139
267.796,266.026,138
267.840,266.070,138
267.874,266.104,138
268.164,266.394,138
268.198,266.428,137
268.221,266.451,133
268.266,266.496,133
268.307,266.537,133
268.347,266.577,132
268.388,266.618,132
268.430,266.660,132
268.471,266.701,132
268.509,266.739,131
268.550,266.780,131
268.591,266.821,131
268.632,266.862,131
268.672,266.902,131
268.719,266.949,130
268.756,266.986,130
268.792,267.022,130
268.833,267.063,130
268.874,267.104,131
268.914,267.144,131
268.955,267.185,131
268.993,267.223,131
269.033,267.263,131
269.076,267.306,131
269.114,267.344,131
269.155,267.385,132
269.200,267.430,133
269.235,267.465,133
269.449,267.679,133
269.474,267.704,134
269.496,267.726,137
269.515,267.745,138
269.558,267.788,138
269.597,267.827,139
269.637,267.867,140
269.677,267.907,141
269.718,267.948,141
269.769,267.999,142
269.797,268.027,144
269.837,268.067,144
269.876,268.106,144
269.916,268.146,145
269.954,268.184,146
269.993,268.223,148
270.033,268.263,148
270.074,268.304,148
270.115,268.345,149
270.157,268.387,150
270.198,268.428,152
270.232,268.462,152
270.272,268.502,152
270.314,268.544,153
270.353,268.583,154
270.392,268.622,156
270.434,268.664,156
270.476,268.706,157
270.514,268.744,158
270.552,268.782,159
270.593,268.823,160
270.633,268.863,161
270.674,268.904,162
270.713,268.943,163
270.753,268.983,164
270.793,269.023,166
270.832,269.062,166
270.874,269.104,167
270.913,269.143,168
270.953,269.183,168
270.995,269.225,169
271.035,269.265,169
271.073,269.303,170
271.113,269.343,171
271.152,269.382,172
271.192,269.422,173
271.232,269.462,173
271.274,269.504,174
271.315,269.545,173
271.352,269.582,173
271.398,269.628,170
271.435,269.665,170
271.475,269.705,168
271.513,269.743,166
271.554,269.784,164
271.593,269.823,162
271.633,269.863,160
271.674,269.904,158
271.714,269.944,156
271.756,269.986,154
271.802,270.032,150
271.835,270.065,150
271.882,270.112,148
271.919,270.149,146
271.954,270.184,144
271.996,270.226,141
272.035,270.265,141
272.075,270.305,139
272.115,270.345,138
272.159,270.389,137
272.195,270.425,135
272.235,270.465,135
272.278,270.508,134
272.321,270.551,133
272.355,270.585,133
272.395,270.625,132
272.435,270.665,132
272.478,270.708,132
272.521,270.751,132
272.555,270.785,131
272.595,270.825,131
272.636,270.866,131
272.675,270.905,130
272.716,270.946,130
272.754,270.984,130
272.797,271.027,128
272.837,271.067,128
272.874,271.104,128
272.915,271.145,128
272.956,271.186,127
272.995,271.225,125
273.035,271.265,125
273.076,271.306,125
273.116,271.346,125
273.157,271.387,124
273.194,271.424,123
273.238,271.468,123
273.274,271.504,122
273.314,271.544,122
273.355,271.585,122
273.395,271.625,121
273.434,271.664,121
273.475,271.705,121
273.516,271.746,121
273.555,271.785,121
273.594,271.824,121
273.639,271.869,121
273.679,271.909,122
273.716,271.946,123
273.754,271.984,124
273.798,272.028,126
273.839,272.069,126
273.879,272.109,127
273.917,272.147,127
273.958,272.188,128
273.996,272.226,129
274.035,272.265,129
274.075,272.305,130
274.120,272.350,131
274.156,272.386,132
274.194,272.424,134
274.235,272.465,134
274.274,272.504,135
274.315,272.545,135
274.354,272.584,136
274.394,272.624,138
274.435,272.665,138
274.474,272.704,139
274.515,272.745,141
274.582,272.812,142
274.609,272.839,143
274.637,272.867,143
274.675,272.905,145
274.715,272.945,146
274.755,272.985,147
274.795,273.025,150
274.835,273.065,150
274.876,273.106,151
274.915,273.145,152
274.955,273.185,154
274.994,273.224,156
275.039,273.269,156
275.077,273.307,158
275.115,273.345,159
275.156,273.386,160
275.194,273.424,163
275.235,273.465,163
275.274,273.504,165
275.314,273.544,166
275.355,273.585,167
275.394,273.624,170
275.435,273.665,170
275.475,273.705,171
275.516,273.746,172
275.556,273.786,173
275.596,273.826,174
275.639,273.869,175
275.675,273.905,177
275.714,273.944,178
275.754,273.984,179
275.797,274.027,182
275.840,274.070,182
275.891,274.121,183
275.917,274.147,183
275.957,274.187,184
275.994,274.224,187
276.034,274.264,187
276.074,274.304,188
276.115,274.345,189
276.152,274.382,190
276.194,274.424,191
276.233,274.463,191
276.273,274.503,192
276.313,274.543,192
276.353,274.583,191
276.393,274.623,188
276.434,274.664,188
276.474,274.704,187
276.515,274.745,185
276.559,274.789,183
276.593,274.823,181
276.633,274.863,179
276.674,274.904,178
276.714,274.944,175
276.752,274.982,173
276.793,275.023,169
276.833,275.063,169
276.872,275.102,167
276.914,275.144,165
276.953,275.183,163
276.999,275.229,158
277.039,275.269,158
277.074,275.304,157
277.112,275.342,155
277.154,275.384,153
277.194,275.424,149
277.234,275.464,149
277.272,275.502,147
277.314,275.544,145
277.353,275.583,144
277.393,275.623,142
277.433,275.663,142
277.479,275.709,140
277.513,275.743,140
277.553,275.783,139
277.593,275.823,138
277.634,275.864,137
277.673,275.903,136
277.713,275.943,136
277.754,275.984,135
277.795,276.025,133
277.835,276.065,133
277.877,276.107,133
277.916,276.146,132
277.955,276.185,130
277.998,276.228,129
278.039,276.269,129
278.075,276.305,128
278.116,276.346,126
278.155,276.385,125
278.196,276.426,122
278.236,276.466,122
278.275,276.505,121
278.314,276.544,120
278.357,276.587,119
278.395,276.625,117
278.435,276.665,117
278.474,276.704,117
278.519,276.749,116
278.559,276.789,116
278.597,276.827,115
278.634,276.864,115
278.676,276.906,114
278.715,276.945,114
278.757,276.987,114
278.795,277.025,116
279.140,277.370,116
279.175,277.405,116
279.206,277.436,116
279.234,277.464,116
279.276,277.506,117
279.315,277.545,117
279.356,277.586,118
279.395,277.625,119
279.440,277.670,119
279.475,277.705,120
279.516,277.746,120
279.556,277.786,121
279.600,277.830,121
279.637,277.867,122
279.675,277.905,123
279.715,277.945,124
279.756,277.986,125
279.797,278.027,127
279.838,278.068,127
279.879,278.109,128
279.919,278.149,128
279.959,278.189,129
280.000,278.230,130
280.035,278.265,130
280.074,278.304,131
280.116,278.346,132
280.157,278.387,133
280.195,278.425,134
280.235,278.465,134
280.276,278.506,134
280.315,278.545,135
280.355,278.585,135
280.395,278.625,138
280.437,278.667,138
280.475,278.705,139
280.516,278.746,140
280.559,278.789,140
280.596,278.826,142
280.635,278.865,143
280.676,278.906,143
280.716,278.946,145
280.757,278.987,145
280.795,279.025,147
280.834,279.064,147
280.875,279.105,148
280.916,279.146,149
280.957,279.187,150
280.996,279.226,152
281.036,279.266,152
281.079,279.309,152
281.115,279.345,154
281.155,279.385,155
281.195,279.425,156
281.235,279.465,156
281.275,279.505,157
281.314,279.544,157
281.356,279.586,158
281.395,279.625,160
281.435,279.665,160
281.480,279.710,161
281.516,279.746,162
281.554,279.784,163
281.594,279.824,164
281.637,279.867,164
281.674,279.904,165
281.717,279.947,166
281.757,279.987,166
281.794,280.024,169
281.840,280.070,169
281.880,280.110,169
281.922,280.152,170
281.973,280.203,171
282.001,280.231,173
282.033,280.263,173
282.072,280.302,174
282.113,280.343,175
282.153,280.383,176
282.193,280.423,178
282.234,280.464,178
282.275,280.505,180
282.313,280.543,181
282.354,280.584,182
282.394,280.624,182
282.432,280.662,183
282.474,280.704,184
282.514,280.744,185
282.552,280.782,186
282.594,280.824,189
282.636,280.866,189
282.674,280.904,190
282.714,280.944,190
282.754,280.984,191
282.793,281.023,194
282.834,281.064,194
282.873,281.103,194
282.915,281.145,194
282.953,281.183,193
282.994,281.224,191
283.034,281.264,191
283.074,281.304,189
283.114,281.344,188
283.154,281.384,186
283.196,281.426,181
283.238,281.468,181
283.275,281.505,179
283.312,281.542,177
283.352,281.582,175
283.395,281.625,170
283.434,281.664,170
283.474,281.704,167
283.513,281.743,164
283.559,281.789,162
283.595,281.825,156
283.633,281.863,156
283.673,281.903,154
283.715,281.945,152
283.755,281.985,150
283.794,282.024,146
283.836,282.066,146
283.877,282.107,144
283.916,282.146,142
283.960,282.190,140
283.995,282.225,138
284.036,282.266,138
284.077,282.307,136
284.115,282.345,135
284.156,282.386,134
284.198,282.428,133
284.236,282.466,133
284.276,282.506,132
284.316,282.546,131
284.358,282.588,130
284.398,282.628,129
284.436,282.666,129
284.476,282.706,128
284.519,282.749,128
284.557,282.787,128
284.596,282.826,125
284.639,282.869,125
284.676,282.906,124
284.717,282.947,124
284.758,282.988,123
284.798,283.028,122
284.836,283.066,122
284.877,283.107,121
284.918,283.148,120
284.961,283.191,120
284.997,283.227,119
285.036,283.266,119
285.079,283.309,118
285.119,283.349,117
285.156,283.386,116
285.197,283.427,115
285.236,283.466,115
285.277,283.507,114
285.320,283.550,114
285.359,283.589,113
285.398,283.628,112
285.437,283.667,112
285.477,283.707,111
285.518,283.748,110
285.557,283.787,110
285.601,283.831,109
285.638,283.868,109
285.677,283.907,108
285.716,283.946,107
285.756,283.986,107
285.794,284.024,106
285.843,284.073,106
285.881,284.111,105
285.922,284.152,105
285.962,284.192,105
285.998,284.228,107
286.039,284.269,107
286.077,284.307,107
286.118,284.348,108
286.156,284.386,108
286.196,284.426,109
286.238,284.468,109
286.275,284.505,110
286.316,284.546,111
286.355,284.585,111
286.396,284.626,112
286.437,284.667,112
286.475,284.705,112
286.515,284.745,113
286.556,284.786,113
286.597,284.827,115
286.637,284.867,115
286.676,284.906,116
286.716,284.946,117
286.756,284.986,119
286.798,285.028,121
286.836,285.066,121
286.875,285.105,123
286.915,285.145,125
286.959,285.189,126
286.996,285.226,129
287.036,285.266,129
287.078,285.308,131
287.117,285.347,132
287.156,285.386,134
287.199,285.429,137
287.236,285.466,137
287.275,285.505,138
287.316,285.546,140
287.356,285.586,140
287.396,285.626,142
287.435,285.665,142
287.477,285.707,
287.517,285.747,145
287.555,285.785,146
287.598,285.828,147
287.636,285.866,148
287.676,285.906,149
287.717,285.947,149
287.756,285.986,150
287.795,286.025,153
287.843,286.073,153
287.881,286.111,153
287.921,286.151,154
287.963,286.193,154
288.012,286.242,156
288.039,286.269,156
288.075,286.305,156
288.113,286.343,157
288.155,286.385,157
288.195,286.425,157
288.234,286.464,157
288.273,286.503,157
288.315,286.545,158
288.354,286.584,158
288.671,286.901,159
288.694,286.924,159
288.723,286.953,160
288.753,286.983,164
288.793,287.023,166
288.835,287.065,166
288.872,287.102,168
288.912,287.142,168
288.954,287.184,169
288.999,287.229,170
289.034,287.264,170
289.073,287.303,171
289.115,287.345,172
289.153,287.383,173
289.194,287.424,175
289.232,287.462,175
289.275,287.505,176
289.314,287.544,177
289.359,287.589,178
289.396,287.626,180
289.434,287.664,180
289.473,287.703,181
289.514,287.744,182
289.554,287.784,183
289.594,287.824,184
289.635,287.865,185
289.676,287.906,186
289.714,287.944,187
289.758,287.988,188
289.794,288.024,190
289.836,288.066,190
289.876,288.106,191
289.917,288.147,192
289.959,288.189,193
289.996,288.226,195
290.038,288.268,195
290.078,288.308,196
290.115,288.345,197
290.158,288.388,198
290.197,288.427,199
290.238,288.468,199
290.277,288.507,200
290.316,288.546,201
290.356,288.586,201
290.396,288.626,203
290.436,288.666,203
290.479,288.709,203
290.518,288.748,204
290.558,288.788,204
290.599,288.829,204
290.638,288.868,205
290.679,288.909,205
290.717,288.947,206
290.758,288.988,207
290.798,289.028,207
290.838,289.068,207
290.878,289.108,208
290.917,289.147,208
290.958,289.188,208
291.000,289.230,209
291.038,289.268,209
291.080,289.310,209
291.122,289.352,209
291.157,289.387,209
291.200,289.430,209
291.251,289.481,209
291.279,289.509,209
291.316,289.546,209
291.358,289.588,209
291.396,289.626,210
291.438,289.668,210
291.478,289.708,210
291.519,289.749,210
291.560,289.790,211
291.596,289.826,211
291.639,289.869,212
291.677,289.907,213
291.716,289.946,213
291.755,289.985,214
291.797,290.027,215
291.838,290.068,215
291.880,290.110,216
291.921,290.151,217
291.960,290.190,217
292.002,290.232,217
292.041,290.271,217
292.083,290.313,217
292.136,290.366,217
292.163,290.393,218
292.200,290.430,219
292.240,290.470,219
292.274,290.504,219
292.312,290.542,220
292.355,290.585,220
292.393,290.623,219
292.433,290.663,219
292.474,290.704,219
292.514,290.744,220
292.556,290.786,220
292.595,290.825,220
292.633,290.863,222
292.674,290.904,223
292.715,290.945,224
292.752,290.982,226
292.792,291.022,227
292.835,291.065,227
292.874,291.104,228
292.914,291.144,228
292.954,291.184,229
292.995,291.225,230
293.034,291.264,230
293.073,291.303,230
293.112,291.342,231
293.153,291.383,231
293.194,291.424,232
293.232,291.462,232
293.272,291.502,233
293.314,291.544,234
293.353,291.583,234
293.395,291.625,236
293.434,291.664,236
293.475,291.705,236
293.513,291.743,237
293.555,291.785,237
293.594,291.824,238
293.633,291.863,238
293.673,291.903,238
293.714,291.944,239
293.751,291.981,239
293.793,292.023,240
293.832,292.062,240
293.874,292.104,240
293.914,292.144,241
293.953,292.183,241
293.996,292.226,242
294.033,292.263,242
294.076,292.306,242
294.115,292.345,243
294.154,292.384,243
294.197,292.427,244
294.235,292.465,244
294.275,292.505,244
294.315,292.545,243
294.354,292.584,243
294.395,292.625,241
294.435,292.665,241
294.478,292.708,239
294.515,292.745,237
294.555,292.785,236
294.595,292.825,234
294.636,292.866,232
294.679,292.909,230
294.715,292.945,228
294.755,292.985,226
294.795,293.025,224
294.836,293.066,224
294.875,293.105,222
294.914,293.144,221
294.955,293.185,221
294.999,293.229,220
295.038,293.268,220
295.075,293.305,219
295.114,293.344,219
295.155,293.385,219
295.198,293.428,219
295.237,293.467,219
295.274,293.504,218
295.317,293.547,217
295.354,293.584,216
295.394,293.624,213
295.438,293.668,213
295.476,293.706,212
295.515,293.745,210
295.554,293.784,208
295.596,293.826,206
295.635,293.865,204
295.675,293.905,202
295.715,293.945,199
295.755,293.985,196
295.795,294.025,191
295.835,294.065,191
295.875,294.105,189
295.915,294.145,188
295.959,294.189,186
295.997,294.227,182
296.036,294.266,182
296.079,294.309,180
296.119,294.349,179
296.154,294.384,177
296.195,294.425,175
296.235,294.465,175
296.275,294.505,175
296.315,294.545,174
296.356,294.586,173
296.396,294.626,172
296.435,294.665,172
296.478,294.708,171
296.514,294.744,171
296.555,294.785,170
296.729,294.959,169
296.768,294.998,168
296.804,295.034,164
296.840,295.070,164
296.884,295.114,163
296.921,295.151,162
296.960,295.190,161
296.996,295.226,159
297.038,295.268,159
297.078,295.308,158
297.113,295.343,158
297.153,295.383,157
297.195,295.425,156
297.234,295.464,156
297.273,295.503,155
297.312,295.542,154
297.353,295.583,153
297.393,295.623,151
297.433,295.663,151
297.474,295.704,151
297.517,295.747,150
297.552,295.782,150
297.593,295.823,150
297.640,295.870,150
297.673,295.903,150
297.714,295.944,150
297.754,295.984,151
297.793,296.023,152
297.833,296.063,152
297.873,296.103,152
297.914,296.144,152
298.130,296.360,153
298.154,296.384,153
298.181,296.411,153
298.209,296.439,155
298.238,296.468,155
298.272,296.502,156
298.314,296.544,156
298.352,296.582,156
298.394,296.624,158
298.433,296.663,158
298.476,296.706,158
298.516,296.746,158
298.553,296.783,159
298.594,296.824,160
298.633,296.863,161
298.673,296.903,161
298.714,296.944,162
298.754,296.984,162
298.794,297.024,163
298.833,297.063,163
298.873,297.103,163
298.916,297.146,163
298.956,297.186,164
298.996,297.226,164
299.039,297.269,164
299.076,297.306,165
299.116,297.346,165
299.154,297.384,165
299.194,297.424,166
299.235,297.465,166
299.276,297.506,166
299.315,297.545,167
299.354,297.584,167
299.394,297.624,168
299.435,297.665,168
299.475,297.705,169
299.519,297.749,170
299.557,297.787,170
299.594,297.824,171
299.634,297.864,172
299.674,297.904,173
299.715,297.945,174
299.754,297.984,174
299.796,298.026,177
299.837,298.067,177
299.874,298.104,177
299.917,298.147,178
299.957,298.187,180
299.995,298.225,181
300.034,298.264,181
300.075,298.305,182
300.114,298.344,184
300.155,298.385,185
300.196,298.426,186
300.236,298.466,186
300.275,298.505,187
300.316,298.546,188
300.359,298.589,188
300.395,298.625,189
300.434,298.664,189
300.475,298.705,189
300.515,298.745,189
300.554,298.784,189
300.596,298.826,189
300.636,298.866,189
300.674,298.904,189
300.716,298.946,189
300.760,298.990,189
300.801,299.031,190
300.835,299.065,190
300.876,299.106,190
300.917,299.147,190
300.959,299.189,190
301.003,299.233,190
301.038,299.268,190
301.076,299.306,190
301.115,299.345,190
301.154,299.384,190
301.195,299.425,190
301.235,299.465,190
301.278,299.508,190
301.320,299.550,191
301.355,299.585,192
301.395,299.625,193
301.435,299.665,193
301.474,299.704,194
301.517,299.747,194
301.555,299.785,195
301.595,299.825,195
301.639,299.869,196
301.674,299.904,196
301.715,299.945,197
301.757,299.987,198
301.795,300.025,199
301.835,300.065,199
301.875,300.105,199
301.913,300.143,199
301.954,300.184,200
301.995,300.225,201
302.045,300.275,201
302.074,300.304,202
302.115,300.345,202
302.155,300.385,202
302.195,300.425,203
302.234,300.464,203
302.275,300.505,204
302.314,300.544,205
302.353,300.583,205
302.395,300.625,206
302.434,300.664,206
302.517,300.747,207
302.547,300.777,207
302.571,300.801,208
302.594,300.824,209
302.634,300.864,209
302.674,300.904,210
302.714,300.944,210
302.754,300.984,211
302.794,301.024,213
302.835,301.065,213
302.875,301.105,214
302.917,301.147,215
302.958,301.188,216
302.997,301.227,217
303.037,301.267,217
303.077,301.307,218
303.116,301.346,219
303.154,301.384,220
303.193,301.423,221
303.235,301.465,221
303.272,301.502,222
303.314,301.544,222
303.353,301.583,223
303.394,301.624,225
303.434,301.664,225
303.472,301.702,225
303.512,301.742,226
303.553,301.783,226
303.593,301.823,227
303.634,301.864,227
303.674,301.904,228
303.713,301.943,227
303.754,301.984,227
303.794,302.024,227
303.833,302.063,227
303.878,302.108,226
303.921,302.151,226
303.953,302.183,226
303.992,302.222,227
304.034,302.264,227
304.074,302.304,227
304.112,302.342,226
304.153,302.383,226
304.194,302.424,226
304.232,302.462,226
304.273,302.503,226
304.314,302.544,226
304.359,302.589,225
304.394,302.624,225
304.433,302.663,225
304.473,302.703,225
304.514,302.744,225
304.554,302.784,225
304.593,302.823,225
304.633,302.863,225
304.674,302.904,225
304.713,302.943,225
304.753,302.983,225
304.801,303.031,225
304.833,303.063,225
304.873,303.103,225
304.913,303.143,225
304.954,303.184,225
304.995,303.225,225
305.035,303.265,225
305.074,303.304,225
305.115,303.345,225
305.155,303.385,225
305.195,303.425,225
305.237,303.467,225
305.281,303.511,226
305.315,303.545,226
305.354,303.584,225
305.395,303.625,226
305.435,303.665,226
305.474,303.704,226
305.514,303.744,226
305.554,303.784,227
305.594,303.824,227
305.636,303.866,228
305.681,303.911,228
305.716,303.946,229
305.756,303.986,230
305.799,304.029,231
305.834,304.064,231
305.875,304.105,231
305.915,304.145,231
305.956,304.186,231
305.996,304.226,230
306.035,304.265,230
306.082,304.312,229
306.118,304.348,228
306.155,304.385,227
306.196,304.426,226
306.235,304.465,226
306.276,304.506,225
306.316,304.546,225
306.355,304.585,224
306.396,304.626,222
306.435,304.665,222
306.475,304.705,222
306.521,304.751,221
306.555,304.785,220
306.597,304.827,219
306.635,304.865,219
306.674,304.904,218
306.714,304.944,218
306.756,304.986,217
306.795,305.025,214
306.835,305.065,214
306.875,305.105,213
306.914,305.144,213
306.959,305.189,212
306.998,305.228,211
307.039,305.269,211
307.077,305.307,211
307.118,305.348,211
307.156,305.386,211
307.195,305.425,211
307.234,305.464,211
307.275,305.505,211
307.315,305.545,210
307.354,305.584,210
307.394,305.624,211
307.435,305.665,211
307.475,305.705,211
307.806,306.036,211
307.839,306.069,212
307.860,306.090,213
307.901,306.131,214
307.943,306.173,214
307.984,306.214,215
308.025,306.255,215
308.071,306.301,216
308.110,306.340,216
308.151,306.381,216
308.192,306.422,217
308.235,306.465,217
308.272,306.502,218
308.312,306.542,218
308.352,306.582,219
308.393,306.623,219
308.435,306.665,219
308.474,306.704,219
308.515,306.745,219
308.557,306.787,220
308.594,306.824,221
308.634,306.864,221
308.674,306.904,222
308.713,306.943,222
308.755,306.985,223
308.794,307.024,223
308.834,307.064,223
308.875,307.105,223
308.914,307.144,224
308.958,307.188,225
309.012,307.242,225
309.041,307.271,225
309.079,307.309,225
309.118,307.348,226
309.153,307.383,226
309.193,307.423,227
309.233,307.463,227
309.275,307.505,228
309.316,307.546,228
309.353,307.583,228
309.392,307.622,229
309.434,307.664,229
309.475,307.705,229
309.514,307.744,230
309.559,307.789,231
309.596,307.826,232
309.636,307.866,232
309.672,307.902,233
309.714,307.944,233
309.754,307.984,234
309.794,308.024,235
309.834,308.064,235
309.871,308.101,236
309.913,308.143,237
309.953,308.183,238
309.994,308.224,239
310.033,308.263,239
310.075,308.305,239
310.113,308.343,240
310.153,308.383,241
310.193,308.423,242
310.234,308.464,242
310.318,308.548,242
310.336,308.566,242
310.355,308.585,243
310.394,308.624,243
310.434,308.664,243
310.473,308.703,244
310.518,308.748,245
310.554,308.784,245
310.594,308.824,246
310.633,308.863,246
310.673,308.903,246
310.714,308.944,247
310.754,308.984,247
310.793,309.023,248
310.833,309.063,248
310.872,309.102,248
310.914,309.144,248
310.955,309.185,249
310.995,309.225,249
311.039,309.269,249
311.079,309.309,249
311.115,309.345,249
311.154,309.384,249
311.199,309.429,249
311.236,309.466,249
311.276,309.506,250
311.314,309.544,250
311.354,309.584,251
311.397,309.627,252
311.435,309.665,252
311.474,309.704,253
311.516,309.746,253
311.556,309.786,253
311.595,309.825,254
311.635,309.865,254
311.675,309.905,255
311.714,309.944,255
311.754,309.984,255
311.796,310.026,256
311.836,310.066,256
311.879,310.109,256
311.916,310.146,257
311.954,310.184,257
311.996,310.226,258
312.039,310.269,258
312.075,310.305,259
312.115,310.345,259
312.156,310.386,260
312.197,310.427,261
312.237,310.467,261
312.276,310.506,261
312.315,310.545,262
312.360,310.590,262
312.395,310.625,263
312.434,310.664,263
312.475,310.705,264
312.515,310.745,264
312.554,310.784,264
312.594,310.824,265
312.636,310.866,265
312.676,310.906,266
312.715,310.945,266
312.756,310.986,267
312.800,311.030,267
312.835,311.065,267
312.881,311.111,267
312.914,311.144,268
312.958,311.188,268
312.997,311.227,269
313.036,311.266,269
313.080,311.310,269
313.120,311.350,269
313.163,311.393,270
313.208,311.438,271
313.238,311.468,271
313.277,311.507,271
313.319,311.549,271
313.359,311.589,271
313.394,311.624,272
313.432,311.662,272
313.473,311.703,273
313.513,311.743,273
313.554,311.784,273
313.593,311.823,274
313.634,311.864,274
313.674,311.904,275
313.714,311.944,275
313.752,311.982,275
313.793,312.023,276
313.834,312.064,276
313.873,312.103,276
313.914,312.144,276
313.954,312.184,276
313.993,312.223,278
314.034,312.264,278
314.073,312.303,279
314.114,312.344,279
314.154,312.384,278
314.193,312.423,275
314.233,312.463,275
314.274,312.504,274
314.312,312.542,272
314.353,312.583,271
314.393,312.623,269
314.434,312.664,269
314.473,312.703,268
314.518,312.748,266
314.553,312.783,265
314.594,312.824,261
314.633,312.863,261
314.673,312.903,259
314.715,312.945,257
314.752,312.982,254
314.793,313.023,248
314.834,313.064,248
314.873,313.103,245
314.916,313.146,242
314.960,313.190,240
314.998,313.228,235
315.034,313.264,235
315.073,313.303,233
315.113,313.343,230
315.154,313.384,228
315.195,313.425,224
315.238,313.468,224
315.275,313.505,222
315.319,313.549,221
315.358,313.588,218
315.399,313.629,214
315.437,313.667,214
315.475,313.705,211
315.515,313.745,209
315.557,313.787,208
315.595,313.825,207
315.636,313.866,205
315.676,313.906,203
315.717,313.947,201
315.756,313.986,200
315.795,314.025,197
315.835,314.065,197
315.880,314.110,196
315.981,314.211,195
316.012,314.242,194
316.053,314.283,192
316.096,314.326,191
316.139,314.369,190
316.180,314.410,188
316.233,314.463,188
316.263,314.493,188
316.311,314.541,187
316.346,314.576,186
316.388,314.618,185
316.432,314.662,185
316.472,314.702,184
316.514,314.744,184
316.553,314.783,184
316.592,314.822,183
316.636,314.866,182
316.674,314.904,182
316.713,314.943,182
316.755,314.985,181
316.797,315.027,182
316.837,315.067,182
316.877,315.107,181
316.920,315.150,181
316.959,315.189,180
316.995,315.225,180
317.038,315.268,180
317.387,315.617,180
317.416,315.646,179
317.440,315.670,177
317.475,315.705,176
317.516,315.746,176
317.557,315.787,175
317.595,315.825,175
317.637,315.867,175
317.680,315.910,175
317.717,315.947,174
317.762,315.992,174
317.801,316.031,174
317.838,316.068,174
317.878,316.108,174
317.918,316.148,174
317.957,316.187,173
318.001,316.231,173
318.041,316.271,173
318.078,316.308,172
318.120,316.350,172
318.161,316.391,172
318.194,316.424,173
318.234,316.464,173
318.280,316.510,173
318.315,316.545,173
318.354,316.584,173
318.393,316.623,174
318.433,316.663,174
318.476,316.706,174
318.515,316.745,174
318.554,316.784,174
318.593,316.823,175
318.635,316.865,175
318.675,316.905,175
318.715,316.945,175
318.759,316.989,175
318.795,317.025,173
318.834,317.064,173
318.874,317.104,173
318.914,317.144,172
318.955,317.185,171
318.995,317.225,168
319.034,317.264,168
319.075,317.305,167
319.114,317.344,165
319.154,317.384,164
319.195,317.425,161
319.235,317.465,161
319.275,317.505,160
319.319,317.549,158
319.356,317.586,156
319.393,317.623,153
319.434,317.664,153
319.474,317.704,151
319.514,317.744,150
319.556,317.786,149
319.593,317.823,148
319.634,317.864,146
319.676,317.906,145
319.716,317.946,144
319.755,317.985,143
319.795,318.025,141
319.834,318.064,141
319.879,318.109,141
319.915,318.145,140
319.953,318.183,140
319.998,318.228,138
320.036,318.266,138
320.077,318.307,138
320.117,318.347,137
320.159,318.389,136
320.198,318.428,136
320.237,318.467,136
320.280,318.510,135
320.316,318.546,135
320.355,318.585,134
320.396,318.626,133
320.437,318.667,133
320.476,318.706,132
320.516,318.746,132
320.557,318.787,132
320.598,318.828,131
320.637,318.867,131
320.677,318.907,131
320.717,318.947,131
320.759,318.989,130
320.797,319.027,130
320.837,319.067,130
320.878,319.108,130
320.918,319.148,130
320.958,319.188,129
320.998,319.228,130
321.038,319.268,130
321.078,319.308,130
321.118,319.348,130
321.158,319.388,131
321.198,319.428,131
321.238,319.468,131
321.278,319.508,131
321.318,319.548,131
321.358,319.588,131
321.396,319.626,132
321.438,319.668,132
321.479,319.709,132
321.517,319.747,133
321.557,319.787,133
321.599,319.829,133
321.637,319.867,133
321.677,319.907,133
321.716,319.946,134
321.757,319.987,134
321.797,320.027,135
321.841,320.071,135
321.878,320.108,136
321.917,320.147,136
321.955,320.185,137
322.002,320.232,138
322.079,320.309,138
322.111,320.341,138
322.147,320.377,140
322.189,320.419,142
322.225,320.455,142
322.266,320.496,143
322.306,320.536,144
322.348,320.578,145
322.391,320.621,147
322.429,320.659,147
322.469,320.699,148
322.508,320.738,148
322.551,320.781,149
322.592,320.822,150
322.631,320.861,151
322.672,320.902,152
322.711,320.941,153
322.755,320.985,154
322.792,321.022,155
322.835,321.065,155
322.874,321.104,156
322.915,321.145,157
322.953,321.183,158
322.996,321.226,160
323.033,321.263,160
323.075,321.305,161
323.113,321.343,162
323.153,321.383,163
323.195,321.425,164
323.234,321.464,164
323.275,321.505,166
323.317,321.547,167
323.359,321.589,168
323.400,321.630,170
323.436,321.666,170
323.476,321.706,171
323.515,321.745,172
323.556,321.786,172
323.595,321.825,173
323.635,321.865,174
323.678,321.908,175
323.714,321.944,176
323.756,321.986,177
323.794,322.024,178
323.837,322.067,178
323.877,322.107,178
323.916,322.146,179
323.955,322.185,180
323.997,322.227,183
324.043,322.273,183
324.081,322.311,184
324.123,322.353,185
324.162,322.392,186
324.199,322.429,187
324.233,322.463,187
324.274,322.504,189
324.316,322.546,190
324.356,322.586,191
324.394,322.624,193
324.433,322.663,193
324.473,322.703,194
324.513,322.743,194
324.555,322.785,193
324.597,322.827,191
324.633,322.863,191
324.673,322.903,190
324.714,322.944,188
324.753,322.983,186
324.795,323.025,182
324.833,323.063,182
324.873,323.103,180
324.915,323.145,178
324.953,323.183,176
324.993,323.223,171
325.033,323.263,171
325.074,323.304,168
325.112,323.342,166
325.153,323.383,164
325.193,323.423,159
325.232,323.462,159
325.273,323.503,157
325.316,323.546,155
325.354,323.584,153
325.392,323.622,149
325.434,323.664,149
325.474,323.704,146
325.514,323.744,144
325.553,323.783,142
325.593,323.823,140
325.634,323.864,138
325.674,323.904,136
325.715,323.945,134
325.754,323.984,133
325.797,324.027,130
325.834,324.064,130
325.872,324.102,129
325.912,324.142,128
325.954,324.184,127
325.992,324.222,125
326.040,324.270,125
326.079,324.309,124
326.117,324.347,123
326.155,324.385,122
326.193,324.423,119
326.237,324.467,119
326.277,324.507,118
326.315,324.545,117
326.355,324.585,116
326.394,324.624,114
326.434,324.664,114
326.474,324.704,113
326.515,324.745,112
326.554,324.784,111
326.595,324.825,110
326.911,325.141,110
326.936,325.166,109
326.960,325.190,109
326.989,325.219,108
327.029,325.259,108
327.070,325.300,107
327.110,325.340,107
327.150,325.380,107
327.191,325.421,106
327.234,325.464,106
327.273,325.503,106
327.321,325.551,105
327.353,325.583,104
327.392,325.622,105
327.433,325.663,105
327.473,325.703,105
327.514,325.744,105
327.554,325.784,105
327.594,325.824,105
327.634,325.864,105
327.674,325.904,106
327.716,325.946,106
327.755,325.985,106
327.794,326.024,107
327.835,326.065,107
327.875,326.105,107
327.914,326.144,108
327.955,326.185,109
327.996,326.226,109
328.042,326.272,109
328.083,326.313,109
328.119,326.349,110
328.169,326.399,110
328.200,326.430,112
328.239,326.469,112
328.278,326.508,113
328.321,326.551,113
328.357,326.587,113
328.404,326.634,116
328.438,326.668,116
328.475,326.705,117
328.514,326.744,118
328.555,326.785,119
328.593,326.823,120
328.634,326.864,121
328.673,326.903,121
328.716,326.946,122
328.755,326.985,123
328.795,327.025,125
328.834,327.064,125
328.875,327.105,127
328.917,327.147,128
328.956,327.186,130
328.995,327.225,132
329.035,327.265,132
329.075,327.305,134
329.116,327.346,135
329.154,327.384,136
329.194,327.424,139
329.235,327.465,139
329.274,327.504,141
329.314,327.544,142
329.355,327.585,143
329.396,327.626,145
329.435,327.665,145
329.475,327.705,146
329.519,327.749,147
329.555,327.785,149
329.594,327.824,150
329.635,327.865,151
329.674,327.904,152
329.715,327.945,153
329.755,327.985,154
329.795,328.025,157
329.835,328.065,157
329.875,328.105,158
329.914,328.144,159
329.955,328.185,160
329.995,328.225,162
330.035,328.265,162
330.075,328.305,163
330.114,328.344,164
330.154,328.384,165
330.194,328.424,167
330.236,328.466,167
330.277,328.507,168
330.316,328.546,169
330.359,328.589,170
330.397,328.627,172
330.436,328.666,172
330.474,328.704,173
330.513,328.743,174
330.554,328.784,175
330.596,328.826,176
330.635,328.865,177
330.678,328.908,178
330.987,329.217,179
331.017,329.247,180
331.048,329.278,182
331.074,329.304,189
331.113,329.343,189
331.152,329.382,190
331.191,329.421,192
331.232,329.462,192
331.273,329.503,192
331.313,329.543,193
331.354,329.584,194
331.393,329.623,196
331.434,329.664,196
331.473,329.703,197
331.513,329.743,198
331.554,329.784,199
331.593,329.823,200
331.634,329.864,200
331.674,329.904,201
331.714,329.944,202
331.755,329.985,203
331.795,330.025,204
331.834,330.064,204
331.874,330.104,205
331.916,330.146,206
331.954,330.184,206
331.995,330.225,208
332.035,330.265,208
332.077,330.307,209
332.118,330.348,210
332.155,330.385,211
332.194,330.424,212
332.237,330.467,212
332.275,330.505,212
332.315,330.545,213
332.352,330.582,214
332.394,330.624,215
332.434,330.664,215
332.474,330.704,216
332.515,330.745,216
332.556,330.786,217
332.594,330.824,217
332.636,330.866,218
332.674,330.904,218
332.715,330.945,219
332.755,330.985,219
332.795,331.025,220
332.834,331.064,220
332.874,331.104,221
332.915,331.145,221
332.954,331.184,221
332.994,331.224,219
333.039,331.269,219
333.076,331.306,218
333.114,331.344,216
333.154,331.384,214
333.194,331.424,210
333.235,331.465,210
333.274,331.504,208
333.314,331.544,205
333.355,331.585,205
333.395,331.625,203
333.435,331.665,199
333.477,331.707,199
333.517,331.747,197
333.556,331.786,195
333.598,331.828,193
333.637,331.867,191
333.675,331.905,189
333.713,331.943,187
333.754,331.984,185
333.793,332.023,182
333.833,332.063,178
333.873,332.103,178
333.914,332.144,177
333.960,332.190,175
333.993,332.223,174
334.032,332.262,171
334.074,332.304,171
334.113,332.343,169
334.154,332.384,168
334.193,332.423,166
334.233,332.463,164
334.273,332.503,164
334.314,332.544,163
334.353,332.583,162
334.401,332.631,162
334.434,332.664,160
334.474,332.704,160
334.513,332.743,159
334.555,332.785,158
334.592,332.822,158
334.634,332.864,157
334.674,332.904,157
334.713,332.943,157
334.752,332.982,156
334.792,333.022,156
334.834,333.064,154
334.874,333.104,154
334.914,333.144,154
334.959,333.189,154
334.996,333.226,153
335.057,333.287,153
335.077,333.307,153
335.113,333.343,153
335.154,333.384,152
335.194,333.424,152
335.233,333.463,152
335.275,333.505,152
335.313,333.543,153
335.353,333.583,153
335.392,333.622,153
335.439,333.669,154
335.473,333.703,154
335.515,333.745,155
335.555,333.785,156
335.594,333.824,157
335.635,333.865,158
335.676,333.906,158
335.715,333.945,158
335.754,333.984,159
335.795,334.025,159
335.834,334.064,161
335.874,334.104,161
335.919,334.149,161
335.955,334.185,162
335.995,334.225,162
336.034,334.264,163
336.075,334.305,165
336.114,334.344,166
336.492,334.722,167
336.517,334.747,168
336.544,334.774,169
336.571,334.801,172
336.611,334.841,172
336.648,334.878,173
336.677,334.907,173
336.715,334.945,173
336.755,334.985,174
336.795,335.025,174
336.835,335.065,176
336.881,335.111,176
336.915,335.145,176
336.961,335.191,177
336.994,335.224,177
337.035,335.265,179
337.075,335.305,179
337.115,335.345,180
337.155,335.385,181
337.195,335.425,181
337.234,335.464,182
337.276,335.506,182
337.317,335.547,183
337.354,335.584,183
337.396,335.626,184
337.434,335.664,185
337.479,335.709,185
337.517,335.747,185
337.554,335.784,185
337.594,335.824,185
337.635,335.865,186
337.676,335.906,186
337.715,335.945,186
337.755,335.985,186
337.794,336.024,185
337.835,336.065,186
337.874,336.104,186
337.915,336.145,185
337.956,336.186,185
337.997,336.227,185
338.038,336.268,185
338.075,336.305,185
338.115,336.345,185
338.155,336.385,185
338.195,336.425,184
338.235,336.465,184
338.275,336.505,184
338.314,336.544,184
338.354,336.584,184
338.399,336.629,184
338.436,336.666,184
338.479,336.709,184
338.519,336.749,183
338.557,336.787,183
338.599,336.829,183
338.637,336.867,183
338.691,336.921,183
338.723,336.953,183
338.755,336.985,183
338.794,337.024,184
338.834,337.064,183
338.874,337.104,183
338.915,337.145,182
338.955,337.185,182
338.994,337.224,182
339.035,337.265,182
339.079,337.309,182
339.115,337.345,182
339.154,337.384,182
339.194,337.424,182
339.234,337.464,182
339.275,337.505,182
339.313,337.543,182
339.354,337.584,183
339.395,337.625,183
339.435,337.665,183
339.474,337.704,183
339.515,337.745,184
339.555,337.785,184
339.595,337.825,184
339.635,337.865,183
339.675,337.905,183
339.715,337.945,183
339.755,337.985,183
339.795,338.025,183
339.835,338.065,183
339.875,338.105,183
339.915,338.145,184
339.954,338.184,184
339.994,338.224,185
340.034,338.264,186
340.075,338.305,186
340.115,338.345,187
340.155,338.385,187
340.194,338.424,188
340.235,338.465,189
340.275,338.505,189
340.315,338.545,190
340.359,338.589,190
340.395,338.625,191
340.435,338.665,192
340.473,338.703,192
340.514,338.744,192
340.555,338.785,193
340.594,338.824,193
340.635,338.865,194
340.675,338.905,194
340.716,338.946,194
340.755,338.985,194
340.795,339.025,195
340.835,339.065,195
340.874,339.104,195
340.916,339.146,196
340.955,339.185,196
340.993,339.223,196
341.034,339.264,197
341.076,339.306,197
341.114,339.344,198
341.159,339.389,198
341.196,339.426,199
341.237,339.467,199
341.275,339.505,199
341.315,339.545,200
341.354,339.584,200
341.395,339.625,200
341.436,339.666,201
341.475,339.705,201
341.516,339.746,202
341.555,339.785,203
341.595,339.825,203
341.634,339.864,204
341.677,339.907,204
341.719,339.949,205
341.757,339.987,205
341.798,340.028,205
341.837,340.067,206
341.879,340.109,206
341.920,340.150,207
341.953,340.183,208
341.993,340.223,209
342.034,340.264,210
342.073,340.303,210
342.113,340.343,211
342.153,340.383,212
342.194,340.424,212
342.234,340.464,214
342.275,340.505,214
342.313,340.543,214
342.353,340.583,215
342.395,340.625,215
342.433,340.663,216
342.472,340.702,216
342.514,340.744,217
342.553,340.783,217
342.594,340.824,218
342.639,340.869,219
342.674,340.904,219
342.714,340.944,220
342.753,340.983,220
342.793,341.023,221
342.832,341.062,223
342.872,341.102,223
342.914,341.144,223
342.954,341.184,224
342.993,341.223,224
343.039,341.269,226
343.074,341.304,226
343.113,341.343,226
343.153,341.383,227
343.195,341.425,227
343.233,341.463,229
343.273,341.503,229
343.314,341.544,229
343.354,341.584,230
343.394,341.624,231
343.435,341.665,232
343.477,341.707,232
343.512,341.742,233
343.553,341.783,234
343.592,341.822,234
343.634,341.864,234
343.672,341.902,235
343.714,341.944,236
343.755,341.985,237
343.800,342.030,238
343.835,342.065,239
343.878,342.108,239
343.918,342.148,239
343.959,342.189,240
343.995,342.225,240
344.035,342.265,241
344.075,342.305,241
344.118,342.348,241
344.155,342.385,242
344.195,342.425,243
344.236,342.466,244
344.275,342.505,244
344.316,342.546,244
344.356,342.586,245
344.398,342.628,245
344.435,342.665,246
344.476,342.706,246
344.515,342.745,247
344.555,342.785,247
344.596,342.826,248
344.637,342.867,249
344.676,342.906,249
344.719,342.949,250
344.756,342.986,250
344.798,343.028,251
344.835,343.065,251
344.876,343.106,251
344.914,343.144,252
344.959,343.189,253
345.000,343.230,253
345.039,343.269,254
345.078,343.308,254
345.120,343.350,255
345.154,343.384,255
345.197,343.427,256
345.234,343.464,256
345.278,343.508,256
345.315,343.545,256
345.354,343.584,257
345.396,343.626,258
345.435,343.665,258
345.473,343.703,258
345.515,343.745,259
345.555,343.785,260
345.595,343.825,261
345.635,343.865,261
345.943,344.173,261
346.234,344.464,262
346.253,344.483,262
346.272,344.502,268
346.312,344.542,269
346.353,344.583,270
346.394,344.624,271
346.433,344.663,271
346.475,344.705,271
346.515,344.745,272
346.558,344.788,272
346.594,344.824,273
346.636,344.866,274
346.675,344.905,274
346.715,344.945,274
346.753,344.983,274
346.793,345.023,275
346.834,345.064,276
346.877,345.107,276
346.919,345.149,277
346.960,345.190,277
347.000,345.230,277
347.039,345.269,278
347.082,345.312,278
347.120,345.350,278
347.154,345.384,279
347.195,345.425,279
347.236,345.466,280
347.275,345.505,280
347.314,345.544,280
347.354,345.584,281
347.394,345.624,281
347.439,345.669,282
347.475,345.705,282
347.515,345.745,282
347.555,345.785,282
347.596,345.826,282
347.634,345.864,282
347.674,345.904,283
347.715,345.945,284
347.755,345.985,284
347.795,346.025,285
347.838,346.068,286
347.874,346.104,286
347.918,346.148,286
347.958,346.188,286
347.995,346.225,286
348.035,346.265,287
348.074,346.304,287
348.115,346.345,287
348.156,346.386,288
348.193,346.423,289
348.235,346.465,289
348.276,346.506,289
348.315,346.545,289
348.354,346.584,289
348.397,346.627,290
348.435,346.665,290
348.474,346.704,290
348.515,346.745,290
348.559,346.789,291
348.596,346.826,292
348.634,346.864,292
348.675,346.905,292
348.717,346.947,293
348.755,346.985,293
348.796,347.026,293
348.835,347.065,294
348.878,347.108,294
348.918,347.148,294
348.955,347.185,295
348.996,347.226,295
349.037,347.267,296
349.077,347.307,296
349.116,347.346,296
349.156,347.386,296
349.195,347.425,297
349.235,347.465,297
349.276,347.506,297
349.314,347.544,297
349.355,347.585,297
349.402,347.632,298
349.439,347.669,298
349.479,347.709,298
349.519,347.749,298
349.558,347.788,299
349.595,347.825,300
349.636,347.866,300
349.677,347.907,300
349.715,347.945,300
349.754,347.984,301
349.795,348.025,301
349.838,348.068,302
349.876,348.106,302
349.917,348.147,302
349.957,348.187,302
349.995,348.225,302
350.039,348.269,303
350.075,348.305,303
350.119,348.349,303
350.155,348.385,303
350.194,348.424,304
350.236,348.466,304
350.278,348.508,304
350.315,348.545,304
350.355,348.585,304
350.397,348.627,305
350.440,348.670,305
350.475,348.705,305
350.514,348.744,305
350.556,348.786,305
350.596,348.826,306
350.636,348.866,306
350.677,348.907,306
350.715,348.945,306
350.755,348.985,307
350.797,349.027,307
350.836,349.066,307
350.876,349.106,307
350.918,349.148,307
350.957,349.187,308
350.996,349.226,308
351.036,349.266,308
351.075,349.305,308
351.117,349.347,308
351.156,349.386,308
351.195,349.425,309
351.236,349.466,309
351.276,349.506,309
351.315,349.545,309
351.356,349.586,309
351.396,349.626,309
351.436,349.666,310
351.476,349.706,310
351.515,349.745,310
351.556,349.786,310
351.602,349.832,311
351.640,349.870,311
351.691,349.921,311
351.724,349.954,311
351.760,349.990,311
351.794,350.024,312
351.836,350.066,312
351.874,350.104,312
351.919,350.149,312
351.955,350.185,312
351.994,350.224,312
352.035,350.265,313
352.075,350.305,313
352.113,350.343,313
352.154,350.384,313
352.193,350.423,313
352.235,350.465,313
352.273,350.503,313
352.314,350.544,314
352.354,350.584,314
352.397,350.627,314
352.434,350.664,314
352.474,350.704,314
352.514,350.744,314
352.556,350.786,315
352.593,350.823,315
352.636,350.866,315
352.674,350.904,315
352.714,350.944,316
352.755,350.985,316
352.795,351.025,316
352.835,351.065,316
352.875,351.105,316
352.917,351.147,316
352.958,351.188,316
352.994,351.224,317
353.035,351.265,317
353.074,351.304,317
353.114,351.344,317
353.155,351.385,317
353.194,351.424,318
353.234,351.464,318
353.274,351.504,318
353.319,351.549,318
353.354,351.584,318
353.393,351.623,318
353.434,351.664,318
353.474,351.704,318
353.513,351.743,319
353.554,351.784,319
353.599,351.829,319
353.637,351.867,319
353.676,351.906,319
353.719,351.949,319
353.758,351.988,319
353.796,352.026,320
353.837,352.067,320
353.877,352.107,320
353.916,352.146,320
353.957,352.187,320
353.997,352.227,321
354.036,352.266,321
354.077,352.307,321
354.117,352.347,321
354.158,352.388,321
354.199,352.429,321
354.239,352.469,322
354.278,352.508,322
354.317,352.547,322
354.356,352.586,322
354.398,352.628,322
354.437,352.667,322
354.476,352.706,322
354.520,352.750,322
354.557,352.787,322
354.598,352.828,323
354.636,352.866,323
354.678,352.908,323
354.718,352.948,323
354.757,352.987,323
354.797,353.027,323
354.837,353.067,324
354.878,353.108,324
354.919,353.149,324
354.957,353.187,324
354.998,353.228,324
355.041,353.271,324
355.078,353.308,324
355.119,353.349,324
355.158,353.388,324
355.204,353.434,325
355.550,353.780,325
355.579,353.809,325
355.605,353.835,326
355.640,353.870,326
355.683,353.913,326
355.721,353.951,326
355.762,353.992,326
355.793,354.023,326
355.832,354.062,327
355.873,354.103,327
355.912,354.142,327
355.954,354.184,327
355.993,354.223,327
356.032,354.262,327
356.074,354.304,327
356.112,354.342,327
356.153,354.383,327
356.192,354.422,327
356.233,354.463,327
356.273,354.503,327
356.316,354.546,327
356.353,354.583,328
356.392,354.622,328
356.434,354.664,328
356.473,354.703,328
356.513,354.743,328
356.553,354.783,328
356.595,354.825,328
356.634,354.864,328
356.675,354.905,328
356.716,354.946,328
356.753,354.983,329
356.793,355.023,329
356.833,355.063,329
356.873,355.103,329
356.913,355.143,329
356.953,355.183,329
356.994,355.224,329
357.035,355.265,329
357.073,355.303,329
357.114,355.344,329
357.156,355.386,329
357.193,355.423,329
357.232,355.462,330
357.272,355.502,330
357.315,355.545,330
357.353,355.583,330
357.392,355.622,330
357.433,355.663,330
357.472,355.702,330
357.513,355.743,330
357.554,355.784,330
357.598,355.828,330
357.637,355.867,330
357.673,355.903,330
357.717,355.947,331
357.756,355.986,331
357.799,356.029,330
357.838,356.068,330
357.874,356.104,330
357.915,356.145,331
357.957,356.187,331
357.997,356.227,331
358.039,356.269,331
358.075,356.305,331
358.115,356.345,331
358.154,356.384,331
358.196,356.426,331
358.239,356.469,331
358.279,356.509,331
358.317,356.547,331
358.357,356.587,331
358.394,356.624,331
358.434,356.664,332
358.474,356.704,332
358.514,356.744,332
358.554,356.784,331
358.600,356.830,332
358.635,356.865,332
358.674,356.904,332
358.716,356.946,332
358.756,356.986,331
358.797,357.027,332
358.835,357.065,332
358.878,357.108,332
358.915,357.145,332
358.956,357.186,332
358.998,357.228,332
359.037,357.267,332
359.076,357.306,332
359.118,357.348,332
359.154,357.384,332
359.194,357.424,332
359.236,357.466,332
359.275,357.505,332
359.567,357.797,332
359.595,357.825,332
359.630,357.860,332
359.660,357.890,333
359.701,357.931,333
359.756,357.986,333
359.791,358.021,333
359.826,358.056,333
359.867,358.097,333
359.908,358.138,333
359.949,358.179,333
359.989,358.219,333
360.030,358.260,333
360.071,358.301,333
360.113,358.343,333
360.151,358.381,333
360.192,358.422,333
360.232,358.462,333
360.272,358.502,333
360.314,358.544,333
360.354,358.584,333
360.393,358.623,333
360.435,358.665,334
360.476,358.706,334
360.513,358.743,334
360.553,358.783,334
360.594,358.824,334
360.634,358.864,334
360.672,358.902,334
360.713,358.943,334
360.755,358.985,334
360.794,359.024,334
360.836,359.066,334
360.874,359.104,334
360.914,359.144,334
360.953,359.183,334
360.995,359.225,334
361.034,359.264,334
361.074,359.304,334
361.114,359.344,334
361.153,359.383,334
361.193,359.423,334
361.235,359.465,334
361.275,359.505,334
361.315,359.545,334
361.359,359.589,334
361.395,359.625,334
361.435,359.665,334
361.474,359.704,334
361.515,359.745,334
361.555,359.785,334
361.594,359.824,334
361.635,359.865,334
361.675,359.905,335
361.715,359.945,335
361.755,359.985,335
361.797,360.027,335
361.837,360.067,335
361.880,360.110,335
361.915,360.145,335
361.955,360.185,335
361.995,360.225,335
362.035,360.265,335
362.074,360.304,335
362.115,360.345,335
362.154,360.384,335
362.195,360.425,335
362.235,360.465,335
362.274,360.504,335
362.317,360.547,335
362.358,360.588,335
362.394,360.624,335
362.444,360.674,335
362.481,360.711,335
362.520,360.750,335
362.561,360.791,335
362.601,360.831,335
362.634,360.864,335
362.674,360.904,335
362.713,360.943,335
362.757,360.987,335
362.793,361.023,336
362.836,361.066,335
362.873,361.103,335
362.916,361.146,335
362.954,361.184,335
362.994,361.224,336
363.034,361.264,336
363.074,361.304,336
363.112,361.342,336
363.152,361.382,335
363.192,361.422,336
363.233,361.463,336
363.274,361.504,336
363.313,361.543,336
363.354,361.584,336
363.398,361.628,336
363.434,361.664,336
363.473,361.703,336
363.513,361.743,336
363.553,361.783,336
363.594,361.824,336
363.633,361.863,336
363.672,361.902,336
363.713,361.943,336
363.753,361.983,336
363.794,362.024,336
363.833,362.063,336
363.876,362.106,336
363.913,362.143,336
363.954,362.184,336
363.994,362.224,336
364.032,362.262,336
364.073,362.303,336
364.114,362.344,337
364.153,362.383,337
364.195,362.425,336
364.238,362.468,337
364.276,362.506,337
364.312,362.542,337
364.354,362.584,337
364.394,362.624,337
364.433,362.663,337
364.475,362.705,337
364.514,362.744,337
364.555,362.785,337
364.596,362.826,337
364.635,362.865,337
364.675,362.905,337
364.718,362.948,337
364.755,362.985,338
364.876,363.106,337
364.913,363.143,338
364.949,363.179,338
364.976,363.206,338
365.017,363.247,338
365.059,363.289,338
365.103,363.333,338
365.143,363.373,338
365.186,363.416,338
365.229,363.459,338
365.269,363.499,338
365.309,363.539,338
365.350,363.580,338
365.391,363.621,338
365.430,363.660,338
365.473,363.703,338
365.512,363.742,338
365.552,363.782,338
365.592,363.822,338
365.632,363.862,338
365.673,363.903,338
365.715,363.945,338
365.759,363.989,339
365.799,364.029,339
365.834,364.064,339
365.874,364.104,339
365.915,364.145,339
365.956,364.186,339
365.995,364.225,339
366.034,364.264,339
366.075,364.305,339
366.115,364.345,339
366.154,364.384,339
366.194,364.424,339
366.235,364.465,339
366.274,364.504,339
366.315,364.545,339
366.356,364.586,339
366.400,364.630,339
366.435,364.665,339
366.475,364.705,339
366.514,364.744,339
366.555,364.785,339
366.593,364.823,339
366.635,364.865,339
366.677,364.907,339
366.718,364.948,339
366.758,364.988,339
366.812,365.042,338
366.837,365.067,338
366.876,365.106,338
366.916,365.146,339
366.955,365.185,339
366.994,365.224,339
367.037,365.267,340
367.075,365.305,340
367.115,365.345,340
367.153,365.383,340
367.194,365.424,340
367.235,365.465,340
367.275,365.505,340
367.315,365.545,341
367.357,365.587,341
367.394,365.624,341
367.435,365.665,341
367.474,365.704,341
367.513,365.743,341
367.554,365.784,341
367.594,365.824,341
367.635,365.865,341
367.675,365.905,340
367.717,365.947,340
367.757,365.987,339
367.794,366.024,339
367.834,366.064,339
367.874,366.104,339
367.915,366.145,339
367.954,366.184,339
367.995,366.225,339
368.035,366.265,339
368.075,366.305,339
368.116,366.346,339
368.155,366.385,339
368.199,366.429,340
368.239,366.469,340
368.279,366.509,340
368.314,366.544,340
368.355,366.585,340
368.393,366.623,340
368.434,366.664,340
368.476,366.706,340
368.515,366.745,341
368.556,366.786,341
368.594,366.824,341
368.634,366.864,341
368.677,366.907,341
368.716,366.946,341
368.755,366.985,341
368.795,367.025,341
368.835,367.065,342
368.873,367.103,342
368.914,367.144,342
368.954,367.184,342
368.995,367.225,342
369.035,367.265,342
369.080,367.310,342
369.117,367.347,342
369.169,367.399,342
369.197,367.427,342
369.237,367.467,342
369.273,367.503,342
369.313,367.543,343
369.353,367.583,343
369.394,367.624,342
369.433,367.663,342
369.479,367.709,342
369.515,367.745,342
369.553,367.783,341
369.593,367.823,339
369.634,367.864,339
369.672,367.902,339
369.713,367.943,337
369.753,367.983,336
369.794,368.024,334
369.832,368.062,332
369.875,368.105,332
369.912,368.142,330
369.960,368.190,329
370.001,368.231,325
370.034,368.264,325
370.072,368.302,325
370.113,368.343,324
370.154,368.384,324
370.193,368.423,324
370.232,368.462,323
370.273,368.503,323
370.313,368.543,323
370.353,368.583,322
370.394,368.624,320
370.441,368.671,317
370.474,368.704,317
370.513,368.743,314
370.552,368.782,312
370.592,368.822,309
370.634,368.864,309
370.673,368.903,309
370.713,368.943,308
370.754,368.984,307
370.793,369.023,305
370.835,369.065,305
370.872,369.102,305
370.915,369.145,305
370.958,369.188,305
370.992,369.222,304
371.033,369.263,303
371.076,369.306,303
371.116,369.346,303
371.155,369.385,302
371.195,369.425,301
371.235,369.465,301
371.274,369.504,301
371.315,369.545,300
371.358,369.588,299
371.395,369.625,298
371.435,369.665,297
371.475,369.705,297
371.515,369.745,296
371.555,369.785,294
371.595,369.825,293
371.634,369.864,292
371.675,369.905,292
371.716,369.946,291
371.756,369.986,290
371.798,370.028,287
371.837,370.067,286
371.875,370.105,286
371.915,370.145,285
371.955,370.185,284
371.995,370.225,282
372.034,370.264,281
372.076,370.306,281
372.115,370.345,281
372.157,370.387,281
372.196,370.426,280
372.234,370.464,280
372.279,370.509,280
372.316,370.546,279
372.355,370.585,279
372.394,370.624,278
372.435,370.665,278
372.476,370.706,278
372.514,370.744,278
372.555,370.785,277
372.595,370.825,277
372.634,370.864,277
372.680,370.910,276
372.716,370.946,276
372.758,370.988,275
372.796,371.026,274
372.837,371.067,273
372.877,371.107,273
372.917,371.147,273
372.958,371.188,273
372.998,371.228,272
373.040,371.270,271
373.312,371.542,271
373.333,371.563,271
373.357,371.587,266
373.395,371.625,264
373.434,371.664,262
373.474,371.704,262
373.514,371.744,261
373.556,371.786,259
373.595,371.825,255
373.639,371.869,253
373.675,371.905,253
373.715,371.945,251
373.754,371.984,249
373.793,372.023,244
373.835,372.065,241
373.875,372.105,241
373.915,372.145,239
373.954,372.184,236
373.994,372.224,231
374.035,372.265,229
374.075,372.305,229
374.115,372.345,226
374.157,372.387,224
374.195,372.425,219
374.235,372.465,217
374.276,372.506,217
374.590,372.820,215
374.613,372.843,213
374.637,372.867,209
374.663,372.893,198
374.703,372.933,195
374.745,372.975,194
374.786,373.016,191
374.826,373.056,189
374.870,373.100,189
374.914,373.144,188
374.956,373.186,186
374.999,373.229,184
375.037,373.267,183
375.078,373.308,183
375.114,373.344,181
375.155,373.385,180
375.197,373.427,177
375.231,373.461,175
375.275,373.505,175
375.314,373.544,174
375.352,373.582,172
375.392,373.622,170
375.434,373.664,168
375.475,373.705,168
375.517,373.747,166
375.554,373.784,164
375.594,373.824,160
375.634,373.864,160
375.674,373.904,159
375.714,373.944,156
375.755,373.985,155
375.795,374.025,151
375.835,374.065,150
375.876,374.106,150
375.915,374.145,149
375.955,374.185,146
375.994,374.224,141
376.037,374.267,139
376.074,374.304,139
376.116,374.346,138
376.155,374.385,136
376.197,374.427,133
376.235,374.465,131
376.274,374.504,131
376.314,374.544,129
376.355,374.585,127
376.395,374.625,123
376.435,374.665,121
376.475,374.705,121
376.519,374.749,120
376.555,374.785,118
376.595,374.825,115
376.633,374.863,115
376.675,374.905,114
376.717,374.947,112
376.754,374.984,110
376.795,375.025,107
376.834,375.064,106
376.875,375.105,106
376.918,375.148,105
376.958,375.188,104
376.996,375.226,102
377.035,375.265,101
377.075,375.305,101
377.115,375.345,100
377.155,375.385,100
377.195,375.425,99
377.236,375.466,98
377.274,375.504,98
377.314,375.544,97
377.355,375.585,97
377.394,375.624,95
377.438,375.668,95
377.478,375.708,95
377.515,375.745,94
377.554,375.784,94
377.595,375.825,94
377.634,375.864,94
377.676,375.906,93
377.717,375.947,93
377.758,375.988,92
377.799,376.029,91
377.839,376.069,91
377.879,376.109,91
377.929,376.159,91
377.958,376.188,91
377.999,376.229,92
378.035,376.265,93
378.074,376.304,93
378.115,376.345,93
378.154,376.384,94
378.196,376.426,95
378.235,376.465,95
378.275,376.505,95
378.314,376.544,96
378.356,376.586,96
378.396,376.626,98
378.438,376.668,99
378.475,376.705,99
378.519,376.749,99
378.555,376.785,100
378.598,376.828,101
378.634,376.864,101
378.675,376.905,103
378.714,376.944,105
378.755,376.985,106
378.793,377.023,108
378.834,377.064,110
378.875,377.105,110
378.916,377.146,111
378.955,377.185,112
378.999,377.229,115
379.035,377.265,116
379.075,377.305,116
379.114,377.344,118
379.155,377.385,119
379.194,377.424,121
379.236,377.466,121
379.274,377.504,121
379.314,377.544,121
379.355,377.585,121
379.394,377.624,122
379.433,377.663,123
379.476,377.706,123
379.514,377.744,122
379.554,377.784,122
379.595,377.825,122
379.636,377.866,122
379.675,377.905,122
379.715,377.945,122
379.756,377.986,122
379.795,378.025,122
379.835,378.065,121
379.875,378.105,121
379.916,378.146,121
379.958,378.188,122
379.999,378.229,122
380.038,378.268,121
380.079,378.309,121
380.117,378.347,121
380.153,378.383,121
380.195,378.425,121
380.234,378.464,121
380.274,378.504,121
380.318,378.548,121
380.353,378.583,121
380.393,378.623,122
380.433,378.663,122
380.473,378.703,122
380.514,378.744,122
380.553,378.783,123
380.593,378.823,123
380.635,378.865,123
380.674,378.904,123
380.714,378.944,124
380.753,378.983,125
380.798,379.028,126
380.835,379.065,126
380.874,379.104,126
380.915,379.145,127
380.955,379.185,127
380.993,379.223,126
381.034,379.264,125
381.074,379.304,125
381.114,379.344,124
381.153,379.383,122
381.198,379.428,119
381.269,379.499,118
381.293,379.523,118
381.317,379.547,116
381.353,379.583,115
381.394,379.624,112
381.433,379.663,111
381.473,379.703,111
381.514,379.744,110
381.554,379.784,109
381.594,379.824,108
381.634,379.864,108
381.676,379.906,107
381.713,379.943,107
381.754,379.984,106
381.793,380.023,105
381.836,380.066,104
381.872,380.102,104
381.912,380.142,104
381.957,380.187,104
381.998,380.228,102
382.035,380.265,102
382.078,380.308,102
382.119,380.349,101
382.155,380.385,101
382.195,380.425,100
382.236,380.466,100
382.276,380.506,100
382.315,380.545,99
382.356,380.586,98
382.397,380.627,97
382.438,380.668,97
382.476,380.706,97
382.520,380.750,97
382.558,380.788,97
382.596,380.826,95
382.639,380.869,95
382.677,380.907,95
382.718,380.948,95
382.756,380.986,95
382.796,381.026,95
382.837,381.067,95
382.875,381.105,95
382.917,381.147,96
382.956,381.186,96
383.000,381.230,96
383.037,381.267,95
383.076,381.306,95
383.117,381.347,95
383.157,381.387,94
383.195,381.425,94
383.235,381.465,94
383.276,381.506,94
383.321,381.551,94
383.355,381.585,94
383.397,381.627,94
383.435,381.665,95
383.476,381.706,95
383.516,381.746,95
383.561,381.791,95
383.610,381.840,96
383.642,381.872,96
383.692,381.922,96
383.725,381.955,96
383.754,381.984,97
383.795,382.025,98
383.837,382.067,99
383.876,382.106,99
