lap_t,speed_kmh,s_m
0.024,101.0,0.0
0.065,103.0,1.2
0.104,105.0,2.3
0.145,106.0,3.5
0.183,107.0,4.6
0.224,107.0,5.8
0.264,109.0,7.0
0.304,110.0,8.2
0.344,111.0,9.5
0.385,112.0,10.7
0.425,112.0,12.0
0.464,114.0,13.2
0.505,116.0,14.5
0.544,117.0,15.8
0.584,118.0,17.1
0.624,118.0,18.4
0.663,121.0,19.7
0.705,122.0,21.1
0.744,124.0,22.4
0.784,125.0,23.8
0.824,125.0,25.2
0.864,129.0,26.6
0.905,131.0,28.1
0.944,132.0,29.5
0.983,134.0,31.0
1.025,134.0,32.5
1.064,137.0,34.0
1.104,139.0,35.5
1.145,141.0,37.1
1.184,142.0,38.7
1.223,142.0,40.2
1.264,145.0,41.8
1.304,147.0,43.5
1.343,148.0,45.1
1.385,150.0,46.8
1.423,151.0,48.4
1.463,153.0,50.1
1.504,154.0,51.8
1.544,155.0,53.5
1.584,157.0,55.3
1.624,157.0,57.0
1.664,159.0,58.8
1.703,161.0,60.5
1.744,162.0,62.3
1.783,163.0,64.1
1.823,163.0,65.9
1.864,165.0,67.8
1.904,167.0,69.6
1.944,168.0,71.5
1.984,169.0,73.4
2.023,170.0,75.2
2.065,171.0,77.2
2.104,172.0,79.0
2.145,173.0,81.0
2.183,174.0,82.8
2.225,174.0,84.9
2.265,176.0,86.8
2.304,177.0,88.7
2.345,178.0,90.8
2.384,179.0,92.7
2.424,180.0,94.7
2.463,180.0,96.6
2.503,181.0,98.6
2.544,182.0,100.7
2.584,184.0,102.7
2.625,184.0,104.8
2.667,185.0,107.0
2.705,186.0,108.9
2.745,187.0,111.0
2.785,188.0,113.1
2.824,188.0,115.1
2.865,189.0,117.3
2.905,190.0,119.4
2.943,190.0,121.4
2.983,190.0,123.5
3.024,189.0,125.7
3.064,189.0,127.8
3.104,188.0,129.9
3.144,187.0,131.9
3.185,186.0,134.1
3.226,186.0,136.2
3.265,183.0,138.2
3.304,180.0,140.1
3.345,178.0,142.2
3.384,176.0,144.1
3.424,176.0,146.1
3.464,172.0,148.0
3.505,171.0,149.9
3.544,169.0,151.8
3.585,167.0,153.7
3.625,167.0,155.6
3.664,163.0,157.3
3.704,160.0,159.1
3.745,158.0,161.0
3.784,156.0,162.7
3.825,154.0,164.4
3.864,152.0,166.1
3.905,150.0,167.8
3.945,149.0,169.5
3.984,148.0,171.1
4.023,147.0,172.7
4.064,145.0,174.3
4.103,145.0,175.9
4.145,143.0,177.6
4.184,142.0,179.1
4.224,140.0,180.7
4.265,138.0,182.3
4.304,136.0,183.8
4.345,134.0,185.3
4.384,133.0,186.7
4.425,133.0,188.3
4.464,130.0,189.7
4.504,129.0,191.1
4.545,127.0,192.6
4.584,125.0,193.9
4.626,123.0,195.4
4.665,122.0,196.7
4.704,120.0,198.0
4.745,119.0,199.4
4.784,117.0,200.7
4.824,117.0,202.0
4.864,114.0,203.2
4.905,112.0,204.5
4.945,111.0,205.8
4.985,109.0,207.0
5.024,109.0,208.2
5.064,106.0,209.4
5.103,104.0,210.5
5.144,103.0,211.7
5.184,102.0,212.8
5.224,102.0,214.0
5.264,99.0,215.1
5.304,98.0,216.2
5.344,97.0,217.3
5.385,96.0,218.3
5.424,96.0,219.4
5.544,93.0,222.5
5.585,93.0,223.6
5.625,92.0,224.6
5.664,91.0,225.6
5.704,91.0,226.6
5.745,90.0,227.7
5.784,90.0,228.6
5.827,90.0,229.7
5.864,89.0,230.6
5.904,88.0,231.6
5.944,88.0,232.6
5.985,87.0,233.6
6.024,87.0,234.5
6.065,87.0,235.5
6.105,87.0,236.5
6.143,87.0,237.4
6.184,86.0,238.4
6.224,86.0,239.3
6.264,85.0,240.3
6.305,84.0,241.3
6.345,84.0,242.2
6.385,84.0,243.1
6.424,84.0,244.0
6.465,84.0,245.0
6.504,84.0,245.9
6.545,84.0,246.9
6.585,83.0,247.8
6.624,83.0,248.7
6.664,83.0,249.6
6.704,84.0,250.5
6.745,84.0,251.5
6.785,84.0,252.4
6.824,84.0,253.3
6.866,84.0,254.3
6.905,84.0,255.2
6.944,85.0,256.1
6.984,85.0,257.1
7.024,85.0,258.0
7.065,87.0,259.0
7.104,87.0,260.0
7.144,87.0,260.9
7.184,87.0,261.9
7.224,87.0,262.9
7.265,88.0,263.8
7.305,88.0,264.8
7.344,89.0,265.8
7.385,90.0,266.8
7.426,90.0,267.8
7.465,91.0,268.8
7.505,91.0,269.8
7.545,92.0,270.8
7.585,93.0,271.9
7.624,93.0,272.9
7.664,95.0,273.9
7.705,96.0,275.0
7.745,97.0,276.1
7.784,98.0,277.1
7.823,98.0,278.2
7.866,100.0,279.4
7.908,101.0,280.5
7.946,102.0,281.6
7.987,103.0,282.8
8.027,104.0,283.9
8.063,106.0,285.0
8.103,107.0,286.2
8.142,108.0,287.3
8.183,110.0,288.6
8.222,110.0,289.8
8.264,112.0,291.1
8.303,113.0,292.3
8.344,115.0,293.6
8.382,116.0,294.8
8.422,116.0,296.1
8.463,117.0,297.4
8.503,119.0,298.7
8.542,120.0,300.0
8.583,122.0,301.4
8.623,122.0,302.8
8.662,125.0,304.1
8.703,127.0,305.5
8.744,128.0,307.0
8.782,130.0,308.3
8.822,130.0,309.8
8.862,134.0,311.3
8.904,135.0,312.8
8.943,137.0,314.3
8.983,139.0,315.8
9.023,140.0,317.4
9.063,142.0,318.9
9.102,144.0,320.5
9.142,145.0,322.1
9.182,147.0,323.7
9.223,147.0,325.4
9.262,150.0,327.0
9.302,152.0,328.7
9.343,153.0,330.4
9.383,154.0,332.1
9.422,154.0,333.8
9.463,157.0,335.6
9.504,159.0,337.4
9.543,161.0,339.1
9.582,162.0,340.8
9.623,162.0,342.7
9.663,165.0,344.5
9.703,166.0,346.3
9.743,168.0,348.2
9.782,169.0,350.0
9.822,169.0,351.9
9.865,172.0,353.9
9.905,173.0,355.9
9.944,174.0,357.7
9.984,175.0,359.7
10.024,175.0,361.6
10.063,178.0,363.5
10.104,179.0,365.6
10.144,180.0,367.6
10.184,180.0,369.6
10.225,180.0,371.6
10.266,182.0,373.7
10.304,183.0,375.6
10.344,184.0,377.6
10.385,185.0,379.7
10.425,186.0,381.8
10.465,187.0,383.9
10.504,188.0,385.9
10.544,189.0,388.0
10.585,189.0,390.2
10.624,189.0,392.2
10.664,190.0,394.3
10.705,191.0,396.5
10.745,191.0,398.6
10.786,192.0,400.8
10.825,193.0,402.9
10.868,194.0,405.2
10.905,194.0,407.2
10.945,195.0,409.3
10.986,195.0,411.6
11.026,195.0,413.7
11.065,197.0,415.8
11.105,198.0,418.0
11.144,199.0,420.2
11.185,199.0,422.5
11.225,199.0,424.7
11.265,201.0,426.9
11.305,202.0,429.1
11.344,203.0,431.3
11.386,204.0,433.7
11.427,204.0,436.0
11.464,205.0,438.1
11.505,206.0,440.5
11.545,207.0,442.8
11.586,207.0,445.1
11.626,207.0,447.4
11.665,208.0,449.7
11.704,209.0,451.9
11.745,210.0,454.3
11.786,211.0,456.7
11.825,211.0,459.0
11.864,212.0,461.3
11.906,213.0,463.8
11.945,214.0,466.1
11.984,215.0,468.4
12.024,215.0,470.8
12.065,216.0,473.2
12.104,216.0,475.6
12.146,216.0,478.1
12.184,216.0,480.4
12.224,216.0,482.8
12.264,214.0,485.2
12.307,213.0,487.7
12.344,212.0,489.9
12.384,211.0,492.2
12.426,210.0,494.7
12.464,209.0,496.9
12.506,208.0,499.3
12.545,206.0,501.6
12.584,205.0,503.8
12.626,205.0,506.2
12.666,203.0,508.5
12.707,201.0,510.8
12.748,200.0,513.1
12.801,199.0,516.0
12.829,199.0,517.5
12.866,197.0,519.6
12.905,196.0,521.7
12.944,195.0,523.8
12.984,194.0,526.0
13.025,194.0,528.2
13.064,193.0,530.3
13.107,192.0,532.6
13.144,192.0,534.6
13.184,191.0,536.7
13.224,191.0,538.8
13.265,189.0,541.0
13.306,189.0,543.1
13.344,188.0,545.1
13.386,187.0,547.3
13.424,187.0,549.3
13.464,186.0,551.4
13.505,185.0,553.5
13.545,185.0,555.5
13.585,184.0,557.6
13.624,184.0,559.6
13.665,183.0,561.7
13.705,183.0,563.7
13.744,182.0,565.7
13.784,182.0,567.7
13.824,182.0,569.7
13.865,182.0,571.8
13.905,182.0,573.8
13.945,182.0,575.8
13.985,182.0,577.9
14.025,182.0,579.9
14.064,181.0,581.8
14.107,181.0,584.0
14.144,182.0,585.9
14.184,181.0,587.9
14.225,181.0,589.9
14.265,181.0,592.0
14.305,181.0,594.0
14.343,181.0,595.9
14.384,181.0,597.9
14.426,181.0,600.1
14.464,181.0,602.0
14.505,181.0,604.0
14.544,182.0,606.0
14.585,182.0,608.1
14.625,182.0,610.1
14.664,182.0,612.1
14.710,182.0,614.4
14.749,182.0,616.4
14.791,182.0,618.5
14.830,182.0,620.4
14.870,183.0,622.5
14.903,183.0,624.2
14.943,184.0,626.2
14.982,184.0,628.2
15.023,184.0,630.3
15.063,185.0,632.3
15.103,185.0,634.4
15.143,185.0,636.4
15.183,185.0,638.5
15.222,185.0,640.5
15.263,187.0,642.6
15.303,188.0,644.7
15.343,188.0,646.8
15.382,189.0,648.8
15.422,189.0,650.9
15.462,190.0,653.0
15.502,190.0,655.2
15.542,191.0,657.3
15.582,192.0,659.4
15.624,192.0,661.6
15.663,193.0,663.7
15.703,194.0,665.9
15.742,195.0,668.0
15.784,196.0,670.3
15.823,196.0,672.4
15.862,197.0,674.5
15.903,198.0,676.8
15.943,199.0,679.0
15.982,199.0,681.1
16.024,199.0,683.4
16.062,201.0,685.6
16.103,201.0,687.8
16.143,202.0,690.1
16.183,202.0,692.3
16.224,202.0,694.6
16.263,204.0,696.8
16.303,205.0,699.1
16.342,206.0,701.3
16.382,207.0,703.6
16.423,207.0,706.0
16.463,209.0,708.3
16.502,210.0,710.6
16.543,211.0,713.0
16.582,212.0,715.2
16.622,212.0,717.6
16.662,214.0,720.0
16.706,215.0,722.6
16.746,216.0,725.0
16.786,217.0,727.4
16.826,217.0,729.8
16.867,219.0,732.3
16.906,220.0,734.7
16.946,220.0,737.1
16.986,221.0,739.6
17.025,221.0,742.0
17.066,223.0,744.5
17.108,224.0,747.1
17.145,225.0,749.4
17.187,226.0,752.0
17.225,226.0,754.4
17.266,227.0,757.0
17.305,228.0,759.5
17.347,229.0,762.1
17.386,229.0,764.6
17.425,229.0,767.1
17.466,231.0,769.7
17.506,232.0,772.3
17.546,232.0,774.9
17.587,232.0,777.5
17.626,232.0,780.0
17.665,233.0,782.5
17.706,234.0,785.2
17.747,234.0,787.8
17.789,235.0,790.6
17.827,235.0,793.1
17.866,236.0,795.6
17.906,237.0,798.2
17.945,237.0,800.8
17.985,238.0,803.5
18.026,238.0,806.2
18.066,239.0,808.8
18.106,239.0,811.5
18.145,240.0,814.1
18.187,241.0,816.9
18.225,241.0,819.4
18.266,241.0,822.2
18.307,241.0,824.9
18.347,240.0,827.6
18.387,241.0,830.2
18.426,241.0,832.9
18.469,240.0,835.7
18.507,240.0,838.3
18.545,239.0,840.8
18.586,239.0,843.5
18.626,239.0,846.2
18.666,236.0,848.8
18.713,235.0,851.9
18.751,233.0,854.4
18.803,232.0,857.7
18.830,232.0,859.4
18.875,228.0,862.3
18.904,226.0,864.2
18.943,224.0,866.6
18.984,222.0,869.1
19.023,220.0,871.5
19.064,218.0,874.0
19.103,216.0,876.4
19.143,214.0,878.8
19.184,212.0,881.2
19.223,212.0,883.5
19.263,208.0,885.8
19.303,205.0,888.1
19.343,203.0,890.4
19.383,201.0,892.6
19.423,201.0,894.9
19.463,197.0,897.1
19.503,195.0,899.2
19.544,193.0,901.5
19.585,191.0,903.6
19.624,191.0,905.7
19.663,187.0,907.8
19.703,185.0,909.8
19.744,183.0,911.9
19.784,181.0,913.9
19.824,181.0,916.0
19.864,179.0,918.0
19.904,177.0,919.9
19.943,176.0,921.8
19.983,175.0,923.8
20.024,175.0,925.8
20.065,172.0,927.8
20.104,171.0,929.6
20.144,170.0,931.5
20.184,168.0,933.4
20.224,168.0,935.3
20.264,167.0,937.1
20.303,167.0,938.9
20.344,166.0,940.8
20.384,165.0,942.7
20.423,164.0,944.4
20.464,163.0,946.3
20.504,162.0,948.1
20.543,162.0,949.9
20.585,161.0,951.8
20.623,161.0,953.5
20.664,159.0,955.3
20.707,158.0,957.2
20.747,158.0,958.9
20.789,157.0,960.8
20.828,157.0,962.5
20.866,155.0,964.1
20.908,154.0,965.9
20.948,153.0,967.6
20.991,152.0,969.4
21.027,152.0,971.0
21.067,150.0,972.6
21.106,148.0,974.2
21.149,147.0,976.0
21.187,145.0,977.6
21.228,145.0,979.2
21.267,143.0,980.8
21.306,142.0,982.3
21.346,141.0,983.9
21.388,139.0,985.5
21.427,138.0,987.0
21.470,137.0,988.7
21.509,136.0,990.1
21.547,135.0,991.6
21.587,134.0,993.1
21.626,134.0,994.5
21.667,132.0,996.0
21.707,131.0,997.5
21.749,131.0,999.0
21.788,130.0,1000.4
21.829,129.0,1001.9
21.867,128.0,1003.3
21.909,128.0,1004.8
21.948,127.0,1006.1
21.987,126.0,1007.5
22.027,126.0,1008.9
22.068,125.0,1010.3
22.108,124.0,1011.7
22.147,123.0,1013.1
22.187,122.0,1014.4
22.227,122.0,1015.8
22.269,121.0,1017.2
22.308,120.0,1018.5
22.348,120.0,1019.8
22.389,119.0,1021.2
22.427,119.0,1022.4
22.471,118.0,1023.9
22.508,117.0,1025.1
22.547,117.0,1026.4
22.589,117.0,1027.7
22.628,116.0,1029.0
22.670,115.0,1030.3
22.708,115.0,1031.6
22.747,115.0,1032.8
22.788,114.0,1034.1
22.829,114.0,1035.4
22.867,114.0,1036.6
22.915,113.0,1038.1
22.952,113.0,1039.3
22.990,112.0,1040.5
23.033,112.0,1041.8
23.074,112.0,1043.1
23.110,112.0,1044.2
23.154,112.0,1045.6
23.192,112.0,1046.8
23.233,112.0,1048.0
23.272,113.0,1049.2
23.313,113.0,1050.5
23.345,113.0,1051.5
23.384,115.0,1052.8
23.425,115.0,1054.1
23.465,117.0,1055.4
23.505,117.0,1056.7
23.545,118.0,1058.0
23.585,119.0,1059.3
23.622,119.0,1060.5
23.662,120.0,1061.8
23.702,121.0,1063.2
23.744,121.0,1064.6
23.782,122.0,1065.9
23.825,123.0,1067.3
23.864,124.0,1068.7
23.904,124.0,1070.1
23.945,125.0,1071.5
23.985,126.0,1072.9
24.022,126.0,1074.2
24.062,128.0,1075.6
24.102,130.0,1077.0
24.142,131.0,1078.5
24.182,132.0,1079.9
24.222,132.0,1081.4
24.262,134.0,1082.9
24.302,135.0,1084.4
24.343,136.0,1085.9
24.382,137.0,1087.4
24.422,138.0,1088.9
24.464,140.0,1090.5
24.503,141.0,1092.1
24.543,142.0,1093.6
24.585,143.0,1095.3
24.624,144.0,1096.8
24.662,145.0,1098.4
24.702,146.0,1100.0
24.745,147.0,1101.7
24.783,148.0,1103.3
24.822,148.0,1104.9
24.864,151.0,1106.6
24.904,152.0,1108.3
24.943,153.0,1110.0
24.982,154.0,1111.6
25.023,156.0,1113.4
25.065,157.0,1115.2
25.103,158.0,1116.9
25.144,159.0,1118.7
25.187,160.0,1120.6
25.228,161.0,1122.4
25.266,162.0,1124.1
25.307,163.0,1126.0
25.348,164.0,1127.8
25.388,165.0,1129.7
25.430,165.0,1131.6
25.467,167.0,1133.3
25.508,167.0,1135.2
25.546,168.0,1137.0
25.587,168.0,1138.9
25.629,168.0,1140.8
25.666,167.0,1142.6
25.707,167.0,1144.5
25.749,167.0,1146.4
25.786,166.0,1148.1
25.828,166.0,1150.1
26.232,166.0,1168.7
26.254,166.0,1169.7
26.273,165.0,1170.6
26.294,165.0,1171.5
26.313,161.0,1172.4
26.347,161.0,1173.9
26.384,161.0,1175.6
26.427,161.0,1177.5
26.464,160.0,1179.2
26.508,160.0,1181.1
26.549,161.0,1182.9
26.590,161.0,1184.8
26.634,161.0,1186.7
26.672,161.0,1188.4
26.710,162.0,1190.1
26.751,162.0,1192.0
26.791,162.0,1193.8
26.842,162.0,1196.1
26.872,162.0,1197.4
26.911,162.0,1199.2
26.947,162.0,1200.8
26.983,162.0,1202.4
27.026,161.0,1204.4
27.063,161.0,1206.0
27.106,160.0,1207.9
27.147,158.0,1209.7
27.183,157.0,1211.3
27.225,157.0,1213.1
27.264,153.0,1214.8
27.303,151.0,1216.5
27.343,150.0,1218.1
27.383,148.0,1219.8
27.423,148.0,1221.4
27.464,146.0,1223.1
27.503,145.0,1224.7
27.546,143.0,1226.4
27.584,142.0,1227.9
27.627,140.0,1229.6
27.664,139.0,1231.0
27.708,138.0,1232.7
27.744,137.0,1234.1
27.784,136.0,1235.6
27.825,136.0,1237.2
27.866,136.0,1238.7
27.905,135.0,1240.2
27.944,134.0,1241.6
27.984,133.0,1243.1
28.026,133.0,1244.7
28.065,132.0,1246.1
28.104,132.0,1247.5
28.144,131.0,1249.0
28.184,131.0,1250.5
28.223,131.0,1251.9
28.263,130.0,1253.3
28.304,129.0,1254.8
28.343,128.0,1256.2
28.385,127.0,1257.7
28.425,127.0,1259.1
28.463,126.0,1260.4
28.503,125.0,1261.8
28.543,125.0,1263.2
28.585,125.0,1264.7
28.625,125.0,1266.1
28.663,125.0,1267.4
28.703,125.0,1268.8
28.744,125.0,1270.2
28.784,124.0,1271.6
28.825,124.0,1273.0
28.865,124.0,1274.4
28.905,123.0,1275.7
28.945,123.0,1277.1
28.984,123.0,1278.4
29.025,123.0,1279.8
29.065,123.0,1281.2
29.105,123.0,1282.6
29.144,123.0,1283.9
29.185,123.0,1285.3
29.225,124.0,1286.7
29.264,124.0,1288.0
29.305,124.0,1289.4
29.353,124.0,1291.1
29.392,124.0,1292.4
29.430,124.0,1293.7
29.470,124.0,1295.1
29.514,124.0,1296.6
29.543,123.0,1297.6
29.582,123.0,1299.0
29.622,123.0,1300.3
29.662,122.0,1301.7
29.702,122.0,1303.0
29.742,122.0,1304.4
29.782,122.0,1305.8
29.822,122.0,1307.1
29.863,122.0,1308.5
29.903,122.0,1309.9
29.943,122.0,1311.2
29.983,122.0,1312.6
30.022,122.0,1313.9
30.063,122.0,1315.3
30.102,122.0,1316.6
30.142,121.0,1318.0
30.182,121.0,1319.3
30.223,121.0,1320.7
30.263,121.0,1322.0
30.302,121.0,1323.3
30.343,122.0,1324.7
30.383,122.0,1326.1
30.423,122.0,1327.4
30.462,121.0,1328.7
30.502,121.0,1330.1
30.543,121.0,1331.5
30.583,121.0,1332.8
30.624,121.0,1334.2
30.662,121.0,1335.5
30.702,121.0,1336.8
30.742,121.0,1338.2
30.782,122.0,1339.5
30.822,122.0,1340.9
30.863,123.0,1342.3
30.903,123.0,1343.6
30.942,123.0,1345.0
30.983,123.0,1346.4
31.022,124.0,1347.7
31.064,124.0,1349.1
31.104,125.0,1350.5
31.143,126.0,1351.9
31.182,127.0,1353.2
31.223,127.0,1354.7
31.263,128.0,1356.1
31.303,130.0,1357.5
31.343,131.0,1359.0
31.385,132.0,1360.5
31.423,133.0,1361.9
31.465,134.0,1363.5
31.505,135.0,1365.0
31.545,137.0,1366.5
31.585,138.0,1368.0
31.624,138.0,1369.5
31.665,141.0,1371.1
31.705,142.0,1372.7
31.744,143.0,1374.2
31.784,145.0,1375.8
31.825,146.0,1377.5
31.864,148.0,1379.1
31.904,149.0,1380.7
31.944,150.0,1382.4
31.985,151.0,1384.1
32.024,151.0,1385.7
32.065,154.0,1387.5
32.104,155.0,1389.1
32.144,156.0,1390.9
32.184,157.0,1392.6
32.225,158.0,1394.4
32.264,159.0,1396.1
32.304,161.0,1397.9
32.344,162.0,1399.7
32.386,163.0,1401.6
32.425,163.0,1403.4
32.465,166.0,1405.2
32.505,167.0,1407.0
32.545,168.0,1408.9
32.586,170.0,1410.8
32.632,171.0,1413.0
32.666,172.0,1414.6
32.716,173.0,1417.0
32.747,174.0,1418.5
32.785,175.0,1420.3
32.825,176.0,1422.3
32.864,175.0,1424.2
32.905,175.0,1426.2
32.945,174.0,1428.1
32.984,173.0,1430.0
33.025,171.0,1432.0
33.065,169.0,1433.9
33.104,167.0,1435.7
33.146,165.0,1437.6
33.185,163.0,1439.4
33.225,163.0,1441.2
33.264,160.0,1443.0
33.305,159.0,1444.8
33.345,157.0,1446.5
33.384,155.0,1448.2
33.425,152.0,1450.0
33.465,150.0,1451.6
33.505,148.0,1453.3
33.545,146.0,1454.9
33.584,144.0,1456.5
33.625,144.0,1458.1
33.665,140.0,1459.7
33.706,138.0,1461.3
33.744,136.0,1462.7
33.785,135.0,1464.3
33.824,135.0,1465.8
33.864,130.0,1467.2
33.905,129.0,1468.7
33.946,127.0,1470.2
33.985,126.0,1471.5
34.025,124.0,1472.9
34.064,123.0,1474.3
34.104,121.0,1475.6
34.145,120.0,1477.0
34.184,119.0,1478.3
34.224,118.0,1479.6
34.265,117.0,1480.9
34.305,116.0,1482.2
34.344,115.0,1483.5
34.384,114.0,1484.7
34.424,113.0,1486.0
34.466,112.0,1487.3
34.504,111.0,1488.5
34.545,111.0,1489.8
34.587,110.0,1491.1
34.627,110.0,1492.3
34.666,109.0,1493.5
34.706,108.0,1494.7
34.747,108.0,1495.9
34.784,107.0,1497.0
34.825,106.0,1498.2
34.864,106.0,1499.4
34.905,105.0,1500.6
34.944,105.0,1501.7
34.983,105.0,1502.8
35.026,105.0,1504.1
35.065,105.0,1505.2
35.105,105.0,1506.4
35.145,105.0,1507.6
35.185,105.0,1508.7
35.225,105.0,1509.9
35.265,105.0,1511.1
35.305,104.0,1512.2
35.344,104.0,1513.4
35.385,104.0,1514.5
35.433,104.0,1515.9
35.464,104.0,1516.8
35.505,104.0,1518.0
35.544,104.0,1519.1
35.584,104.0,1520.3
35.624,104.0,1521.4
35.664,104.0,1522.6
35.704,104.0,1523.8
35.745,105.0,1524.9
35.784,104.0,1526.1
35.825,104.0,1527.3
35.865,105.0,1528.4
35.904,105.0,1529.6
35.945,105.0,1530.8
35.985,106.0,1531.9
36.023,106.0,1533.0
36.065,106.0,1534.3
36.104,107.0,1535.4
36.145,107.0,1536.7
36.184,108.0,1537.8
36.225,109.0,1539.1
36.264,110.0,1540.2
36.305,110.0,1541.5
36.345,112.0,1542.7
36.385,112.0,1544.0
36.425,112.0,1545.2
36.465,114.0,1546.5
36.505,114.0,1547.7
36.544,115.0,1549.0
36.586,116.0,1550.3
36.627,117.0,1551.7
36.667,118.0,1553.0
36.705,120.0,1554.2
36.747,121.0,1555.6
36.783,123.0,1556.8
36.823,123.0,1558.2
36.862,126.0,1559.6
36.904,127.0,1561.0
36.942,128.0,1562.4
36.982,129.0,1563.8
37.022,129.0,1565.2
37.062,132.0,1566.7
37.103,134.0,1568.2
37.143,135.0,1569.7
37.182,136.0,1571.2
37.223,137.0,1572.7
37.263,137.0,1574.2
37.302,138.0,1575.7
37.343,139.0,1577.3
37.382,140.0,1578.8
37.422,141.0,1580.4
37.463,142.0,1582.0
37.504,143.0,1583.6
37.542,144.0,1585.1
37.583,144.0,1586.8
37.623,145.0,1588.4
37.662,146.0,1590.0
37.703,147.0,1591.6
37.742,148.0,1593.2
37.783,150.0,1594.9
37.822,151.0,1596.5
37.863,152.0,1598.3
37.902,153.0,1599.9
37.943,154.0,1601.7
37.982,156.0,1603.3
38.022,156.0,1605.1
38.063,159.0,1606.9
38.102,160.0,1608.6
38.142,161.0,1610.4
38.183,163.0,1612.2
38.223,163.0,1614.0
38.262,165.0,1615.8
38.302,165.0,1617.7
38.342,166.0,1619.5
38.383,168.0,1621.4
38.423,168.0,1623.3
38.463,170.0,1625.1
38.502,171.0,1627.0
38.543,172.0,1628.9
38.584,173.0,1630.9
38.625,173.0,1632.9
38.665,175.0,1634.8
38.704,176.0,1636.7
38.744,177.0,1638.7
38.785,178.0,1640.7
38.824,178.0,1642.6
38.866,179.0,1644.7
38.905,181.0,1646.7
38.988,182.0,1650.8
39.009,183.0,1651.9
39.027,184.0,1652.8
39.065,185.0,1654.8
39.105,186.0,1656.8
39.144,187.0,1658.8
39.185,188.0,1661.0
39.224,189.0,1663.0
39.264,190.0,1665.1
39.305,191.0,1667.3
39.344,192.0,1669.4
39.385,193.0,1671.6
39.424,194.0,1673.7
39.466,195.0,1675.9
39.505,197.0,1678.1
39.545,198.0,1680.3
39.584,199.0,1682.4
39.625,200.0,1684.7
39.665,201.0,1686.9
39.704,202.0,1689.1
39.745,203.0,1691.4
39.784,204.0,1693.6
39.828,205.0,1696.1
39.878,206.0,1698.9
39.907,207.0,1700.6
39.946,208.0,1702.9
39.986,209.0,1705.2
40.024,209.0,1707.4
40.065,211.0,1709.8
40.105,212.0,1712.1
40.144,213.0,1714.4
40.184,214.0,1716.8
40.224,214.0,1719.2
40.265,215.0,1721.6
40.305,216.0,1724.0
40.344,217.0,1726.4
40.384,218.0,1728.8
40.424,219.0,1731.2
40.464,219.0,1733.6
40.504,220.0,1736.1
40.545,221.0,1738.6
40.585,222.0,1741.0
40.624,223.0,1743.5
40.665,223.0,1746.0
40.705,224.0,1748.5
40.745,225.0,1751.0
40.784,226.0,1753.4
40.824,227.0,1755.9
40.864,228.0,1758.5
40.904,229.0,1761.0
40.945,229.0,1763.6
40.985,230.0,1766.2
41.024,231.0,1768.7
41.064,231.0,1771.2
41.105,232.0,1773.9
41.145,233.0,1776.4
41.185,233.0,1779.0
41.224,233.0,1781.6
41.265,235.0,1784.2
41.304,235.0,1786.8
41.344,236.0,1789.4
41.385,236.0,1792.1
41.425,237.0,1794.7
41.465,238.0,1797.3
41.505,238.0,1800.0
41.544,239.0,1802.6
41.584,240.0,1805.2
41.625,240.0,1808.0
41.664,240.0,1810.6
41.704,241.0,1813.2
41.744,241.0,1815.9
41.784,242.0,1818.6
41.827,242.0,1821.5
41.879,243.0,1825.0
41.908,244.0,1827.0
41.947,244.0,1829.6
41.987,245.0,1832.3
42.023,246.0,1834.8
42.063,246.0,1837.5
42.103,247.0,1840.2
42.143,247.0,1843.0
42.184,248.0,1845.8
42.223,248.0,1848.5
42.262,249.0,1851.2
42.303,250.0,1854.0
42.343,250.0,1856.8
42.382,251.0,1859.5
42.423,251.0,1862.4
42.462,252.0,1865.1
42.503,253.0,1868.0
42.543,253.0,1870.8
42.583,253.0,1873.6
42.623,254.0,1876.4
42.663,254.0,1879.2
42.702,255.0,1882.0
42.742,255.0,1884.8
42.782,256.0,1887.7
42.822,256.0,1890.5
42.863,257.0,1893.4
42.903,258.0,1896.3
42.943,258.0,1899.2
42.983,259.0,1902.0
43.023,260.0,1904.9
43.064,261.0,1907.9
43.103,261.0,1910.7
43.142,262.0,1913.5
43.182,262.0,1916.4
43.223,262.0,1919.4
43.263,264.0,1922.4
43.302,265.0,1925.2
43.343,265.0,1928.2
43.382,265.0,1931.1
43.422,266.0,1934.1
43.463,266.0,1937.1
43.502,266.0,1940.0
43.543,267.0,1943.0
43.583,267.0,1946.0
43.624,268.0,1949.0
43.662,269.0,1951.9
43.702,270.0,1954.8
43.743,271.0,1957.9
43.815,272.0,1963.4
43.837,272.0,1965.0
43.865,272.0,1967.1
43.905,272.0,1970.2
43.944,273.0,1973.1
43.984,272.0,1976.1
44.024,273.0,1979.2
44.064,273.0,1982.2
44.105,273.0,1985.3
44.144,273.0,1988.3
44.184,273.0,1991.3
44.225,273.0,1994.4
44.264,273.0,1997.4
44.304,274.0,2000.4
44.345,274.0,2003.5
44.386,275.0,2006.7
44.425,275.0,2009.6
44.464,276.0,2012.6
44.508,276.0,2016.0
44.545,276.0,2018.8
44.585,276.0,2021.9
44.625,276.0,2025.0
44.665,277.0,2028.0
44.705,277.0,2031.1
44.745,277.0,2034.2
44.784,277.0,2037.2
44.824,277.0,2040.3
44.866,278.0,2043.5
44.905,279.0,2046.5
44.946,279.0,2049.7
44.984,280.0,2052.6
45.024,280.0,2055.8
45.064,280.0,2058.9
45.104,280.0,2062.0
45.144,280.0,2065.1
45.184,281.0,2068.2
45.225,281.0,2071.4
45.264,282.0,2074.5
45.305,283.0,2077.7
45.345,284.0,2080.8
45.384,284.0,2083.9
45.427,285.0,2087.3
45.465,285.0,2090.3
45.506,285.0,2093.6
45.547,285.0,2096.8
45.584,285.0,2099.7
45.624,285.0,2102.9
45.665,284.0,2106.1
45.706,284.0,2109.4
45.744,285.0,2112.4
45.785,285.0,2115.6
45.825,285.0,2118.8
45.864,285.0,2121.9
45.906,286.0,2125.2
45.945,286.0,2128.3
45.985,285.0,2131.5
46.026,285.0,2134.7
46.066,283.0,2137.9
46.106,282.0,2141.0
46.145,280.0,2144.1
46.185,279.0,2147.2
46.225,277.0,2150.3
46.264,276.0,2153.2
46.305,274.0,2156.4
46.345,272.0,2159.4
46.385,271.0,2162.4
46.430,270.0,2165.8
46.470,269.0,2168.8
46.507,268.0,2171.6
46.576,266.0,2176.7
46.615,264.0,2179.6
46.631,264.0,2180.7
46.665,260.0,2183.2
46.703,259.0,2185.9
46.742,258.0,2188.7
46.783,256.0,2191.7
46.823,255.0,2194.5
46.863,253.0,2197.3
46.902,251.0,2200.1
46.944,249.0,2203.0
46.982,248.0,2205.6
47.023,247.0,2208.4
47.063,245.0,2211.2
47.103,244.0,2213.9
47.142,242.0,2216.5
47.182,241.0,2219.2
47.223,241.0,2221.9
47.263,238.0,2224.6
47.303,237.0,2227.2
47.342,235.0,2229.8
47.382,234.0,2232.4
47.422,232.0,2235.0
47.462,231.0,2237.6
47.502,230.0,2240.1
47.544,228.0,2242.8
47.582,227.0,2245.2
47.623,225.0,2247.8
47.663,223.0,2250.2
47.702,222.0,2252.7
47.742,220.0,2255.1
47.783,219.0,2257.6
47.824,218.0,2260.1
47.863,217.0,2262.5
47.903,216.0,2264.9
47.942,215.0,2267.2
47.983,214.0,2269.6
48.022,214.0,2272.0
48.063,212.0,2274.4
48.102,212.0,2276.7
48.143,211.0,2279.1
48.183,210.0,2281.4
48.223,210.0,2283.8
48.262,208.0,2286.0
48.303,208.0,2288.4
48.342,207.0,2290.6
48.382,207.0,2292.9
48.426,207.0,2295.5
48.466,206.0,2297.8
48.505,206.0,2300.0
48.546,206.0,2302.3
48.585,206.0,2304.6
48.625,206.0,2306.9
48.665,206.0,2309.2
48.705,205.0,2311.4
48.747,205.0,2313.8
48.785,205.0,2316.0
48.825,205.0,2318.3
48.864,205.0,2320.5
48.905,205.0,2322.8
48.947,204.0,2325.2
48.985,204.0,2327.4
49.026,204.0,2329.7
49.064,205.0,2331.9
49.105,205.0,2334.2
49.145,205.0,2336.5
49.185,204.0,2338.7
49.227,204.0,2341.1
49.266,204.0,2343.3
49.306,205.0,2345.6
49.346,205.0,2347.9
49.387,205.0,2350.2
49.425,205.0,2352.4
49.466,206.0,2354.7
49.505,206.0,2356.9
49.550,207.0,2359.5
49.591,207.0,2361.9
49.626,207.0,2363.9
49.666,207.0,2366.2
49.705,208.0,2368.4
49.746,208.0,2370.8
49.786,208.0,2373.1
49.825,208.0,2375.4
49.866,209.0,2377.8
49.905,209.0,2380.0
49.944,210.0,2382.3
49.985,210.0,2384.7
50.026,211.0,2387.1
50.065,211.0,2389.4
50.104,211.0,2391.6
50.145,212.0,2394.1
50.184,212.0,2396.4
50.230,212.0,2399.1
50.265,213.0,2401.1
50.305,213.0,2403.5
50.345,214.0,2405.9
50.385,215.0,2408.3
50.425,215.0,2410.6
50.464,216.0,2413.0
50.504,216.0,2415.4
50.545,217.0,2417.8
50.585,217.0,2420.3
50.625,218.0,2422.7
50.671,218.0,2425.5
50.709,218.0,2427.8
50.751,219.0,2430.3
50.788,219.0,2432.6
50.827,219.0,2434.9
50.866,219.0,2437.3
50.904,219.0,2439.6
50.944,219.0,2442.0
50.985,220.0,2444.5
51.025,221.0,2447.0
51.064,221.0,2449.4
51.105,221.0,2451.9
51.145,222.0,2454.4
51.184,222.0,2456.8
51.228,222.0,2459.5
51.264,223.0,2461.7
51.304,223.0,2464.2
51.345,224.0,2466.7
51.384,225.0,2469.2
51.425,225.0,2471.7
51.466,225.0,2474.3
51.505,226.0,2476.7
51.545,226.0,2479.2
51.585,227.0,2481.8
51.626,227.0,2484.3
51.665,228.0,2486.8
51.704,228.0,2489.3
51.782,229.0,2494.2
51.801,229.0,2495.4
51.824,230.0,2496.9
51.865,230.0,2499.5
51.905,231.0,2502.1
51.944,232.0,2504.6
51.985,232.0,2507.2
52.024,232.0,2509.8
52.065,233.0,2512.4
52.108,234.0,2515.2
52.145,234.0,2517.6
52.185,235.0,2520.2
52.228,235.0,2523.0
52.265,236.0,2525.4
52.305,237.0,2528.1
52.346,237.0,2530.8
52.385,238.0,2533.3
52.425,238.0,2536.0
52.465,239.0,2538.6
52.506,240.0,2541.3
52.546,241.0,2544.0
52.585,241.0,2546.6
52.624,241.0,2549.2
52.666,242.0,2552.1
52.705,242.0,2554.7
52.746,242.0,2557.4
52.786,243.0,2560.1
52.825,243.0,2562.8
52.871,244.0,2565.9
52.910,244.0,2568.5
52.948,245.0,2571.1
52.990,245.0,2574.0
53.028,246.0,2576.5
53.065,247.0,2579.1
53.106,247.0,2581.9
53.145,248.0,2584.6
53.185,248.0,2587.3
53.225,248.0,2590.1
53.265,249.0,2592.8
53.305,249.0,2595.6
53.345,250.0,2598.4
53.385,250.0,2601.2
53.426,250.0,2604.0
53.466,250.0,2606.8
53.507,251.0,2609.6
53.545,251.0,2612.3
53.585,252.0,2615.1
53.625,253.0,2617.9
53.666,253.0,2620.8
53.705,254.0,2623.5
53.746,255.0,2626.4
53.786,255.0,2629.3
53.826,256.0,2632.1
53.866,256.0,2634.9
53.908,257.0,2637.9
53.949,257.0,2640.9
53.985,258.0,2643.4
54.025,258.0,2646.3
54.066,258.0,2649.2
54.105,259.0,2652.0
54.145,259.0,2654.9
54.185,259.0,2657.8
54.225,260.0,2660.7
54.265,261.0,2663.6
54.305,261.0,2666.5
54.347,262.0,2669.5
54.386,263.0,2672.4
54.425,264.0,2675.2
54.466,264.0,2678.2
54.505,265.0,2681.1
54.546,265.0,2684.1
54.587,265.0,2687.1
54.627,265.0,2690.1
54.666,266.0,2692.9
54.705,266.0,2695.8
54.747,266.0,2698.9
54.788,267.0,2702.0
54.826,267.0,2704.8
54.866,268.0,2707.8
54.908,268.0,2710.9
54.946,269.0,2713.7
54.987,269.0,2716.8
55.028,270.0,2719.9
55.065,270.0,2722.6
55.106,271.0,2725.7
55.145,271.0,2728.6
55.186,272.0,2731.7
55.225,272.0,2734.7
55.266,272.0,2737.8
55.307,273.0,2740.9
55.346,273.0,2743.8
55.385,274.0,2746.8
55.427,274.0,2750.0
55.467,275.0,2753.0
55.505,275.0,2756.0
55.547,276.0,2759.2
55.587,276.0,2762.2
55.626,276.0,2765.2
55.666,277.0,2768.3
55.705,277.0,2771.3
55.747,278.0,2774.5
55.786,278.0,2777.5
55.826,279.0,2780.6
55.865,279.0,2783.7
55.909,280.0,2787.1
55.946,280.0,2790.0
55.987,280.0,2793.1
56.027,281.0,2796.3
56.065,281.0,2799.2
56.107,282.0,2802.5
56.145,282.0,2805.5
56.186,282.0,2808.7
56.227,282.0,2811.9
56.266,283.0,2815.0
56.312,283.0,2818.6
56.348,284.0,2821.4
56.390,284.0,2824.7
56.429,285.0,2827.8
56.468,285.0,2830.9
56.507,285.0,2834.0
56.547,286.0,2837.2
56.588,286.0,2840.4
56.627,286.0,2843.5
56.667,288.0,2846.7
56.706,288.0,2849.8
56.747,288.0,2853.1
56.786,288.0,2856.2
56.826,289.0,2859.4
56.867,289.0,2862.7
56.909,289.0,2866.1
56.945,289.0,2869.0
56.987,290.0,2872.4
57.028,290.0,2875.7
57.066,290.0,2878.7
57.106,290.0,2882.0
57.149,290.0,2885.4
57.186,290.0,2888.4
57.227,290.0,2891.7
57.266,292.0,2894.9
57.306,293.0,2898.1
57.347,294.0,2901.4
57.385,294.0,2904.5
57.425,294.0,2907.8
57.466,296.0,2911.2
57.506,296.0,2914.5
57.546,296.0,2917.8
57.587,297.0,2921.1
57.627,297.0,2924.4
57.666,297.0,2927.6
57.706,298.0,2931.0
57.747,298.0,2934.3
57.786,299.0,2937.6
57.826,299.0,2940.9
57.864,300.0,2944.1
57.905,300.0,2947.5
57.948,300.0,2951.1
57.987,301.0,2954.3
58.025,301.0,2957.5
58.067,301.0,2961.0
58.105,302.0,2964.2
58.146,302.0,2967.6
58.187,303.0,2971.1
58.225,303.0,2974.3
58.266,304.0,2977.7
58.311,304.0,2981.5
58.351,305.0,2984.9
58.389,306.0,2988.1
58.432,306.0,2991.8
58.471,307.0,2995.1
58.506,307.0,2998.1
58.546,308.0,3001.5
58.583,308.0,3004.7
58.627,309.0,3008.5
58.667,309.0,3011.9
58.706,309.0,3015.2
58.747,310.0,3018.8
58.786,310.0,3022.1
58.824,310.0,3025.4
58.865,310.0,3028.9
58.905,311.0,3032.4
58.947,311.0,3036.0
58.983,311.0,3039.1
59.026,312.0,3042.8
59.066,312.0,3046.3
59.106,313.0,3049.8
59.143,314.0,3053.0
59.187,314.0,3056.8
59.226,314.0,3060.2
59.266,315.0,3063.7
59.307,315.0,3067.3
59.344,316.0,3070.6
59.385,316.0,3074.2
59.427,316.0,3077.8
59.464,317.0,3081.1
59.504,317.0,3084.6
59.546,318.0,3088.3
59.583,318.0,3091.6
59.627,318.0,3095.5
59.667,319.0,3099.0
59.707,319.0,3102.6
59.743,319.0,3105.7
59.789,319.0,3109.8
59.829,319.0,3113.4
59.863,319.0,3116.4
59.906,319.0,3120.2
59.945,319.0,3123.6
59.985,319.0,3127.2
60.028,319.0,3131.0
60.065,320.0,3134.3
60.104,320.0,3137.7
60.144,320.0,3141.3
60.187,320.0,3145.1
60.223,320.0,3148.3
60.263,320.0,3151.9
60.306,320.0,3155.7
60.344,320.0,3159.1
60.385,320.0,3162.7
60.426,321.0,3166.4
60.464,321.0,3169.8
60.504,322.0,3173.3
60.543,321.0,3176.8
60.583,322.0,3180.4
60.623,322.0,3184.0
60.663,322.0,3187.5
60.704,322.0,3191.2
60.744,323.0,3194.8
60.786,323.0,3198.6
60.823,323.0,3201.9
60.863,323.0,3205.5
60.905,324.0,3209.3
60.948,324.0,3213.1
60.986,324.0,3216.5
61.024,324.0,3220.0
61.063,324.0,3223.5
61.105,324.0,3227.3
61.147,324.0,3231.0
61.184,325.0,3234.4
61.225,325.0,3238.1
61.265,325.0,3241.7
61.309,325.0,3245.7
61.351,325.0,3249.4
61.392,325.0,3253.1
61.427,325.0,3256.3
61.469,325.0,3260.1
61.511,326.0,3263.9
61.544,326.0,3266.9
61.583,326.0,3270.4
61.624,326.0,3274.1
61.663,326.0,3277.7
61.704,327.0,3281.4
61.744,327.0,3285.0
61.784,327.0,3288.6
61.825,327.0,3292.4
61.863,327.0,3295.8
61.904,327.0,3299.5
61.944,327.0,3303.2
61.984,328.0,3306.8
62.023,328.0,3310.4
62.064,329.0,3314.1
62.103,329.0,3317.7
62.144,329.0,3321.4
62.183,329.0,3325.0
62.224,329.0,3328.7
62.263,329.0,3332.3
62.304,329.0,3336.0
62.343,330.0,3339.6
62.384,330.0,3343.4
62.424,330.0,3347.0
62.464,331.0,3350.7
62.505,331.0,3354.5
62.545,331.0,3358.2
62.585,330.0,3361.8
62.624,330.0,3365.4
62.664,329.0,3369.1
62.705,328.0,3372.8
62.744,328.0,3376.4
62.783,326.0,3379.9
62.823,324.0,3383.5
62.864,322.0,3387.2
62.904,319.0,3390.8
62.943,317.0,3394.2
62.983,315.0,3397.7
63.023,312.0,3401.2
63.063,310.0,3404.6
63.104,307.0,3408.2
63.143,305.0,3411.5
63.184,302.0,3414.9
63.225,302.0,3418.4
63.263,296.0,3421.5
63.304,294.0,3424.9
63.346,291.0,3428.3
63.391,289.0,3431.9
63.426,286.0,3434.7
63.468,283.0,3438.0
63.511,281.0,3441.4
63.544,279.0,3444.0
63.584,276.0,3447.1
63.625,276.0,3450.2
63.665,272.0,3453.2
63.703,270.0,3456.1
63.744,268.0,3459.2
63.785,266.0,3462.2
63.824,265.0,3465.1
63.865,263.0,3468.1
63.904,261.0,3470.9
63.944,260.0,3473.8
63.983,259.0,3476.6
64.023,257.0,3479.5
64.065,256.0,3482.5
64.105,254.0,3485.3
64.144,253.0,3488.1
64.660,252.0,3524.3
64.683,250.0,3525.9
64.701,249.0,3527.1
64.718,248.0,3528.3
64.737,236.0,3529.6
64.779,236.0,3532.3
64.818,235.0,3534.9
64.859,234.0,3537.5
64.899,234.0,3540.1
64.940,234.0,3542.8
64.980,233.0,3545.4
65.020,232.0,3548.0
65.061,232.0,3550.6
65.101,232.0,3553.2
65.143,232.0,3555.9
65.183,232.0,3558.5
65.222,231.0,3561.0
65.262,231.0,3563.6
65.303,232.0,3566.2
65.346,232.0,3569.0
65.386,233.0,3571.6
65.426,234.0,3574.2
65.673,235.0,3590.2
65.693,235.0,3591.5
65.716,235.0,3593.0
65.741,235.0,3594.7
65.766,238.0,3596.3
65.790,238.0,3597.9
65.826,239.0,3600.3
65.866,239.0,3603.0
65.907,240.0,3605.7
65.943,240.0,3608.1
65.984,241.0,3610.8
66.024,241.0,3613.5
66.064,241.0,3616.2
66.103,242.0,3618.8
66.145,242.0,3621.6
66.184,243.0,3624.2
66.223,243.0,3626.9
66.263,243.0,3629.6
66.303,244.0,3632.3
66.344,245.0,3635.1
66.384,245.0,3637.8
66.423,245.0,3640.4
66.464,246.0,3643.2
66.503,247.0,3645.9
66.544,247.0,3648.7
66.584,248.0,3651.5
66.623,249.0,3654.2
66.664,249.0,3657.0
66.704,249.0,3659.8
66.743,249.0,3662.5
66.783,250.0,3665.2
66.824,250.0,3668.1
66.864,251.0,3670.9
66.903,251.0,3673.6
66.944,251.0,3676.4
66.984,252.0,3679.2
67.024,252.0,3682.0
67.063,252.0,3684.8
67.103,252.0,3687.6
67.144,253.0,3690.4
67.184,253.0,3693.3
67.224,253.0,3696.1
67.264,252.0,3698.9
67.303,251.0,3701.6
67.343,250.0,3704.4
67.384,248.0,3707.2
67.423,247.0,3709.9
67.464,245.0,3712.7
67.505,243.0,3715.5
67.544,241.0,3718.1
67.583,239.0,3720.7
67.624,239.0,3723.4
67.664,235.0,3726.1
67.703,232.0,3728.6
67.744,230.0,3731.2
67.785,227.0,3733.8
67.825,225.0,3736.3
67.865,223.0,3738.8
67.905,220.0,3741.3
67.944,218.0,3743.6
67.985,216.0,3746.1
68.024,213.0,3748.4
68.064,211.0,3750.8
68.105,209.0,3753.2
68.145,207.0,3755.5
68.186,205.0,3757.8
68.227,203.0,3760.2
68.266,201.0,3762.4
68.307,198.0,3764.6
68.346,196.0,3766.8
68.382,194.0,3768.7
68.423,194.0,3770.9
68.463,190.0,3773.1
68.502,188.0,3775.1
68.542,186.0,3777.2
68.582,184.0,3779.2
68.622,182.0,3781.3
68.663,180.0,3783.3
68.702,178.0,3785.3
68.743,176.0,3787.3
68.782,175.0,3789.2
68.822,175.0,3791.1
68.863,171.0,3793.1
68.903,169.0,3795.0
68.943,168.0,3796.9
68.983,166.0,3798.7
69.022,164.0,3800.5
69.062,162.0,3802.3
69.103,160.0,3804.2
69.143,159.0,3805.9
69.183,157.0,3807.7
69.223,155.0,3809.4
69.263,153.0,3811.1
69.302,151.0,3812.8
69.342,149.0,3814.4
69.383,146.0,3816.1
69.422,146.0,3817.7
69.463,143.0,3819.3
69.503,141.0,3820.9
69.542,140.0,3822.4
69.583,138.0,3824.0
69.622,138.0,3825.5
69.662,135.0,3827.0
69.703,134.0,3828.6
69.742,133.0,3830.0
69.782,132.0,3831.5
69.823,131.0,3833.0
69.863,131.0,3834.4
69.902,130.0,3835.9
69.942,129.0,3837.3
69.982,128.0,3838.7
70.023,128.0,3840.2
70.062,128.0,3841.6
70.103,127.0,3843.0
70.142,126.0,3844.4
70.184,126.0,3845.9
70.225,125.0,3847.3
70.264,125.0,3848.6
70.304,124.0,3850.0
70.344,124.0,3851.4
70.384,123.0,3852.8
70.424,123.0,3854.1
70.465,123.0,3855.5
70.505,122.0,3856.9
70.544,121.0,3858.2
70.585,120.0,3859.6
70.624,120.0,3860.9
70.664,119.0,3862.2
70.704,119.0,3863.5
70.745,119.0,3864.9
70.785,118.0,3866.2
70.824,117.0,3867.5
70.865,117.0,3868.8
70.904,116.0,3870.1
70.945,115.0,3871.4
70.985,114.0,3872.7
71.024,114.0,3873.9
71.065,114.0,3875.2
71.105,113.0,3876.5
71.144,113.0,3877.7
71.185,112.0,3879.0
71.224,112.0,3880.2
71.264,112.0,3881.4
71.304,111.0,3882.7
71.344,111.0,3883.9
71.385,111.0,3885.2
71.424,111.0,3886.4
71.464,111.0,3887.6
71.505,110.0,3888.9
71.545,110.0,3890.1
71.584,110.0,3891.3
71.624,110.0,3892.5
71.665,109.0,3893.7
71.705,109.0,3895.0
71.745,109.0,3896.2
71.785,108.0,3897.4
71.824,108.0,3898.5
71.864,108.0,3899.7
71.906,108.0,3901.0
71.944,108.0,3902.1
71.984,108.0,3903.3
72.026,108.0,3904.6
72.064,109.0,3905.7
72.105,109.0,3907.0
72.144,110.0,3908.2
72.184,110.0,3909.4
72.224,110.0,3910.6
72.265,111.0,3911.9
72.305,112.0,3913.1
72.344,112.0,3914.3
72.388,113.0,3915.7
72.426,113.0,3916.9
72.467,114.0,3918.2
72.506,115.0,3919.4
72.546,115.0,3920.7
72.588,116.0,3922.1
72.637,117.0,3923.6
72.667,117.0,3924.6
72.706,118.0,3925.9
72.747,119.0,3927.2
72.784,120.0,3928.5
72.824,120.0,3929.8
72.864,121.0,3931.1
72.903,122.0,3932.5
72.945,123.0,3933.9
72.984,124.0,3935.2
73.024,125.0,3936.6
73.064,127.0,3938.0
73.105,128.0,3939.5
73.144,130.0,3940.9
73.184,131.0,3942.3
73.225,131.0,3943.8
73.264,134.0,3945.2
73.304,135.0,3946.7
73.344,136.0,3948.2
73.384,137.0,3949.7
73.425,137.0,3951.3
73.464,139.0,3952.8
73.503,140.0,3954.3
73.545,141.0,3956.0
73.584,142.0,3957.5
73.625,143.0,3959.1
73.664,144.0,3960.7
73.705,145.0,3962.3
73.744,145.0,3963.9
73.784,146.0,3965.5
73.824,147.0,3967.1
73.864,147.0,3968.8
73.904,148.0,3970.4
73.944,149.0,3972.0
73.985,150.0,3973.8
74.024,150.0,3975.4
74.065,152.0,3977.1
74.105,153.0,3978.8
74.144,154.0,3980.5
74.184,155.0,3982.2
74.224,155.0,3983.9
74.265,158.0,3985.7
74.305,159.0,3987.4
74.344,160.0,3989.2
74.384,162.0,3991.0
74.424,163.0,3992.8
74.465,164.0,3994.6
74.505,165.0,3996.4
74.544,166.0,3998.2
74.586,167.0,4000.2
74.628,169.0,4002.1
74.668,170.0,4004.0
74.707,171.0,4005.9
74.746,172.0,4007.7
74.786,173.0,4009.6
74.823,173.0,4011.4
74.865,176.0,4013.5
74.904,177.0,4015.4
74.944,178.0,4017.3
74.984,179.0,4019.3
75.023,180.0,4021.3
75.063,180.0,4023.3
75.105,181.0,4025.4
75.143,182.0,4027.3
75.184,182.0,4029.4
75.224,182.0,4031.4
75.263,185.0,4033.4
75.305,185.0,4035.5
75.345,186.0,4037.6
75.384,187.0,4039.6
75.424,187.0,4041.7
75.464,189.0,4043.8
75.504,190.0,4045.9
75.544,192.0,4048.0
75.584,193.0,4050.2
75.624,195.0,4052.3
75.663,196.0,4054.4
75.703,198.0,4056.6
75.744,199.0,4058.9
75.784,200.0,4061.1
75.823,200.0,4063.3
75.864,204.0,4065.6
75.904,205.0,4067.8
75.944,206.0,4070.1
75.983,207.0,4072.4
76.024,208.0,4074.7
76.065,210.0,4077.1
76.104,211.0,4079.4
76.144,212.0,4081.7
76.185,212.0,4084.1
76.224,213.0,4086.4
76.263,214.0,4088.8
76.523,215.0,4104.2
76.543,216.0,4105.4
76.561,217.0,4106.5
76.580,217.0,4107.7
76.598,221.0,4108.8
76.625,222.0,4110.4
76.664,223.0,4112.8
76.705,224.0,4115.4
76.744,225.0,4117.8
76.785,226.0,4120.4
76.827,226.0,4123.0
76.868,228.0,4125.6
76.907,229.0,4128.1
76.947,230.0,4130.6
76.997,230.0,4133.8
77.023,231.0,4135.5
77.063,232.0,4138.1
77.103,233.0,4140.6
77.143,234.0,4143.2
77.182,234.0,4145.8
77.223,235.0,4148.4
77.262,236.0,4151.0
77.303,237.0,4153.7
77.342,237.0,4156.3
77.383,238.0,4159.0
77.423,239.0,4161.6
77.462,240.0,4164.2
77.503,240.0,4166.9
77.542,241.0,4169.5
77.583,242.0,4172.3
77.622,242.0,4174.9
77.663,243.0,4177.7
77.702,244.0,4180.3
77.743,244.0,4183.1
77.782,245.0,4185.7
77.823,245.0,4188.5
77.863,246.0,4191.3
77.903,247.0,4194.0
77.944,247.0,4196.8
77.983,248.0,4199.5
78.023,249.0,4202.3
78.063,250.0,4205.0
78.103,250.0,4207.8
78.143,251.0,4210.6
78.184,251.0,4213.5
78.223,251.0,4216.2
78.262,253.0,4218.9
78.302,253.0,4221.7
78.342,254.0,4224.5
78.383,254.0,4227.4
78.423,254.0,4230.2
78.463,255.0,4233.1
78.502,255.0,4235.8
78.542,255.0,4238.7
78.582,256.0,4241.5
78.622,256.0,4244.3
78.663,257.0,4247.3
78.702,258.0,4250.1
78.742,258.0,4252.9
78.782,259.0,4255.8
78.824,260.0,4258.8
78.864,260.0,4261.7
78.905,261.0,4264.7
78.946,262.0,4267.7
78.984,262.0,4270.4
79.024,263.0,4273.3
79.064,264.0,4276.3
79.105,265.0,4279.3
79.144,266.0,4282.2
79.184,266.0,4285.1
79.225,267.0,4288.2
79.264,268.0,4291.0
79.305,268.0,4294.1
79.344,269.0,4297.0
79.384,270.0,4300.0
79.425,270.0,4303.1
79.465,271.0,4306.1
79.505,272.0,4309.1
79.544,272.0,4312.0
79.585,273.0,4315.2
79.624,273.0,4318.1
79.668,273.0,4321.4
79.704,274.0,4324.2
79.745,275.0,4327.3
79.785,275.0,4330.4
79.825,275.0,4333.4
79.864,276.0,4336.4
79.906,277.0,4339.6
79.946,277.0,4342.7
79.984,278.0,4345.6
80.025,279.0,4348.8
80.065,279.0,4351.9
80.105,280.0,4355.0
80.146,280.0,4358.2
80.185,280.0,4361.2
80.227,281.0,4364.5
80.268,281.0,4367.7
80.307,282.0,4370.8
80.360,283.0,4374.9
80.390,283.0,4377.3
80.427,283.0,4380.2
80.469,284.0,4383.5
80.506,284.0,4386.4
80.551,285.0,4390.0
80.599,286.0,4393.8
80.623,286.0,4395.7
80.663,287.0,4398.9
80.702,287.0,4402.0
80.742,288.0,4405.2
80.782,288.0,4408.4
80.822,288.0,4411.6
80.863,288.0,4414.8
80.903,288.0,4418.0
80.944,288.0,4421.3
80.982,288.0,4424.4
81.023,288.0,4427.6
81.062,289.0,4430.8
81.103,290.0,4434.1
81.143,290.0,4437.3
81.183,290.0,4440.5
81.223,290.0,4443.7
81.262,290.0,4446.9
81.303,290.0,4450.2
81.344,291.0,4453.5
81.382,292.0,4456.6
81.423,292.0,4459.9
81.463,292.0,4463.1
81.502,293.0,4466.3
81.543,293.0,4469.6
81.582,294.0,4472.8
81.623,294.0,4476.2
81.663,295.0,4479.4
81.702,296.0,4482.6
81.743,296.0,4486.0
81.783,297.0,4489.3
81.823,297.0,4492.6
81.863,298.0,4495.9
81.903,299.0,4499.2
81.943,299.0,4502.6
81.983,300.0,4505.9
82.023,300.0,4509.2
82.063,301.0,4512.6
82.102,301.0,4515.8
82.142,301.0,4519.2
82.183,302.0,4522.6
82.222,302.0,4525.9
82.263,303.0,4529.3
82.303,303.0,4532.7
82.344,303.0,4536.1
82.382,304.0,4539.3
82.425,304.0,4543.0
82.466,305.0,4546.4
82.504,305.0,4549.6
82.545,305.0,4553.1
82.584,305.0,4556.4
82.626,305.0,4560.0
82.666,306.0,4563.4
82.706,306.0,4566.8
82.745,307.0,4570.1
82.786,307.0,4573.6
82.826,307.0,4577.0
82.865,308.0,4580.3
82.907,308.0,4583.9
82.948,308.0,4587.4
82.985,309.0,4590.6
83.026,309.0,4594.1
83.066,310.0,4597.6
83.106,310.0,4601.0
83.145,310.0,4604.4
83.186,311.0,4607.9
83.229,311.0,4611.6
83.268,312.0,4615.0
83.305,312.0,4618.2
83.350,312.0,4622.1
83.398,312.0,4626.3
83.426,313.0,4628.7
83.465,313.0,4632.1
83.505,313.0,4635.6
83.546,313.0,4639.1
83.586,313.0,4642.6
83.625,313.0,4646.0
83.665,313.0,4649.5
83.706,313.0,4653.0
83.749,313.0,4656.8
83.788,312.0,4660.2
83.830,312.0,4663.8
83.870,312.0,4667.3
83.911,312.0,4670.8
83.947,312.0,4673.9
83.990,312.0,4677.7
84.025,312.0,4680.7
84.065,312.0,4684.2
84.106,311.0,4687.7
84.144,311.0,4691.0
84.186,311.0,4694.6
84.225,311.0,4698.0
84.265,310.0,4701.4
84.305,309.0,4704.9
84.349,309.0,4708.7
84.385,308.0,4711.7
84.426,308.0,4715.3
84.465,307.0,4718.6
84.505,307.0,4722.0
84.545,307.0,4725.4
84.585,306.0,4728.8
84.625,306.0,4732.2
84.664,305.0,4735.5
84.704,304.0,4738.9
84.745,304.0,4742.4
84.786,303.0,4745.8
84.825,303.0,4749.1
84.867,302.0,4752.6
84.905,302.0,4755.8
84.947,301.0,4759.3
84.986,300.0,4762.6
85.028,300.0,4766.1
85.065,300.0,4769.2
85.106,299.0,4772.6
85.146,297.0,4775.9
85.185,296.0,4779.1
85.225,295.0,4782.4
85.265,293.0,4785.7
85.306,291.0,4789.0
85.345,289.0,4792.1
85.387,288.0,4795.5
85.426,286.0,4798.6
85.466,283.0,4801.8
85.506,281.0,4804.9
85.546,278.0,4808.0
85.584,276.0,4810.9
85.628,276.0,4814.3
85.666,271.0,4817.2
85.706,269.0,4820.2
85.746,266.0,4823.2
85.787,264.0,4826.2
85.826,261.0,4829.0
85.947,259.0,4837.8
85.965,257.0,4839.1
85.984,255.0,4840.4
86.002,253.0,4841.7
86.029,250.0,4843.6
86.066,248.0,4846.1
86.106,246.0,4848.9
86.146,244.0,4851.6
86.186,242.0,4854.3
86.225,242.0,4856.9
86.266,237.0,4859.6
86.307,235.0,4862.3
86.346,233.0,4864.9
86.387,231.0,4867.5
86.426,231.0,4870.0
86.466,227.0,4872.5
86.506,225.0,4875.1
86.546,223.0,4877.5
86.587,222.0,4880.1
86.626,220.0,4882.5
86.667,219.0,4885.0
86.706,217.0,4887.3
86.746,215.0,4889.7
86.787,213.0,4892.2
86.825,211.0,4894.4
86.869,209.0,4897.0
86.912,207.0,4899.5
86.950,206.0,4901.6
86.991,204.0,4904.0
87.043,203.0,4906.9
87.065,201.0,4908.2
87.104,199.0,4910.3
87.144,198.0,4912.5
87.184,197.0,4914.7
87.223,196.0,4916.8
87.264,196.0,4919.1
87.304,195.0,4921.3
87.344,195.0,4923.4
87.384,194.0,4925.6
87.425,194.0,4927.8
87.464,193.0,4929.9
87.503,193.0,4932.0
87.543,193.0,4934.1
87.585,193.0,4936.4
87.624,193.0,4938.5
87.665,193.0,4940.7
87.704,193.0,4942.8
87.744,192.0,4944.9
87.783,192.0,4947.0
87.823,191.0,4949.1
87.864,191.0,4951.3
87.904,190.0,4953.4
87.945,189.0,4955.5
87.984,189.0,4957.6
88.023,189.0,4959.6
88.065,188.0,4961.8
88.105,188.0,4963.9
88.144,188.0,4966.0
88.184,189.0,4968.1
88.224,189.0,4970.2
88.265,190.0,4972.3
88.305,190.0,4974.4
88.342,193.0,4976.4
88.384,195.0,4978.7
88.424,196.0,4980.8
88.463,197.0,4983.0
88.504,198.0,4985.2
88.544,199.0,4987.4
88.584,200.0,4989.6
88.623,199.0,4991.8
88.665,199.0,4994.1
88.703,198.0,4996.2
88.744,197.0,4998.5
88.782,195.0,5000.5
88.822,194.0,5002.7
88.868,192.0,5005.2
88.907,191.0,5007.2
88.948,189.0,5009.4
88.987,188.0,5011.4
89.030,188.0,5013.7
89.068,184.0,5015.6
89.107,182.0,5017.6
89.148,180.0,5019.7
89.187,177.0,5021.6
89.226,177.0,5023.5
89.268,172.0,5025.6
89.307,171.0,5027.4
89.346,170.0,5029.3
89.387,168.0,5031.2
89.428,167.0,5033.1
89.468,166.0,5035.0
89.507,166.0,5036.8
89.547,165.0,5038.6
89.587,163.0,5040.4
89.629,163.0,5042.3
89.668,160.0,5044.1
89.710,159.0,5045.9
89.747,158.0,5047.6
89.789,157.0,5049.4
89.829,156.0,5051.1
89.868,155.0,5052.8
89.909,154.0,5054.6
89.949,153.0,5056.3
89.989,153.0,5058.0
90.030,153.0,5059.7
90.067,152.0,5061.3
90.110,152.0,5063.1
90.149,152.0,5064.8
90.188,152.0,5066.4
90.228,151.0,5068.1
90.265,151.0,5069.6
90.308,150.0,5071.4
90.347,150.0,5073.1
90.386,150.0,5074.7
90.426,150.0,5076.4
90.474,149.0,5078.4
90.519,148.0,5080.2
90.554,146.0,5081.6
90.589,145.0,5083.1
90.634,145.0,5084.9
90.663,145.0,5086.0
90.705,145.0,5087.7
90.745,145.0,5089.3
90.787,145.0,5091.0
90.828,145.0,5092.7
90.868,145.0,5094.3
90.907,145.0,5095.9
90.947,145.0,5097.5
90.988,145.0,5099.1
91.027,145.0,5100.7
91.069,145.0,5102.4
91.110,144.0,5104.0
91.145,144.0,5105.4
91.187,144.0,5107.1
91.226,144.0,5108.7
91.267,143.0,5110.3
91.306,143.0,5111.9
91.346,142.0,5113.4
91.387,142.0,5115.1
91.424,142.0,5116.5
91.466,142.0,5118.2
91.508,143.0,5119.8
91.547,143.0,5121.4
91.586,144.0,5122.9
91.625,144.0,5124.5
91.667,144.0,5126.2
91.705,145.0,5127.7
91.749,145.0,5129.5
91.786,146.0,5131.0
91.825,147.0,5132.6
91.868,147.0,5134.3
91.908,148.0,5136.0
91.944,149.0,5137.4
91.987,150.0,5139.2
92.030,151.0,5141.0
92.066,152.0,5142.5
92.108,152.0,5144.3
92.147,152.0,5146.0
92.186,152.0,5147.6
92.225,151.0,5149.2
92.267,149.0,5151.0
92.306,147.0,5152.6
92.348,146.0,5154.3
92.389,144.0,5156.0
92.424,144.0,5157.4
92.470,141.0,5159.2
92.517,139.0,5161.0
92.550,137.0,5162.3
92.590,135.0,5163.8
92.630,133.0,5165.3
92.669,132.0,5166.7
92.707,130.0,5168.1
92.743,128.0,5169.4
92.783,126.0,5170.8
92.824,126.0,5172.2
92.869,122.0,5173.8
92.905,120.0,5175.0
92.946,118.0,5176.3
92.984,117.0,5177.6
93.027,117.0,5179.0
93.067,113.0,5180.3
93.104,111.0,5181.4
93.145,110.0,5182.7
93.184,109.0,5183.9
93.224,107.0,5185.1
93.265,106.0,5186.3
93.303,105.0,5187.4
93.346,104.0,5188.6
93.386,103.0,5189.8
93.430,103.0,5191.0
93.469,101.0,5192.1
93.507,100.0,5193.2
93.544,99.0,5194.2
93.587,98.0,5195.4
93.629,97.0,5196.5
93.663,97.0,5197.5
93.705,96.0,5198.6
93.745,96.0,5199.7
93.785,95.0,5200.7
93.827,95.0,5201.8
93.867,94.0,5202.9
93.905,94.0,5203.9
93.944,94.0,5204.9
93.984,93.0,5205.9
94.025,93.0,5207.0
94.251,92.0,5212.8
94.277,92.0,5213.5
94.308,89.0,5214.2
94.345,89.0,5215.1
94.385,89.0,5216.1
94.424,88.0,5217.1
94.464,88.0,5218.1
94.505,87.0,5219.1
94.544,87.0,5220.0
94.585,87.0,5221.0
94.624,86.0,5221.9
94.664,86.0,5222.9
94.705,85.0,5223.9
94.744,85.0,5224.8
94.785,85.0,5225.8
94.824,85.0,5226.7
94.869,84.0,5227.7
94.907,84.0,5228.6
94.944,84.0,5229.5
94.984,84.0,5230.4
95.027,84.0,5231.4
95.071,84.0,5232.4
95.112,83.0,5233.4
95.149,83.0,5234.2
95.188,83.0,5235.1
95.231,84.0,5236.1
95.270,84.0,5237.1
95.304,84.0,5237.8
95.344,84.0,5238.8
95.683,84.0,5246.7
95.705,84.0,5247.2
95.727,89.0,5247.7
95.770,89.0,5248.8
95.810,89.0,5249.8
95.855,91.0,5250.9
95.896,92.0,5252.0
95.936,92.0,5253.0
95.976,92.0,5254.0
96.016,92.0,5255.0
96.059,93.0,5256.1
96.100,93.0,5257.2
96.140,93.0,5258.2
96.179,94.0,5259.2
96.222,94.0,5260.4
96.262,95.0,5261.4
96.300,95.0,5262.4
96.343,95.0,5263.5
96.385,95.0,5264.6
96.421,95.0,5265.6
96.461,94.0,5266.6
96.502,94.0,5267.7
96.542,93.0,5268.8
96.583,93.0,5269.8
96.623,92.0,5270.8
96.667,92.0,5272.0
96.703,92.0,5272.9
96.742,91.0,5273.9
96.784,91.0,5274.9
96.824,91.0,5276.0
96.864,91.0,5277.0
96.903,90.0,5277.9
96.943,90.0,5278.9
96.984,90.0,5280.0
97.022,90.0,5280.9
97.064,90.0,5282.0
97.104,90.0,5283.0
97.145,91.0,5284.0
97.188,92.0,5285.1
97.224,92.0,5286.0
97.265,93.0,5287.1
97.304,93.0,5288.1
97.345,93.0,5289.1
97.384,94.0,5290.1
97.425,94.0,5291.2
97.464,95.0,5292.2
97.505,95.0,5293.3
97.545,96.0,5294.4
97.588,97.0,5295.5
97.625,97.0,5296.5
97.667,98.0,5297.7
97.704,98.0,5298.7
97.745,99.0,5299.8
97.785,99.0,5300.9
97.824,100.0,5302.0
97.865,101.0,5303.1
97.905,101.0,5304.2
97.948,102.0,5305.5
97.985,103.0,5306.5
98.025,104.0,5307.7
98.066,105.0,5308.9
98.104,106.0,5310.0
98.145,106.0,5311.2
98.185,107.0,5312.4
98.224,107.0,5313.5
98.267,110.0,5314.8
98.306,111.0,5316.0
98.348,112.0,5317.3
98.390,113.0,5318.6
98.433,114.0,5320.0
98.474,116.0,5321.3
98.510,117.0,5322.5
98.547,118.0,5323.7
98.591,120.0,5325.1
98.629,121.0,5326.4
98.668,122.0,5327.7
98.704,124.0,5328.9
98.743,125.0,5330.3
98.783,127.0,5331.7
98.824,127.0,5333.1
98.863,129.0,5334.5
98.906,130.0,5336.1
98.946,131.0,5337.5
98.983,132.0,5338.9
99.024,132.0,5340.4
99.064,135.0,5341.8
99.103,137.0,5343.3
99.144,139.0,5344.9
99.183,140.0,5346.4
99.224,142.0,5348.0
99.264,143.0,5349.6
99.309,145.0,5351.4
99.348,146.0,5353.0
99.383,148.0,5354.4
99.423,148.0,5356.0
99.463,151.0,5357.7
99.504,152.0,5359.4
99.542,154.0,5361.0
99.582,155.0,5362.8
99.623,157.0,5364.5
99.663,158.0,5366.3
99.703,159.0,5368.0
99.746,160.0,5370.0
99.784,161.0,5371.6
99.823,163.0,5373.4
99.863,164.0,5375.2
99.904,165.0,5377.1
99.942,166.0,5378.8
99.983,167.0,5380.7
100.023,167.0,5382.6
100.063,169.0,5384.5
100.104,170.0,5386.4
100.144,171.0,5388.3
100.183,172.0,5390.1
100.226,174.0,5392.2
100.262,175.0,5394.0
100.303,176.0,5396.0
100.343,177.0,5397.9
100.382,178.0,5399.8
100.424,178.0,5401.9
100.463,181.0,5403.9
100.504,182.0,5405.9
100.545,183.0,5408.0
100.589,185.0,5410.3
100.627,186.0,5412.2
100.664,187.0,5414.1
100.704,188.0,5416.2
100.745,189.0,5418.4
100.784,190.0,5420.4
100.824,190.0,5422.5
100.865,193.0,5424.7
100.904,194.0,5426.8
100.944,195.0,5429.0
100.985,196.0,5431.2
101.026,196.0,5433.4
101.065,198.0,5435.6
101.106,199.0,5437.8
101.144,200.0,5439.9
101.186,201.0,5442.3
101.232,202.0,5444.8
101.265,203.0,5446.7
101.306,204.0,5449.0
101.347,205.0,5451.3
101.385,206.0,5453.5
101.429,207.0,5456.0
101.465,208.0,5458.1
101.505,209.0,5460.4
101.545,210.0,5462.7
101.586,211.0,5465.1
101.624,211.0,5467.4
101.665,213.0,5469.8
101.706,214.0,5472.2
101.744,215.0,5474.5
101.786,215.0,5477.0
101.825,215.0,5479.3
101.867,217.0,5481.8
101.907,218.0,5484.3
101.947,219.0,5486.7
101.987,219.0,5489.1
102.028,220.0,5491.6
102.066,222.0,5494.0
102.106,223.0,5496.4
102.147,223.0,5499.0
102.187,224.0,5501.4
102.226,225.0,5503.9
102.270,225.0,5506.6
102.309,226.0,5509.1
102.343,226.0,5511.2
102.384,227.0,5513.8
102.424,228.0,5516.3
102.464,229.0,5518.9
102.504,229.0,5521.4
102.545,230.0,5524.0
102.587,231.0,5526.7
102.624,231.0,5529.1
102.667,232.0,5531.8
102.704,233.0,5534.2
102.743,233.0,5536.8
102.784,234.0,5539.4
102.824,235.0,5542.0
102.864,236.0,5544.6
102.905,236.0,5547.3
102.945,237.0,5549.9
102.985,238.0,5552.6
103.025,239.0,5555.2
103.068,239.0,5558.1
103.103,240.0,5560.4
103.144,241.0,5563.2
103.185,241.0,5565.9
103.225,242.0,5568.6
103.264,243.0,5571.2
103.304,243.0,5573.9
103.343,244.0,5576.6
103.384,245.0,5579.3
103.424,245.0,5582.1
103.464,246.0,5584.8
103.507,247.0,5587.7
103.550,247.0,5590.7
103.585,248.0,5593.1
103.625,248.0,5595.8
103.665,249.0,5598.6
103.705,250.0,5601.4
103.744,250.0,5604.1
103.783,251.0,5606.8
103.824,251.0,5609.7
103.865,252.0,5612.5
103.906,253.0,5615.4
103.944,253.0,5618.1
103.989,254.0,5621.2
104.027,254.0,5623.9
104.065,255.0,5626.6
104.105,256.0,5629.4
104.144,256.0,5632.2
104.185,257.0,5635.1
104.225,257.0,5638.0
104.265,258.0,5640.9
104.305,259.0,5643.7
104.344,259.0,5646.5
104.385,260.0,5649.5
104.432,260.0,5652.9
104.466,261.0,5655.3
104.504,262.0,5658.1
104.545,262.0,5661.1
104.584,263.0,5663.9
104.624,263.0,5666.9
104.665,264.0,5669.9
104.705,264.0,5672.8
104.745,265.0,5675.7
104.789,265.0,5679.0
104.828,265.0,5681.8
104.865,266.0,5684.6
104.905,267.0,5687.5
105.239,267.0,5712.3
105.267,268.0,5714.4
105.291,268.0,5716.2
105.321,272.0,5718.4
105.350,273.0,5720.6
105.383,273.0,5723.1
105.425,274.0,5726.3
105.464,274.0,5729.3
105.505,274.0,5732.4
105.544,274.0,5735.4
105.585,275.0,5738.5
105.627,275.0,5741.7
105.664,276.0,5744.5
105.705,276.0,5747.7
105.744,276.0,5750.7
105.783,277.0,5753.7
105.825,277.0,5756.9
105.865,278.0,5760.0
105.905,278.0,5763.1
105.945,278.0,5766.1
105.991,279.0,5769.7
106.025,279.0,5772.3
106.065,279.0,5775.4
106.105,279.0,5778.5
106.145,278.0,5781.6
106.185,277.0,5784.7
106.223,274.0,5787.6
106.264,274.0,5790.7
106.305,272.0,5793.9
106.347,271.0,5797.0
106.383,269.0,5799.7
106.429,267.0,5803.1
106.469,267.0,5806.1
106.505,266.0,5808.8
106.545,264.0,5811.7
106.584,261.0,5814.6
106.624,258.0,5817.5
106.665,258.0,5820.4
106.704,257.0,5823.2
106.745,256.0,5826.1
106.785,254.0,5828.9
106.831,252.0,5832.2
106.869,250.0,5834.8
106.905,248.0,5837.3
106.945,246.0,5840.1
106.990,244.0,5843.1
107.023,242.0,5845.3
107.064,240.0,5848.1
107.104,237.0,5850.7
107.145,235.0,5853.4
107.185,233.0,5856.0
107.229,230.0,5858.9
107.269,230.0,5861.4
107.305,228.0,5863.7
107.344,226.0,5866.2
107.385,225.0,5868.7
107.425,221.0,5871.2
107.465,221.0,5873.7
107.505,220.0,5876.1
107.545,218.0,5878.5
107.587,217.0,5881.1
107.625,214.0,5883.4
107.665,214.0,5885.7
107.704,212.0,5888.0
107.746,211.0,5890.5
107.788,210.0,5893.0
107.827,209.0,5895.2
107.867,208.0,5897.6
107.907,207.0,5899.9
107.949,206.0,5902.3
107.987,205.0,5904.4
108.024,203.0,5906.5
108.063,203.0,5908.7
108.109,202.0,5911.3
108.144,202.0,5913.3
108.185,201.0,5915.6
108.223,199.0,5917.7
108.263,199.0,5919.9
108.303,199.0,5922.1
108.343,198.0,5924.3
108.385,197.0,5926.6
108.423,196.0,5928.7
108.467,196.0,5931.1
108.503,195.0,5933.0
108.544,195.0,5935.3
108.582,194.0,5937.3
108.624,192.0,5939.6
108.663,192.0,5941.7
108.703,191.0,5943.8
108.743,191.0,5945.9
108.782,190.0,5948.0
108.824,189.0,5950.2
108.863,188.0,5952.2
108.904,188.0,5954.4
108.943,187.0,5956.4
108.989,187.0,5958.8
109.023,187.0,5960.5
109.064,187.0,5962.7
109.102,187.0,5964.6
109.143,187.0,5966.8
109.185,187.0,5969.0
109.222,188.0,5970.9
109.263,188.0,5973.0
109.304,187.0,5975.2
109.344,187.0,5977.2
109.385,188.0,5979.4
109.423,188.0,5981.4
109.467,188.0,5983.7
109.503,189.0,5985.5
109.543,190.0,5987.6
109.583,190.0,5989.8
109.623,191.0,5991.9
109.663,191.0,5994.0
109.703,191.0,5996.1
109.744,192.0,5998.3
109.784,192.0,6000.4
109.826,193.0,6002.7
109.864,194.0,6004.7
109.910,194.0,6007.2
109.948,196.0,6009.3
109.985,196.0,6011.3
110.025,197.0,6013.5
110.065,197.0,6015.6
110.105,197.0,6017.8
110.145,198.0,6020.0
110.185,198.0,6022.2
110.225,199.0,6024.4
110.265,199.0,6026.6
110.305,200.0,6028.9
110.349,201.0,6031.3
110.388,202.0,6033.5
110.425,203.0,6035.6
110.465,205.0,6037.8
110.505,207.0,6040.1
110.546,208.0,6042.5
110.584,209.0,6044.7
110.624,209.0,6047.0
110.666,210.0,6049.5
110.704,211.0,6051.7
110.746,212.0,6054.2
110.789,212.0,6056.7
110.829,213.0,6059.0
110.869,214.0,6061.4
110.905,215.0,6063.6
110.945,215.0,6066.0
110.988,216.0,6068.5
111.028,216.0,6070.9
111.067,215.0,6073.3
111.120,215.0,6076.4
111.148,214.0,6078.1
111.189,212.0,6080.5
111.227,209.0,6082.7
111.267,209.0,6085.1
111.309,207.0,6087.5
111.348,205.0,6089.7
111.387,203.0,6091.9
111.424,201.0,6094.0
111.463,199.0,6096.2
111.504,197.0,6098.4
111.544,195.0,6100.6
111.582,193.0,6102.7
111.623,188.0,6104.8
111.664,188.0,6107.0
111.703,186.0,6109.0
111.743,184.0,6111.1
111.784,182.0,6113.1
111.824,179.0,6115.1
111.866,177.0,6117.2
111.903,175.0,6119.0
111.943,173.0,6121.0
111.984,171.0,6122.9
112.024,169.0,6124.8
112.064,167.0,6126.7
112.103,165.0,6128.5
112.142,162.0,6130.2
112.183,160.0,6132.1
112.223,158.0,6133.8
112.264,156.0,6135.6
112.309,154.0,6137.6
112.343,152.0,6139.0
112.383,150.0,6140.7
112.422,146.0,6142.3
112.463,146.0,6144.0
112.504,144.0,6145.6
112.543,143.0,6147.2
112.583,141.0,6148.7
112.624,138.0,6150.3
112.663,138.0,6151.8
112.703,136.0,6153.3
112.745,135.0,6154.9
112.789,134.0,6156.6
112.823,132.0,6157.8
112.862,131.0,6159.3
112.903,130.0,6160.7
112.944,129.0,6162.2
112.984,128.0,6163.6
113.024,127.0,6165.1
113.063,127.0,6166.4
113.102,126.0,6167.8
113.144,125.0,6169.3
113.186,124.0,6170.7
113.225,123.0,6172.1
113.266,123.0,6173.5
113.307,122.0,6174.9
113.345,122.0,6176.1
113.384,121.0,6177.5
113.426,120.0,6178.9
113.465,120.0,6180.2
113.505,119.0,6181.5
113.544,119.0,6182.8
113.584,119.0,6184.1
113.624,118.0,6185.4
113.667,118.0,6186.8
113.704,117.0,6188.0
113.746,117.0,6189.4
113.785,117.0,6190.7
113.830,116.0,6192.1
113.865,116.0,6193.3
113.906,115.0,6194.6
113.947,115.0,6195.9
113.988,115.0,6197.2
114.028,115.0,6198.5
114.063,115.0,6199.6
114.105,115.0,6200.9
114.147,115.0,6202.3
114.186,115.0,6203.5
114.227,116.0,6204.8
114.266,116.0,6206.1
114.317,116.0,6207.7
114.347,116.0,6208.7
114.385,116.0,6209.9
114.425,117.0,6211.2
114.467,117.0,6212.6
114.759,117.0,6222.1
114.790,117.0,6223.1
114.819,119.0,6224.0
114.862,119.0,6225.4
114.903,120.0,6226.8
114.944,121.0,6228.2
114.982,121.0,6229.5
115.025,122.0,6230.9
115.064,122.0,6232.2
115.105,123.0,6233.6
115.145,124.0,6235.0
115.189,125.0,6236.5
115.229,126.0,6237.9
115.269,126.0,6239.3
115.309,128.0,6240.7
115.349,130.0,6242.2
115.387,132.0,6243.5
115.424,135.0,6244.9
115.466,135.0,6246.5
115.504,137.0,6247.9
115.545,138.0,6249.5
115.587,139.0,6251.1
115.625,142.0,6252.6
115.665,142.0,6254.2
115.706,143.0,6255.8
115.747,144.0,6257.4
115.784,146.0,6258.9
115.825,146.0,6260.6
115.865,147.0,6262.2
115.909,147.0,6264.0
115.945,148.0,6265.5
115.985,148.0,6267.1
116.025,149.0,6268.8
116.065,150.0,6270.4
116.106,151.0,6272.1
116.144,152.0,6273.7
116.185,152.0,6275.5
116.227,154.0,6277.3
116.266,154.0,6278.9
116.309,154.0,6280.8
116.345,155.0,6282.3
116.385,155.0,6284.0
116.430,156.0,6286.0
116.465,156.0,6287.5
116.504,157.0,6289.2
116.544,158.0,6290.9
116.586,158.0,6292.8
116.625,158.0,6294.5
116.664,159.0,6296.2
116.705,160.0,6298.0
116.746,161.0,6299.9
116.786,161.0,6301.6
116.826,162.0,6303.4
116.866,163.0,6305.2
116.909,164.0,6307.2
116.948,165.0,6309.0
116.995,167.0,6311.2
117.027,168.0,6312.6
117.067,169.0,6314.5
117.109,170.0,6316.5
117.146,172.0,6318.2
117.186,173.0,6320.2
117.227,176.0,6322.2
117.265,176.0,6324.0
117.306,177.0,6326.0
117.347,179.0,6328.0
117.386,179.0,6330.0
117.426,181.0,6332.0
117.466,182.0,6334.0
117.510,183.0,6336.2
117.545,184.0,6338.0
117.586,185.0,6340.1
117.627,186.0,6342.2
117.668,187.0,6344.4
117.707,188.0,6346.4
117.746,189.0,6348.4
117.785,191.0,6350.5
117.828,192.0,6352.8
117.867,193.0,6354.9
117.905,194.0,6356.9
117.945,194.0,6359.1
117.990,194.0,6361.5
118.025,195.0,6363.4
118.066,195.0,6365.6
118.105,194.0,6367.7
118.148,193.0,6370.0
118.186,193.0,6372.1
118.228,191.0,6374.3
118.266,191.0,6376.3
118.306,189.0,6378.4
118.346,187.0,6380.5
118.389,186.0,6382.7
118.431,184.0,6384.9
118.473,182.0,6387.0
118.512,181.0,6389.0
118.549,179.0,6390.8
118.587,177.0,6392.7
118.627,175.0,6394.7
118.665,174.0,6396.5
118.707,172.0,6398.5
118.745,170.0,6400.3
118.786,168.0,6402.3
118.827,166.0,6404.2
118.866,164.0,6406.0
118.907,162.0,6407.8
118.949,160.0,6409.7
118.990,158.0,6411.5
119.025,156.0,6413.0
119.065,154.0,6414.8
119.107,152.0,6416.5
119.147,150.0,6418.2
119.185,147.0,6419.8
119.226,145.0,6421.4
119.266,142.0,6423.0
119.307,140.0,6424.6
119.347,139.0,6426.2
119.386,137.0,6427.7
119.427,134.0,6429.2
119.470,134.0,6430.8
119.505,132.0,6432.1
119.546,131.0,6433.6
119.590,130.0,6435.2
119.624,126.0,6436.4
119.665,126.0,6437.9
119.707,125.0,6439.3
119.747,123.0,6440.7
119.786,122.0,6442.0
119.826,121.0,6443.4
119.866,119.0,6444.7
119.907,118.0,6446.1
119.949,116.0,6447.4
119.987,115.0,6448.6
120.027,114.0,6449.9
120.066,114.0,6451.2
120.106,113.0,6452.4
120.147,112.0,6453.7
120.187,112.0,6454.9
120.226,110.0,6456.1
120.267,110.0,6457.4
120.305,109.0,6458.6
120.347,108.0,6459.8
120.386,108.0,6461.0
120.425,107.0,6462.2
120.467,107.0,6463.4
120.507,107.0,6464.6
120.545,106.0,6465.7
120.586,105.0,6466.9
120.626,104.0,6468.1
120.667,104.0,6469.3
120.706,103.0,6470.4
120.750,103.0,6471.6
120.786,103.0,6472.7
120.824,103.0,6473.8
120.866,103.0,6475.0
120.908,102.0,6476.2
120.946,102.0,6477.2
120.988,102.0,6478.4
121.029,101.0,6479.6
121.065,101.0,6480.6
121.106,101.0,6481.7
121.149,101.0,6482.9
121.188,100.0,6484.0
121.232,100.0,6485.3
121.270,100.0,6486.3
121.308,100.0,6487.4
121.351,100.0,6488.6
121.390,100.0,6489.6
121.429,101.0,6490.7
121.464,101.0,6491.7
121.505,102.0,6492.9
121.544,102.0,6494.0
121.589,101.0,6495.2
121.623,102.0,6496.2
121.664,102.0,6497.4
121.705,103.0,6498.5
121.745,103.0,6499.7
121.784,103.0,6500.8
121.824,103.0,6501.9
121.864,103.0,6503.1
121.905,104.0,6504.3
121.945,105.0,6505.4
121.983,105.0,6506.5
122.024,106.0,6507.7
122.064,107.0,6508.9
122.105,107.0,6510.1
122.144,108.0,6511.3
122.182,109.0,6512.4
122.226,110.0,6513.8
122.264,110.0,6514.9
122.306,111.0,6516.2
122.345,113.0,6517.4
122.384,113.0,6518.7
122.424,115.0,6519.9
122.465,115.0,6521.2
122.503,116.0,6522.5
122.542,117.0,6523.7
122.585,118.0,6525.1
122.625,121.0,6526.5
122.907,121.0,6535.9
122.938,122.0,6537.0
122.967,132.0,6538.0
123.012,133.0,6539.7
123.052,133.0,6541.1
123.093,134.0,6542.7
123.134,135.0,6544.2
123.176,136.0,6545.8
123.215,138.0,6547.3
123.258,138.0,6548.9
123.299,139.0,6550.5
123.339,140.0,6552.0
123.381,141.0,6553.7
123.423,143.0,6555.3
123.464,143.0,6557.0
123.503,145.0,6558.5
123.542,146.0,6560.1
123.582,148.0,6561.7
123.623,150.0,6563.4
123.663,150.0,6565.1
123.706,151.0,6566.9
123.743,153.0,6568.5
123.785,154.0,6570.2
123.823,155.0,6571.9
123.870,157.0,6573.9
123.904,158.0,6575.4
123.943,159.0,6577.1
123.985,160.0,6579.0
124.200,163.0,6588.6
124.244,163.0,6590.6
124.268,164.0,6591.7
124.303,171.0,6593.3
124.344,173.0,6595.3
124.383,174.0,6597.2
124.423,177.0,6599.1
124.463,177.0,6601.1
124.503,178.0,6603.1
124.546,180.0,6605.2
124.583,181.0,6607.1
124.623,184.0,6609.1
124.664,184.0,6611.2
124.707,185.0,6613.4
124.746,186.0,6615.4
124.789,188.0,6617.6
124.830,189.0,6619.8
124.867,190.0,6621.7
124.910,191.0,6624.0
124.953,192.0,6626.3
124.993,194.0,6628.4
125.031,195.0,6630.5
125.066,195.0,6632.4
125.106,196.0,6634.5
125.146,197.0,6636.7
125.188,198.0,6639.0
125.237,199.0,6641.7
125.270,200.0,6643.6
125.307,201.0,6645.6
125.349,201.0,6648.0
125.385,201.0,6650.0
125.427,200.0,6652.3
125.474,200.0,6654.9
125.512,200.0,6657.0
125.549,199.0,6659.1
125.594,198.0,6661.6
125.631,196.0,6663.6
125.670,196.0,6665.7
125.710,195.0,6667.9
125.751,193.0,6670.1
125.789,192.0,6672.1
125.832,190.0,6674.4
125.863,189.0,6676.0
125.904,188.0,6678.2
125.943,187.0,6680.2
125.983,186.0,6682.3
126.023,185.0,6684.4
126.063,185.0,6686.4
126.105,184.0,6688.6
126.146,184.0,6690.7
126.183,183.0,6692.5
126.225,182.0,6694.7
126.266,182.0,6696.8
126.303,181.0,6698.6
126.343,181.0,6700.6
126.383,180.0,6702.6
126.424,179.0,6704.7
126.462,179.0,6706.6
126.503,179.0,6708.6
126.543,179.0,6710.6
126.584,179.0,6712.6
126.623,178.0,6714.6
126.664,178.0,6716.6
126.704,178.0,6718.6
126.743,178.0,6720.5
126.783,178.0,6722.5
126.824,178.0,6724.5
126.864,178.0,6726.5
126.902,178.0,6728.4
126.943,178.0,6730.4
126.984,178.0,6732.4
127.022,177.0,6734.3
127.063,177.0,6736.3
127.104,177.0,6738.3
127.144,177.0,6740.3
127.187,176.0,6742.4
127.224,176.0,6744.2
127.264,176.0,6746.2
127.303,176.0,6748.1
127.344,176.0,6750.1
127.384,176.0,6752.0
127.424,175.0,6754.0
127.465,175.0,6756.0
127.502,175.0,6757.8
127.543,175.0,6759.8
127.583,175.0,6761.7
127.623,175.0,6763.7
127.665,175.0,6765.7
127.709,175.0,6767.8
127.746,174.0,6769.6
127.784,174.0,6771.5
127.825,174.0,6773.4
127.866,174.0,6775.4
127.905,173.0,6777.3
127.946,173.0,6779.3
127.985,174.0,6781.2
128.025,175.0,6783.1
128.067,175.0,6785.1
128.107,176.0,6787.1
128.149,177.0,6789.1
128.185,178.0,6790.9
128.224,180.0,6792.9
128.265,180.0,6794.9
128.305,182.0,6796.9
128.346,183.0,6799.0
128.385,185.0,6801.0
128.425,188.0,6803.1
128.465,188.0,6805.2
128.504,190.0,6807.2
128.544,192.0,6809.3
128.584,193.0,6811.5
128.625,197.0,6813.7
128.666,197.0,6815.9
128.705,198.0,6818.1
128.744,200.0,6820.2
128.785,201.0,6822.5
128.829,202.0,6825.0
128.865,204.0,6827.0
128.905,205.0,6829.3
128.948,206.0,6831.7
128.987,207.0,6834.0
129.029,210.0,6836.4
129.071,210.0,6838.8
129.111,211.0,6841.2
129.157,212.0,6843.9
129.190,212.0,6845.8
129.230,212.0,6848.2
129.266,212.0,6850.3
129.306,212.0,6852.7
129.352,212.0,6855.4
129.391,211.0,6857.7
129.433,210.0,6860.1
129.465,210.0,6862.0
129.505,209.0,6864.3
129.544,209.0,6866.6
129.585,207.0,6868.9
129.625,206.0,6871.2
129.664,206.0,6873.5
129.704,204.0,6875.7
129.745,203.0,6878.1
129.785,202.0,6880.3
129.824,200.0,6882.5
129.864,198.0,6884.7
129.905,197.0,6887.0
129.945,195.0,6889.1
129.986,194.0,6891.3
130.023,191.0,6893.3
130.065,191.0,6895.6
130.103,190.0,6897.6
130.144,189.0,6899.7
130.185,187.0,6901.9
130.225,185.0,6903.9
130.263,185.0,6905.9
130.309,184.0,6908.2
130.343,183.0,6910.0
130.385,181.0,6912.1
130.424,179.0,6914.0
130.465,179.0,6916.1
130.505,177.0,6918.1
130.545,176.0,6920.0
130.584,175.0,6921.9
130.625,173.0,6923.9
130.664,173.0,6925.8
130.704,172.0,6927.7
130.745,172.0,6929.7
130.785,171.0,6931.6
130.828,170.0,6933.6
130.864,169.0,6935.3
130.905,169.0,6937.2
130.945,168.0,6939.1
130.985,167.0,6941.0
131.024,167.0,6942.8
131.064,166.0,6944.6
131.103,166.0,6946.4
131.144,166.0,6948.3
131.185,165.0,6950.2
131.224,165.0,6952.0
131.266,165.0,6953.9
131.305,164.0,6955.7
131.344,164.0,6957.5
131.386,163.0,6959.4
131.424,162.0,6961.1
131.465,162.0,6962.9
131.504,162.0,6964.7
131.544,161.0,6966.5
131.585,161.0,6968.3
131.624,161.0,6970.1
131.665,161.0,6971.9
131.704,161.0,6973.6
131.748,160.0,6975.6
131.788,160.0,6977.4
131.825,159.0,6979.0
131.863,159.0,6980.7
131.905,159.0,6982.5
131.945,159.0,6984.3
131.986,159.0,6986.1
132.025,159.0,6987.8
132.064,159.0,6989.6
132.105,159.0,6991.4
132.144,159.0,6993.1
132.186,159.0,6995.0
132.225,158.0,6996.7
132.265,158.0,6998.4
132.304,158.0,7000.1
132.345,158.0,7001.9
132.389,159.0,7003.9
132.424,159.0,7005.4
132.464,159.0,7007.2
132.505,159.0,7009.0
132.546,159.0,7010.8
132.585,160.0,7012.5
132.625,160.0,7014.3
132.665,160.0,7016.1
132.705,160.0,7017.9
132.745,161.0,7019.7
132.784,161.0,7021.4
132.825,161.0,7023.2
132.865,161.0,7025.0
132.905,162.0,7026.8
132.945,162.0,7028.6
132.984,162.0,7030.4
133.025,162.0,7032.2
133.066,163.0,7034.1
133.106,163.0,7035.9
133.144,163.0,7037.6
133.185,163.0,7039.5
133.225,163.0,7041.3
133.265,163.0,7043.1
133.305,163.0,7044.9
133.345,163.0,7046.7
133.390,163.0,7048.7
133.425,163.0,7050.3
133.463,163.0,7052.0
133.506,163.0,7054.0
133.545,163.0,7055.8
133.583,162.0,7057.5
133.625,163.0,7059.4
133.731,163.0,7064.2
133.755,163.0,7065.2
133.789,163.0,7066.8
133.816,164.0,7068.0
133.855,166.0,7069.8
133.898,166.0,7071.8
133.940,168.0,7073.7
133.979,169.0,7075.6
134.022,171.0,7077.6
134.061,171.0,7079.4
134.102,172.0,7081.4
134.143,173.0,7083.4
134.185,173.0,7085.4
134.225,174.0,7087.3
134.262,174.0,7089.1
134.305,175.0,7091.2
134.347,176.0,7093.2
134.385,177.0,7095.1
134.426,178.0,7097.1
134.466,178.0,7099.1
134.502,179.0,7100.9
134.542,180.0,7102.9
134.583,180.0,7104.9
134.621,182.0,7106.8
134.662,184.0,7108.9
134.703,185.0,7111.0
134.742,186.0,7113.0
134.782,188.0,7115.1
134.822,189.0,7117.2
134.862,191.0,7119.3
134.903,192.0,7121.5
134.942,194.0,7123.6
134.982,195.0,7125.7
135.023,196.0,7128.0
135.064,196.0,7130.2
135.102,197.0,7132.3
135.144,198.0,7134.6
135.182,199.0,7136.7
135.223,200.0,7138.9
135.263,201.0,7141.2
135.303,202.0,7143.4
135.342,203.0,7145.6
135.382,204.0,7147.9
135.423,206.0,7150.2
135.463,206.0,7152.5
135.503,206.0,7154.8
135.544,207.0,7157.1
135.583,208.0,7159.4
135.624,210.0,7161.8
135.663,210.0,7164.0
135.711,210.0,7166.8
135.745,211.0,7168.8
135.782,212.0,7171.0
135.823,212.0,7173.4
135.862,213.0,7175.7
135.904,214.0,7178.2
135.943,214.0,7180.5
135.983,215.0,7182.9
136.024,217.0,7185.4
136.062,217.0,7187.7
136.104,218.0,7190.2
136.143,219.0,7192.6
136.187,220.0,7195.2
136.229,222.0,7197.8
136.263,222.0,7199.9
136.304,222.0,7202.4
136.344,223.0,7204.9
136.384,224.0,7207.4
136.425,225.0,7210.0
136.464,226.0,7212.4
136.505,226.0,7215.0
136.545,227.0,7217.5
136.585,227.0,7220.0
136.625,225.0,7222.5
136.666,225.0,7225.1
136.705,224.0,7227.5
136.743,222.0,7229.9
136.784,221.0,7232.4
136.826,217.0,7234.9
136.864,217.0,7237.2
136.904,215.0,7239.6
136.946,213.0,7242.1
136.986,211.0,7244.5
137.024,207.0,7246.7
137.070,207.0,7249.3
137.105,205.0,7251.3
137.146,202.0,7253.7
137.186,200.0,7255.9
137.226,195.0,7258.1
137.266,195.0,7260.3
137.308,193.0,7262.5
137.344,191.0,7264.4
137.385,189.0,7266.6
137.425,185.0,7268.7
137.467,185.0,7270.8
137.504,182.0,7272.7
137.545,180.0,7274.8
137.585,178.0,7276.8
137.626,174.0,7278.8
137.665,174.0,7280.7
137.705,172.0,7282.6
137.745,170.0,7284.5
137.785,168.0,7286.4
137.825,166.0,7288.2
137.864,164.0,7290.0
137.906,162.0,7291.9
137.946,161.0,7293.7
137.985,159.0,7295.4
138.025,157.0,7297.2
138.067,157.0,7299.0
138.111,155.0,7300.9
138.147,154.0,7302.5
138.187,153.0,7304.2
138.229,151.0,7306.0
138.269,151.0,7307.6
138.306,150.0,7309.2
138.344,149.0,7310.8
138.383,148.0,7312.4
138.423,146.0,7314.0
138.464,146.0,7315.7
138.508,145.0,7317.4
138.543,144.0,7318.8
138.583,144.0,7320.4
138.623,143.0,7322.0
138.663,143.0,7323.6
138.703,142.0,7325.2
138.743,142.0,7326.8
138.784,142.0,7328.4
138.822,141.0,7329.9
138.864,140.0,7331.5
138.903,140.0,7333.1
138.946,139.0,7334.7
138.987,139.0,7336.3
139.023,139.0,7337.7
139.063,138.0,7339.2
139.103,137.0,7340.8
139.143,136.0,7342.3
139.184,135.0,7343.8
139.223,132.0,7345.3
139.263,132.0,7346.7
139.304,131.0,7348.2
139.344,129.0,7349.7
139.385,127.0,7351.1
139.423,124.0,7352.5
139.469,124.0,7354.0
139.503,122.0,7355.2
139.543,121.0,7356.6
139.582,119.0,7357.9
139.623,116.0,7359.2
139.664,116.0,7360.5
139.702,115.0,7361.7
139.743,113.0,7363.0
139.783,111.0,7364.3
139.824,110.0,7365.5
139.863,108.0,7366.7
139.904,107.0,7367.9
139.949,105.0,7369.3
139.984,104.0,7370.3
140.024,102.0,7371.4
140.063,102.0,7372.5
140.103,101.0,7373.7
140.146,100.0,7374.9
140.186,99.0,7376.0
140.225,96.0,7377.0
140.265,96.0,7378.1
140.304,96.0,7379.1
140.344,95.0,7380.2
140.385,94.0,7381.3
140.424,92.0,7382.3
140.470,92.0,7383.5
140.505,91.0,7384.3
140.545,91.0,7385.4
140.585,90.0,7386.4
140.625,89.0,7387.4
140.666,89.0,7388.4
140.704,88.0,7389.3
140.744,87.0,7390.3
140.784,86.0,7391.2
140.825,86.0,7392.2
140.866,85.0,7393.2
140.909,84.0,7394.2
140.949,83.0,7395.1
140.986,82.0,7396.0
141.025,79.0,7396.8
141.066,79.0,7397.7
141.104,78.0,7398.6
141.146,77.0,7399.5
141.185,77.0,7400.3
141.224,76.0,7401.1
141.266,76.0,7402.0
141.308,76.0,7402.9
141.345,76.0,7403.7
141.385,76.0,7404.5
141.430,75.0,7405.5
141.465,75.0,7406.2
141.504,75.0,7407.0
141.545,75.0,7407.9
141.585,75.0,7408.7
141.627,75.0,7409.6
141.665,75.0,7410.4
141.704,75.0,7411.2
141.749,76.0,7412.1
141.787,76.0,7412.9
141.828,76.0,7413.8
141.869,76.0,7414.7
141.908,76.0,7415.5
141.944,76.0,7416.2
141.985,77.0,7417.1
142.025,76.0,7418.0
142.066,76.0,7418.8
142.106,76.0,7419.7
142.145,76.0,7420.5
142.185,77.0,7421.4
142.225,77.0,7422.2
142.265,77.0,7423.1
142.305,77.0,7423.9
142.344,78.0,7424.8
142.388,78.0,7425.7
142.425,79.0,7426.5
142.470,79.0,7427.5
142.505,79.0,7428.3
142.545,80.0,7429.2
142.585,81.0,7430.1
142.625,81.0,7431.0
142.666,81.0,7431.9
142.704,82.0,7432.7
142.746,83.0,7433.7
142.785,84.0,7434.6
142.826,85.0,7435.6
142.865,86.0,7436.5
142.910,87.0,7437.6
142.945,87.0,7438.4
142.985,88.0,7439.4
143.024,90.0,7440.4
143.065,90.0,7441.4
143.106,91.0,7442.4
143.430,92.0,7450.6
143.457,93.0,7451.3
143.480,102.0,7452.0
143.505,103.0,7452.7
143.545,104.0,7453.8
143.585,105.0,7455.0
143.625,108.0,7456.2
143.665,108.0,7457.4
143.704,109.0,7458.5
143.750,110.0,7459.9
143.787,112.0,7461.1
143.828,113.0,7462.4
143.869,114.0,7463.7
143.909,115.0,7464.9
143.946,115.0,7466.1
143.987,116.0,7467.4
144.025,116.0,7468.7
144.066,117.0,7470.0
144.105,118.0,7471.3
144.144,119.0,7472.5
144.184,120.0,7473.9
144.224,122.0,7475.2
144.264,122.0,7476.6
144.308,123.0,7478.1
144.345,125.0,7479.3
144.384,126.0,7480.7
144.424,129.0,7482.1
144.465,129.0,7483.6
144.506,130.0,7485.1
144.546,132.0,7486.5
144.585,133.0,7487.9
144.623,136.0,7489.4
144.666,136.0,7491.0
144.705,137.0,7492.5
144.744,138.0,7494.0
144.786,139.0,7495.6
144.825,141.0,7497.1
144.867,142.0,7498.7
144.905,143.0,7500.2
144.946,145.0,7501.9
144.985,146.0,7503.5
145.025,146.0,7505.1
145.065,148.0,7506.7
145.106,149.0,7508.4
145.145,150.0,7510.0
145.184,151.0,7511.7
145.226,152.0,7513.4
145.267,152.0,7515.2
145.305,153.0,7516.8
145.346,154.0,7518.5
145.385,155.0,7520.2
145.426,158.0,7522.0
145.465,158.0,7523.7
145.506,159.0,7525.5
145.549,160.0,7527.4
145.588,162.0,7529.1
145.624,164.0,7530.8
145.668,164.0,7532.8
145.705,165.0,7534.5
145.746,166.0,7536.3
145.785,167.0,7538.2
145.825,168.0,7540.0
145.866,169.0,7541.9
145.905,170.0,7543.8
145.951,171.0,7545.9
145.985,172.0,7547.6
146.031,175.0,7549.8
146.066,175.0,7551.5
146.105,176.0,7553.4
146.145,176.0,7555.3
146.188,177.0,7557.5
146.228,178.0,7559.4
146.268,178.0,7561.4
146.307,179.0,7563.3
146.363,180.0,7566.1
146.387,181.0,7567.3
146.425,183.0,7569.3
146.465,183.0,7571.3
146.509,184.0,7573.5
146.549,185.0,7575.6
146.585,185.0,7577.4
146.624,188.0,7579.4
146.668,188.0,7581.7
146.705,189.0,7583.7
146.746,189.0,7585.8
146.783,191.0,7587.8
146.823,192.0,7589.9
146.865,193.0,7592.2
146.906,195.0,7594.4
146.944,196.0,7596.4
146.985,197.0,7598.7
147.025,199.0,7600.9
147.069,199.0,7603.3
147.105,201.0,7605.3
147.143,202.0,7607.4
147.183,203.0,7609.7
147.225,205.0,7612.1
147.265,205.0,7614.3
147.305,206.0,7616.6
147.344,207.0,7618.9
147.385,208.0,7621.2
147.424,210.0,7623.5
147.468,210.0,7626.1
147.504,211.0,7628.2
147.545,212.0,7630.6
147.586,213.0,7633.0
147.628,215.0,7635.5
147.666,215.0,7637.8
147.709,216.0,7640.3
147.745,217.0,7642.5
147.787,218.0,7645.0
147.825,218.0,7647.3
147.866,219.0,7649.8
147.905,220.0,7652.2
147.944,221.0,7654.6
147.986,221.0,7657.2
148.029,223.0,7659.8
148.066,223.0,7662.1
148.104,224.0,7664.5
148.149,225.0,7667.3
148.185,225.0,7669.5
148.225,227.0,7672.0
148.265,227.0,7674.6
148.306,227.0,7677.1
148.350,228.0,7679.9
148.385,229.0,7682.1
148.424,230.0,7684.6
148.466,230.0,7687.3
148.505,231.0,7689.8
148.546,231.0,7692.4
148.585,231.0,7694.9
148.630,232.0,7697.8
148.664,232.0,7700.0
148.705,233.0,7702.7
148.745,233.0,7705.3
148.786,234.0,7707.9
148.825,235.0,7710.5
148.865,235.0,7713.1
148.905,236.0,7715.7
148.944,237.0,7718.3
148.985,237.0,7721.0
149.030,238.0,7723.9
149.070,238.0,7726.6
149.106,239.0,7729.0
149.146,239.0,7731.6
149.186,240.0,7734.3
149.225,242.0,7736.9
149.265,242.0,7739.6
149.304,242.0,7742.2
149.347,243.0,7745.1
149.389,242.0,7747.9
149.433,242.0,7750.9
149.482,242.0,7754.2
149.512,240.0,7756.2
149.548,239.0,7758.6
149.585,238.0,7761.0
149.623,235.0,7763.5
149.663,235.0,7766.1
149.703,233.0,7768.7
149.744,232.0,7771.4
149.785,231.0,7774.0
149.825,229.0,7776.6
149.865,228.0,7779.1
149.904,225.0,7781.6
149.944,223.0,7784.1
149.984,221.0,7786.5
150.024,217.0,7789.0
150.064,217.0,7791.4
150.105,214.0,7793.8
150.143,211.0,7796.1
150.184,209.0,7798.5
150.224,203.0,7800.7
150.264,203.0,7803.0
150.304,201.0,7805.2
150.344,198.0,7807.5
150.384,196.0,7809.6
150.425,191.0,7811.9
150.465,191.0,7814.0
150.507,189.0,7816.2
150.549,187.0,7818.4
150.584,184.0,7820.2
150.624,178.0,7822.2
150.664,178.0,7824.2
150.705,176.0,7826.2
150.743,174.0,7828.0
150.784,172.0,7830.0
150.825,170.0,7832.0
150.863,168.0,7833.7
150.903,165.0,7835.6
150.949,163.0,7837.7
150.986,160.0,7839.3
151.024,157.0,7841.0
151.064,157.0,7842.8
151.104,155.0,7844.5
151.146,153.0,7846.3
151.183,151.0,7847.9
151.224,147.0,7849.6
151.264,147.0,7851.2
151.306,145.0,7852.9
151.345,143.0,7854.4
151.390,141.0,7856.2
151.696,139.0,7868.1
151.725,137.0,7869.2
151.755,136.0,7870.4
151.788,128.0,7871.6
151.826,127.0,7872.9
151.865,126.0,7874.3
151.905,126.0,7875.7
151.947,125.0,7877.2
151.987,125.0,7878.6
152.026,123.0,7879.9
152.065,123.0,7881.2
152.107,123.0,7882.7
152.147,123.0,7884.0
152.190,122.0,7885.5
152.227,121.0,7886.7
152.270,121.0,7888.2
152.307,121.0,7889.4
152.347,121.0,7890.8
152.386,120.0,7892.1
152.426,120.0,7893.4
152.468,120.0,7894.8
152.510,120.0,7896.2
152.546,120.0,7897.4
152.590,120.0,7898.9
152.631,120.0,7900.2
152.671,120.0,7901.6
153.017,120.0,7913.1
153.045,120.0,7914.0
153.075,120.0,7915.0
153.110,120.0,7916.2
153.151,121.0,7917.6
153.199,121.0,7919.2
153.230,122.0,7920.2
153.265,123.0,7921.4
153.304,123.0,7922.8
153.344,124.0,7924.1
153.383,125.0,7925.5
153.425,127.0,7927.0
153.464,127.0,7928.3
153.504,127.0,7929.7
153.543,128.0,7931.1
153.583,129.0,7932.6
153.624,130.0,7934.0
153.669,131.0,7935.7
153.704,131.0,7936.9
153.745,132.0,7938.4
153.784,132.0,7939.9
153.825,133.0,7941.4
153.866,134.0,7942.9
153.903,135.0,7944.3
153.944,135.0,7945.8
153.985,135.0,7947.4
154.025,136.0,7948.9
154.066,136.0,7950.4
154.103,137.0,7951.8
154.145,137.0,7953.4
154.190,138.0,7955.1
154.226,139.0,7956.5
154.264,139.0,7958.0
154.304,140.0,7959.5
154.345,140.0,7961.1
154.384,141.0,7962.6
154.422,142.0,7964.1
154.462,142.0,7965.7
154.504,143.0,7967.4
154.546,144.0,7969.1
154.588,145.0,7970.7
154.626,145.0,7972.3
154.669,146.0,7974.0
154.704,147.0,7975.4
154.745,147.0,7977.1
154.783,148.0,7978.7
154.825,149.0,7980.4
154.864,150.0,7982.0
154.904,151.0,7983.7
154.943,151.0,7985.3
154.990,152.0,7987.3
155.029,154.0,7989.0
155.066,154.0,7990.5
155.109,155.0,7992.4
155.149,155.0,7994.1
155.187,156.0,7995.7
155.229,158.0,7997.6
155.267,158.0,7999.2
155.309,159.0,8001.1
155.345,161.0,8002.7
155.388,162.0,8004.6
155.427,164.0,8006.4
155.467,164.0,8008.2
155.507,165.0,8010.0
155.547,166.0,8011.9
155.589,166.0,8013.8
155.628,168.0,8015.6
155.670,168.0,8017.6
155.707,169.0,8019.3
155.748,169.0,8021.2
155.785,170.0,8023.0
155.828,171.0,8025.0
155.868,171.0,8026.9
155.906,171.0,8028.7
155.947,171.0,8030.7
155.987,171.0,8032.6
156.028,169.0,8034.5
156.067,169.0,8036.3
156.107,168.0,8038.2
156.147,167.0,8040.1
156.188,166.0,8042.0
156.233,165.0,8044.0
156.283,165.0,8046.3
156.313,163.0,8047.7
156.354,162.0,8049.5
156.392,160.0,8051.2
156.426,155.0,8052.7
156.467,155.0,8054.5
156.507,151.0,8056.2
156.547,149.0,8057.9
156.585,146.0,8059.4
156.626,142.0,8061.1
156.669,142.0,8062.8
156.708,140.0,8064.3
156.746,139.0,8065.8
156.787,137.0,8067.3
156.829,136.0,8068.9
156.866,134.0,8070.3
156.907,133.0,8071.8
156.948,132.0,8073.3
156.987,130.0,8074.8
157.027,127.0,8076.2
157.067,127.0,8077.6
157.109,126.0,8079.1
157.146,126.0,8080.4
157.185,125.0,8081.7
157.226,123.0,8083.1
157.266,123.0,8084.5
157.304,122.0,8085.8
157.343,122.0,8087.1
157.387,121.0,8088.6
157.425,120.0,8089.9
157.467,120.0,8091.3
157.505,119.0,8092.5
157.545,119.0,8093.9
157.587,119.0,8095.3
157.626,118.0,8096.5
157.669,118.0,8097.9
157.707,118.0,8099.2
157.747,118.0,8100.5
157.787,118.0,8101.8
157.827,118.0,8103.1
157.872,118.0,8104.6
157.905,117.0,8105.7
157.944,117.0,8106.9
157.987,117.0,8108.3
158.027,117.0,8109.6
158.064,117.0,8110.8
158.106,117.0,8112.2
158.150,117.0,8113.6
158.187,117.0,8114.8
158.225,117.0,8116.1
158.265,117.0,8117.4
158.307,116.0,8118.7
158.346,117.0,8120.0
158.384,117.0,8121.2
158.424,117.0,8122.5
158.463,117.0,8123.8
158.507,117.0,8125.2
158.546,117.0,8126.5
158.584,118.0,8127.7
158.626,119.0,8129.1
158.667,119.0,8130.5
158.709,119.0,8131.9
158.744,120.0,8133.0
158.787,121.0,8134.5
158.824,122.0,8135.7
158.865,123.0,8137.1
158.907,124.0,8138.6
158.945,125.0,8139.9
158.985,126.0,8141.3
159.030,128.0,8142.8
159.073,128.0,8144.4
159.111,129.0,8145.7
159.158,130.0,8147.4
159.191,131.0,8148.6
159.224,133.0,8149.8
159.263,133.0,8151.3
159.305,134.0,8152.8
159.345,135.0,8154.3
159.386,136.0,8155.9
159.424,138.0,8157.3
159.463,138.0,8158.8
159.504,140.0,8160.4
159.546,141.0,8162.0
159.584,142.0,8163.5
159.625,144.0,8165.2
159.664,144.0,8166.7
159.708,146.0,8168.5
159.746,147.0,8170.0
159.785,148.0,8171.6
159.824,149.0,8173.2
159.864,151.0,8174.9
159.904,152.0,8176.6
159.946,153.0,8178.4
159.986,154.0,8180.1
160.033,157.0,8182.1
160.064,157.0,8183.5
160.105,158.0,8185.2
160.145,159.0,8187.0
160.185,160.0,8188.8
160.224,162.0,8190.5
160.266,162.0,8192.4
160.305,163.0,8194.2
160.344,164.0,8195.9
160.385,165.0,8197.8
160.425,168.0,8199.7
160.463,168.0,8201.4
160.507,169.0,8203.5
160.545,170.0,8205.3
160.585,171.0,8207.2
160.625,173.0,8209.1
160.667,173.0,8211.1
160.705,174.0,8212.9
160.745,176.0,8214.9
160.784,177.0,8216.8
160.825,178.0,8218.8
160.865,178.0,8220.8
160.905,179.0,8222.8
160.943,180.0,8224.7
160.985,181.0,8226.8
161.024,183.0,8228.8
161.065,183.0,8230.8
161.105,184.0,8232.9
161.145,186.0,8234.9
161.187,187.0,8237.1
161.225,188.0,8239.1
161.264,188.0,8241.1
161.305,189.0,8243.3
161.344,190.0,8245.3
161.384,192.0,8247.4
161.425,193.0,8249.6
161.466,193.0,8251.8
161.510,194.0,8254.2
161.560,195.0,8256.9
161.595,196.0,8258.8
161.629,198.0,8260.7
161.664,198.0,8262.6
161.704,199.0,8264.8
161.744,200.0,8267.0
161.783,201.0,8269.2
161.825,202.0,8271.5
161.864,203.0,8273.7
161.908,203.0,8276.2
161.943,205.0,8278.2
161.984,205.0,8280.5
162.024,207.0,8282.8
162.064,207.0,8285.1
162.104,208.0,8287.4
162.144,208.0,8289.7
162.183,209.0,8292.0
162.224,211.0,8294.4
162.265,211.0,8296.8
162.454,212.0,8307.9
162.481,213.0,8309.5
162.505,213.0,8310.9
162.526,217.0,8312.2
162.567,218.0,8314.6
162.611,220.0,8317.3
162.652,220.0,8319.8
162.693,220.0,8322.3
162.738,221.0,8325.1
162.777,222.0,8327.5
162.817,222.0,8329.9
162.859,223.0,8332.5
162.899,224.0,8335.0
162.940,225.0,8337.6
162.982,225.0,8340.2
163.020,227.0,8342.6
163.063,227.0,8345.3
163.102,228.0,8347.8
163.143,229.0,8350.4
163.183,230.0,8352.9
163.224,232.0,8355.6
163.263,232.0,8358.1
163.303,233.0,8360.7
163.343,234.0,8363.2
163.384,234.0,8365.9
163.427,236.0,8368.7
163.464,236.0,8371.1
163.503,236.0,8373.7
163.544,237.0,8376.4
163.585,237.0,8379.1
163.624,239.0,8381.7
163.665,239.0,8384.4
163.705,239.0,8387.0
163.745,240.0,8389.7
163.785,241.0,8392.4
163.828,241.0,8395.3
163.867,241.0,8397.9
163.903,242.0,8400.3
163.945,243.0,8403.1
163.985,243.0,8405.8
164.025,244.0,8408.5
164.064,244.0,8411.2
164.105,244.0,8413.9
164.145,244.0,8416.7
164.184,245.0,8419.3
164.225,246.0,8422.1
164.269,246.0,8425.1
164.309,247.0,8427.8
164.356,248.0,8431.1
164.389,249.0,8433.4
164.430,250.0,8436.2
164.464,250.0,8438.6
164.502,250.0,8441.2
164.543,250.0,8444.0
164.584,251.0,8446.9
164.624,252.0,8449.7
164.669,252.0,8452.8
164.709,252.0,8455.6
164.744,253.0,8458.1
164.783,254.0,8460.8
164.824,254.0,8463.7
164.863,255.0,8466.5
164.903,255.0,8469.3
164.943,256.0,8472.2
164.983,256.0,8475.0
165.023,257.0,8477.9
165.063,257.0,8480.7
165.106,257.0,8483.8
165.144,257.0,8486.5
165.184,258.0,8489.4
165.224,259.0,8492.2
165.262,259.0,8495.0
165.305,259.0,8498.1
165.343,260.0,8500.8
165.383,260.0,8503.7
165.423,261.0,8506.6
165.463,261.0,8509.5
165.503,262.0,8512.4
165.544,263.0,8515.4
165.583,263.0,8518.2
165.628,264.0,8521.5
165.663,264.0,8524.1
165.703,264.0,8527.0
165.743,265.0,8530.0
165.784,266.0,8533.0
165.825,266.0,8536.0
165.862,266.0,8538.7
165.902,267.0,8541.7
165.944,267.0,8544.8
165.985,267.0,8547.9
166.029,267.0,8551.1
166.063,267.0,8553.6
166.106,267.0,8556.8
166.144,268.0,8559.7
166.183,268.0,8562.6
166.223,268.0,8565.5
166.267,268.0,8568.8
166.304,268.0,8571.6
166.344,269.0,8574.6
166.384,269.0,8577.5
166.426,269.0,8580.7
166.466,269.0,8583.7
166.509,269.0,8586.9
166.546,269.0,8589.6
166.585,269.0,8592.6
166.624,269.0,8595.5
166.665,269.0,8598.5
166.706,269.0,8601.6
166.745,269.0,8604.5
166.785,269.0,8607.5
166.824,269.0,8610.4
166.866,269.0,8613.6
166.908,269.0,8616.7
166.945,268.0,8619.5
166.985,268.0,8622.4
167.024,268.0,8625.3
167.065,268.0,8628.4
167.106,268.0,8631.4
167.145,268.0,8634.3
167.185,267.0,8637.3
167.224,267.0,8640.2
167.265,267.0,8643.2
167.305,267.0,8646.2
167.345,266.0,8649.2
167.387,265.0,8652.3
167.427,267.0,8655.2
167.466,267.0,8658.1
167.504,267.0,8660.9
167.544,266.0,8663.9
167.585,265.0,8666.9
167.624,265.0,8669.8
167.665,265.0,8672.8
167.708,265.0,8676.0
167.754,264.0,8679.4
167.786,263.0,8681.7
167.827,263.0,8684.7
167.868,262.0,8687.7
167.907,261.0,8690.5
167.949,259.0,8693.6
167.988,258.0,8696.4
168.030,257.0,8699.4
168.067,257.0,8702.0
168.103,257.0,8704.6
168.144,257.0,8707.5
168.184,256.0,8710.3
168.223,253.0,8713.1
168.264,253.0,8716.0
168.303,252.0,8718.7
168.352,251.0,8722.1
168.384,249.0,8724.4
168.423,246.0,8727.0
168.463,246.0,8729.8
168.503,244.0,8732.5
168.543,241.0,8735.2
168.584,239.0,8737.9
168.622,235.0,8740.4
168.662,235.0,8743.0
168.703,233.0,8745.7
168.743,231.0,8748.3
168.783,229.0,8750.8
168.825,227.0,8753.5
168.863,226.0,8755.9
168.903,224.0,8758.4
168.944,222.0,8760.9
168.983,220.0,8763.3
169.023,216.0,8765.7
169.062,216.0,8768.1
169.102,214.0,8770.5
169.144,212.0,8773.0
169.183,210.0,8775.2
169.224,205.0,8777.6
169.267,205.0,8780.1
169.307,203.0,8782.3
169.344,201.0,8784.4
169.383,199.0,8786.6
169.423,194.0,8788.8
169.464,194.0,8791.0
169.504,192.0,8793.1
169.542,191.0,8795.1
169.582,189.0,8797.2
169.623,185.0,8799.4
169.663,185.0,8801.4
169.704,183.0,8803.5
169.747,181.0,8805.7
169.782,179.0,8807.4
169.823,178.0,8809.5
169.863,176.0,8811.4
169.905,174.0,8813.5
169.945,172.0,8815.4
169.986,170.0,8817.4
170.024,166.0,8819.1
170.065,166.0,8821.0
170.106,164.0,8822.9
170.146,161.0,8824.7
170.185,160.0,8826.4
170.226,156.0,8828.2
170.267,156.0,8830.0
170.307,154.0,8831.7
170.345,152.0,8833.4
170.385,151.0,8835.0
170.425,147.0,8836.7
170.469,147.0,8838.5
170.505,145.0,8840.0
170.546,144.0,8841.6
170.585,143.0,8843.2
170.625,140.0,8844.7
170.666,140.0,8846.3
170.709,139.0,8848.0
170.745,138.0,8849.4
170.786,136.0,8850.9
170.832,135.0,8852.7
170.867,134.0,8854.0
170.905,133.0,8855.4
170.946,132.0,8856.9
170.987,131.0,8858.4
171.027,129.0,8859.8
171.064,129.0,8861.2
171.104,127.0,8862.6
171.145,126.0,8864.0
171.185,125.0,8865.4
171.228,123.0,8866.9
171.266,123.0,8868.2
171.308,122.0,8869.6
171.348,121.0,8871.0
171.388,120.0,8872.3
171.427,118.0,8873.6
171.466,118.0,8874.9
171.505,117.0,8876.1
171.546,116.0,8877.5
171.585,116.0,8878.7
171.625,114.0,8880.0
171.664,114.0,8881.2
171.705,114.0,8882.5
171.745,113.0,8883.8
171.791,112.0,8885.2
172.049,111.0,8893.2
172.070,111.0,8893.9
172.091,111.0,8894.5
172.117,111.0,8895.3
172.156,110.0,8896.5
172.197,110.0,8897.8
172.237,110.0,8899.0
172.265,110.0,8899.9
172.308,110.0,8901.2
172.347,110.0,8902.4
172.385,110.0,8903.5
172.425,110.0,8904.7
172.466,110.0,8906.0
172.506,110.0,8907.2
172.545,110.0,8908.4
172.584,110.0,8909.6
172.625,110.0,8910.9
172.665,110.0,8912.1
172.704,110.0,8913.3
172.749,111.0,8914.7
172.787,111.0,8915.8
172.825,111.0,8917.0
172.865,112.0,8918.2
172.904,113.0,8919.5
172.945,113.0,8920.7
172.985,114.0,8922.0
173.024,114.0,8923.2
173.065,114.0,8924.5
173.105,114.0,8925.8
173.147,114.0,8927.1
173.185,114.0,8928.3
173.226,115.0,8929.6
173.265,115.0,8930.9
173.319,115.0,8932.6
173.350,115.0,8933.6
173.389,115.0,8934.8
173.428,116.0,8936.1
173.467,116.0,8937.4
173.503,116.0,8938.5
173.543,118.0,8939.8
173.583,118.0,8941.1
173.625,119.0,8942.5
173.663,119.0,8943.8
173.703,119.0,8945.1
173.744,120.0,8946.4
173.785,120.0,8947.8
173.824,121.0,8949.1
173.863,121.0,8950.4
173.903,122.0,8951.8
173.943,122.0,8953.1
173.982,123.0,8954.5
174.023,124.0,8955.9
174.064,124.0,8957.3
174.103,124.0,8958.6
174.147,125.0,8960.1
174.185,126.0,8961.5
174.223,128.0,8962.8
174.264,128.0,8964.3
174.303,130.0,8965.7
174.344,132.0,8967.2
174.383,133.0,8968.6
174.424,136.0,8970.1
174.463,136.0,8971.6
174.502,137.0,8973.1
174.542,138.0,8974.6
174.584,139.0,8976.2
174.623,140.0,8977.7
174.662,140.0,8979.2
174.703,141.0,8980.8
174.742,142.0,8982.4
174.784,143.0,8984.0
174.823,143.0,8985.6
174.862,143.0,8987.1
174.902,144.0,8988.7
174.949,145.0,8990.6
174.983,145.0,8992.0
175.023,147.0,8993.6
175.064,147.0,8995.3
175.103,148.0,8996.9
175.143,150.0,8998.5
175.184,151.0,9000.3
175.223,151.0,9001.9
175.264,151.0,9003.6
175.305,152.0,9005.3
175.345,153.0,9007.0
175.388,154.0,9008.9
175.428,156.0,9010.6
175.467,156.0,9012.3
175.506,156.0,9014.0
175.545,158.0,9015.7
175.590,160.0,9017.7
175.624,164.0,9019.2
175.666,164.0,9021.1
175.705,165.0,9022.9
175.747,166.0,9024.8
175.786,167.0,9026.6
175.829,168.0,9028.6
175.865,169.0,9030.3
175.905,171.0,9032.2
175.945,173.0,9034.1
175.985,174.0,9036.0
176.024,175.0,9037.9
176.065,175.0,9039.9
176.104,176.0,9041.8
176.145,176.0,9043.8
176.186,177.0,9045.8
176.226,179.0,9047.8
176.267,179.0,9049.8
176.309,178.0,9051.9
176.350,179.0,9054.0
176.385,179.0,9055.7
176.425,180.0,9057.7
176.465,181.0,9059.7
176.505,182.0,9061.7
176.545,183.0,9063.7
176.588,183.0,9065.9
176.625,186.0,9067.8
176.665,186.0,9069.9
176.710,187.0,9072.2
176.748,188.0,9074.2
176.788,189.0,9076.3
176.826,190.0,9078.3
176.869,190.0,9080.6
176.909,191.0,9082.7
176.947,192.0,9084.7
176.988,192.0,9086.9
177.028,194.0,9089.0
177.069,194.0,9091.2
177.107,196.0,9093.3
177.150,197.0,9095.7
177.189,197.0,9097.8
177.224,199.0,9099.7
177.262,199.0,9101.8
177.303,199.0,9104.1
177.344,200.0,9106.4
177.383,201.0,9108.5
177.423,202.0,9110.8
177.463,202.0,9113.0
177.502,203.0,9115.2
177.544,204.0,9117.6
177.584,205.0,9119.8
177.632,207.0,9122.6
177.664,207.0,9124.4
177.704,208.0,9126.7
177.743,209.0,9129.0
177.783,210.0,9131.3
177.823,211.0,9133.7
177.862,212.0,9136.0
177.902,213.0,9138.3
177.942,213.0,9140.7
177.983,214.0,9143.1
178.023,215.0,9145.5
178.063,215.0,9147.9
178.103,216.0,9150.3
178.147,216.0,9152.9
178.183,217.0,9155.1
178.225,218.0,9157.6
178.265,218.0,9160.0
178.303,219.0,9162.4
178.342,220.0,9164.7
178.385,221.0,9167.4
178.423,222.0,9169.7
178.463,222.0,9172.2
178.503,223.0,9174.6
178.543,223.0,9177.1
178.586,224.0,9179.8
178.623,226.0,9182.1
178.663,226.0,9184.6
178.704,227.0,9187.2
178.745,228.0,9189.8
178.784,228.0,9192.3
178.823,229.0,9194.7
178.863,230.0,9197.3
178.903,230.0,9199.8
178.946,231.0,9202.6
178.986,231.0,9205.2
179.024,232.0,9207.6
179.068,232.0,9210.4
179.107,233.0,9213.0
179.145,233.0,9215.4
179.185,234.0,9218.0
179.225,235.0,9220.6
179.271,235.0,9223.6
179.305,235.0,9225.8
179.345,236.0,9228.5
179.384,236.0,9231.0
179.425,237.0,9233.7
179.466,237.0,9236.4
179.505,238.0,9239.0
179.545,238.0,9241.6
179.588,238.0,9244.5
179.627,239.0,9247.0
179.664,239.0,9249.5
179.706,240.0,9252.3
179.746,240.0,9255.0
179.786,241.0,9257.6
179.827,241.0,9260.4
179.865,241.0,9262.9
179.905,242.0,9265.6
179.950,243.0,9268.6
179.986,243.0,9271.1
180.240,244.0,9288.2
180.276,244.0,9290.7
180.303,246.0,9292.5
180.351,246.0,9295.8
180.385,246.0,9298.1
180.428,247.0,9301.1
180.479,247.0,9304.6
180.508,247.0,9306.6
180.547,247.0,9309.2
180.589,248.0,9312.1
180.643,248.0,9315.8
180.668,248.0,9317.6
180.706,249.0,9320.2
180.745,249.0,9322.9
180.787,250.0,9325.8
180.825,250.0,9328.4
180.868,250.0,9331.4
180.905,251.0,9334.0
180.949,251.0,9337.1
180.984,252.0,9339.5
181.025,252.0,9342.4
181.065,252.0,9345.2
181.104,252.0,9347.9
181.144,253.0,9350.7
181.188,253.0,9353.8
181.227,254.0,9356.6
181.266,254.0,9359.3
181.306,255.0,9362.1
181.348,255.0,9365.1
181.385,256.0,9367.7
181.680,257.0,9388.8
181.705,257.0,9390.5
181.739,260.0,9393.0
181.772,261.0,9395.4
181.813,261.0,9398.3
181.854,262.0,9401.3
181.895,262.0,9404.3
181.937,262.0,9407.4
181.978,262.0,9410.3
182.018,264.0,9413.3
182.059,264.0,9416.3
182.100,264.0,9419.3
182.140,264.0,9422.2
182.182,265.0,9425.3
182.224,265.0,9428.4
182.263,265.0,9431.3
182.305,266.0,9434.4
182.348,266.0,9437.5
182.385,266.0,9440.3
182.425,267.0,9443.2
182.466,267.0,9446.3
182.505,267.0,9449.2
182.545,267.0,9452.1
182.586,267.0,9455.2
182.625,267.0,9458.1
182.670,267.0,9461.4
182.710,267.0,9464.4
182.750,267.0,9467.3
182.784,267.0,9469.9
182.824,267.0,9472.8
182.865,267.0,9475.9
182.907,267.0,9479.0
182.947,267.0,9481.9
182.985,267.0,9484.8
183.025,267.0,9487.7
183.065,267.0,9490.7
183.106,267.0,9493.7
183.150,267.0,9497.0
183.188,267.0,9499.8
183.230,268.0,9502.9
183.270,268.0,9505.9
183.309,268.0,9508.8
183.343,268.0,9511.4
183.383,268.0,9514.3
183.425,268.0,9517.5
183.466,268.0,9520.5
183.502,269.0,9523.2
183.543,269.0,9526.3
183.583,269.0,9529.2
183.623,269.0,9532.2
183.662,269.0,9535.1
183.713,269.0,9539.0
183.744,269.0,9541.3
183.784,270.0,9544.3
183.824,270.0,9547.3
183.865,270.0,9550.3
183.902,270.0,9553.1
183.944,270.0,9556.3
183.987,271.0,9559.5
184.025,272.0,9562.4
184.066,272.0,9565.5
184.104,272.0,9568.3
184.144,273.0,9571.4
184.185,273.0,9574.5
184.225,273.0,9577.5
184.265,273.0,9580.5
184.307,273.0,9583.7
184.349,274.0,9586.9
184.385,274.0,9589.7
184.423,274.0,9592.5
184.465,274.0,9595.7
184.504,274.0,9598.7
184.544,275.0,9601.8
184.585,275.0,9604.9
184.624,275.0,9607.9
184.664,275.0,9610.9
184.707,275.0,9614.2
184.744,276.0,9617.0
184.786,276.0,9620.3
184.823,276.0,9623.1
184.864,276.0,9626.2
184.905,276.0,9629.4
184.945,276.0,9632.5
184.984,276.0,9635.4
185.025,277.0,9638.6
185.064,277.0,9641.6
185.103,277.0,9644.6
185.143,277.0,9647.7
185.190,276.0,9651.3
185.228,277.0,9654.2
185.267,277.0,9657.2
185.306,277.0,9660.2
185.347,277.0,9663.4
185.387,277.0,9666.4
185.427,278.0,9669.5
185.468,278.0,9672.7
185.506,278.0,9675.6
185.550,279.0,9679.0
185.586,279.0,9681.8
185.625,279.0,9684.8
185.666,279.0,9688.0
185.710,279.0,9691.4
185.747,280.0,9694.3
185.789,280.0,9697.6
185.826,281.0,9700.4
185.870,281.0,9703.9
185.907,282.0,9706.8
185.947,282.0,9709.9
185.987,282.0,9713.0
186.029,284.0,9716.3
186.069,284.0,9719.5
186.106,284.0,9722.4
186.147,285.0,9725.7
186.188,285.0,9728.9
186.227,285.0,9732.0
186.267,285.0,9735.2
186.306,286.0,9738.3
186.349,287.0,9741.7
186.391,287.0,9745.0
186.432,288.0,9748.3
186.469,288.0,9751.3
186.514,289.0,9754.9
186.553,289.0,9758.0
186.586,289.0,9760.6
186.626,289.0,9763.9
186.668,289.0,9767.2
186.706,289.0,9770.3
186.746,290.0,9773.5
186.787,290.0,9776.8
186.826,290.0,9779.9
186.867,291.0,9783.2
186.907,291.0,9786.5
186.947,290.0,9789.7
186.987,290.0,9792.9
187.025,290.0,9796.0
187.066,290.0,9799.3
187.108,290.0,9802.7
187.145,290.0,9805.7
187.187,290.0,9809.0
187.227,290.0,9812.3
187.267,290.0,9815.5
187.309,290.0,9818.9
187.347,290.0,9821.9
187.389,291.0,9825.3
187.425,292.0,9828.2
187.468,292.0,9831.7
187.506,292.0,9834.8
187.547,292.0,9838.1
187.587,293.0,9841.4
187.626,293.0,9844.6
187.667,293.0,9847.9
187.707,294.0,9851.1
187.747,293.0,9854.4
187.786,293.0,9857.6
187.830,293.0,9861.2
187.868,293.0,9864.3
187.906,293.0,9867.4
187.946,292.0,9870.6
187.986,292.0,9873.8
188.027,292.0,9877.2
188.066,292.0,9880.3
188.108,292.0,9883.7
188.145,291.0,9886.7
188.187,290.0,9890.1
188.227,289.0,9893.3
188.268,289.0,9896.6
188.308,290.0,9899.9
188.348,291.0,9903.1
188.391,292.0,9906.6
188.430,293.0,9909.7
188.472,293.0,9913.1
188.512,293.0,9916.4
188.551,293.0,9919.6
188.584,293.0,9922.3
188.625,292.0,9925.6
188.662,292.0,9928.6
188.706,292.0,9932.2
188.745,291.0,9935.3
188.786,291.0,9938.6
188.825,290.0,9941.8
188.863,290.0,9944.8
188.903,290.0,9948.1
188.944,290.0,9951.4
188.985,290.0,9954.7
189.026,291.0,9958.0
189.064,291.0,9961.1
189.104,291.0,9964.3
189.142,291.0,9967.4
189.189,291.0,9971.2
189.227,291.0,9974.2
189.265,291.0,9977.3
189.303,291.0,9980.4
189.345,292.0,9983.8
189.384,292.0,9986.9
189.425,292.0,9990.3
189.465,292.0,9993.5
189.504,292.0,9996.7
189.544,293.0,9999.9
189.584,293.0,10003.2
189.622,293.0,10006.3
189.665,293.0,10009.8
189.704,293.0,10012.9
189.744,293.0,10016.2
189.782,293.0,10019.3
189.822,293.0,10022.5
189.863,293.0,10025.9
189.904,293.0,10029.2
189.945,294.0,10032.6
189.983,294.0,10035.7
190.027,294.0,10039.3
190.063,294.0,10042.2
190.105,295.0,10045.6
190.143,295.0,10048.7
190.183,295.0,10052.0
190.225,295.0,10055.5
190.263,295.0,10058.6
190.304,295.0,10061.9
190.345,296.0,10065.3
190.388,296.0,10068.8
190.426,296.0,10072.0
190.469,296.0,10075.5
190.508,297.0,10078.7
190.545,297.0,10081.8
190.587,296.0,10085.2
190.628,297.0,10088.6
190.666,297.0,10091.7
190.707,297.0,10095.1
190.748,298.0,10098.5
190.787,298.0,10101.7
190.828,298.0,10105.1
190.866,298.0,10108.3
190.908,298.0,10111.8
190.948,298.0,10115.1
190.989,298.0,10118.5
191.326,298.0,10146.4
191.355,298.0,10148.8
191.390,299.0,10151.7
191.427,300.0,10154.7
191.466,300.0,10158.0
191.506,300.0,10161.3
191.547,300.0,10164.7
191.584,301.0,10167.8
191.628,301.0,10171.5
191.666,301.0,10174.7
191.707,301.0,10178.1
191.746,302.0,10181.4
191.793,302.0,10185.3
191.832,303.0,10188.6
191.875,303.0,10192.2
191.914,303.0,10195.5
191.950,303.0,10198.5
191.989,303.0,10201.8
192.027,303.0,10205.0
192.066,303.0,10208.3
192.104,303.0,10211.5
192.146,303.0,10215.0
192.183,303.0,10218.1
192.226,303.0,10221.8
192.266,303.0,10225.1
192.305,304.0,10228.4
192.349,304.0,10232.1
192.389,304.0,10235.5
192.428,304.0,10238.8
192.464,304.0,10241.8
192.504,304.0,10245.2
192.545,304.0,10248.7
192.586,304.0,10252.1
192.627,304.0,10255.6
192.667,304.0,10259.0
192.707,304.0,10262.4
192.746,304.0,10265.7
192.786,304.0,10269.0
192.829,304.0,10272.7
192.866,304.0,10275.8
192.909,303.0,10279.4
192.947,303.0,10282.6
192.985,304.0,10285.8
193.024,304.0,10289.1
193.065,304.0,10292.6
193.105,303.0,10295.9
193.145,304.0,10299.3
193.187,304.0,10302.9
193.226,304.0,10306.2
193.265,304.0,10309.4
193.309,304.0,10313.2
193.347,304.0,10316.4
193.385,306.0,10319.6
193.424,307.0,10322.9
193.465,307.0,10326.4
193.504,308.0,10329.7
193.545,308.0,10333.2
193.589,308.0,10337.0
193.624,309.0,10340.0
193.665,309.0,10343.5
193.705,309.0,10347.0
193.746,309.0,10350.5
193.785,309.0,10353.8
193.830,310.0,10357.7
193.876,310.0,10361.7
193.911,310.0,10364.7
193.951,310.0,10368.1
193.990,310.0,10371.5
194.024,310.0,10374.4
194.064,310.0,10377.8
194.103,310.0,10381.2
194.143,310.0,10384.6
194.184,310.0,10388.2
194.223,311.0,10391.5
194.263,311.0,10395.0
194.303,311.0,10398.5
194.347,311.0,10402.3
194.384,311.0,10405.5
194.423,311.0,10408.8
194.463,311.0,10412.3
194.504,311.0,10415.8
194.544,310.0,10419.3
194.582,310.0,10422.5
194.622,310.0,10426.0
194.664,310.0,10429.6
194.704,309.0,10433.0
194.743,309.0,10436.4
194.783,309.0,10439.8
194.823,308.0,10443.2
194.863,308.0,10446.7
194.903,307.0,10450.1
194.944,307.0,10453.6
194.984,307.0,10457.0
195.024,307.0,10460.4
195.064,307.0,10463.8
195.103,307.0,10467.1
195.143,307.0,10470.6
195.183,307.0,10474.0
195.224,306.0,10477.5
195.262,306.0,10480.7
195.307,305.0,10484.5
195.344,305.0,10487.6
195.384,304.0,10491.0
195.424,304.0,10494.4
195.463,304.0,10497.7
195.504,304.0,10501.2
195.543,304.0,10504.4
195.583,304.0,10507.8
195.623,303.0,10511.2
195.664,303.0,10514.7
195.703,303.0,10517.9
195.744,303.0,10521.4
195.787,302.0,10525.0
195.827,302.0,10528.4
195.865,302.0,10531.5
195.905,302.0,10534.9
195.944,302.0,10538.2
195.987,303.0,10541.8
196.026,304.0,10545.1
196.066,304.0,10548.4
196.105,304.0,10551.7
196.144,304.0,10555.0
196.185,304.0,10558.5
196.227,304.0,10562.0
196.265,304.0,10565.3
196.305,305.0,10568.6
196.349,305.0,10572.4
196.389,305.0,10575.8
196.425,306.0,10578.8
196.464,306.0,10582.1
196.505,306.0,10585.6
196.548,306.0,10589.3
196.585,305.0,10592.4
196.625,304.0,10595.8
196.665,304.0,10599.2
196.705,303.0,10602.5
196.746,302.0,10606.0
196.785,301.0,10609.2
196.826,299.0,10612.7
196.868,297.0,10616.1
196.905,295.0,10619.2
196.944,293.0,10622.4
196.985,291.0,10625.7
197.026,287.0,10629.0
197.066,287.0,10632.2
197.105,285.0,10635.3
197.144,283.0,10638.3
197.185,281.0,10641.6
197.226,277.0,10644.7
197.265,277.0,10647.7
197.305,275.0,10650.8
197.345,273.0,10653.8
197.385,273.0,10656.9
197.424,271.0,10659.8
197.465,268.0,10662.9
197.504,268.0,10665.8
197.546,266.0,10668.9
197.585,265.0,10671.8
197.624,263.0,10674.7
197.666,260.0,10677.7
197.705,260.0,10680.5
197.745,258.0,10683.4
197.788,256.0,10686.5
197.828,254.0,10689.3
197.865,253.0,10691.9
197.905,251.0,10694.7
197.944,249.0,10697.4
197.986,247.0,10700.3
198.025,246.0,10703.0
198.065,243.0,10705.7
198.105,243.0,10708.4
198.145,241.0,10711.1
198.184,240.0,10713.7
198.225,239.0,10716.4
198.269,235.0,10719.3
198.309,234.0,10721.9
198.346,232.0,10724.3
198.385,230.0,10726.8
198.430,227.0,10729.7
198.471,227.0,10732.3
198.510,225.0,10734.7
198.547,224.0,10737.0
198.586,222.0,10739.4
198.628,220.0,10742.0
198.668,220.0,10744.5
198.708,218.0,10746.9
198.748,217.0,10749.3
198.787,216.0,10751.6
198.826,215.0,10754.0
198.866,214.0,10756.4
198.902,213.0,10758.5
198.943,212.0,10760.9
198.984,211.0,10763.3
199.024,210.0,10765.7
199.065,210.0,10768.1
199.103,210.0,10770.3
199.143,209.0,10772.6
199.182,209.0,10774.9
199.224,208.0,10777.3
199.262,208.0,10779.5
199.304,208.0,10781.9
199.344,208.0,10784.2
199.389,208.0,10786.8
199.426,208.0,10789.0
199.464,208.0,10791.2
199.502,208.0,10793.4
199.544,208.0,10795.8
199.584,207.0,10798.1
199.622,207.0,10800.3
199.663,207.0,10802.6
199.704,206.0,10805.0
199.743,206.0,10807.2
199.782,206.0,10809.5
199.824,205.0,10811.9
199.867,205.0,10814.3
199.903,204.0,10816.3
199.943,204.0,10818.6
199.982,203.0,10820.8
200.022,203.0,10823.1
200.063,203.0,10825.4
200.103,204.0,10827.6
200.143,204.0,10829.9
200.183,204.0,10832.2
200.222,204.0,10834.4
200.263,204.0,10836.7
200.304,204.0,10839.0
200.346,204.0,10841.4
200.385,205.0,10843.6
200.424,206.0,10845.9
200.462,206.0,10848.0
200.504,207.0,10850.4
200.544,208.0,10852.7
200.901,208.0,10873.4
200.929,209.0,10875.0
200.957,209.0,10876.6
200.988,212.0,10878.4
201.025,213.0,10880.6
201.064,213.0,10882.9
201.105,213.0,10885.3
201.145,213.0,10887.7
201.185,214.0,10890.1
201.225,215.0,10892.5
201.265,215.0,10894.9
201.306,215.0,10897.3
201.347,216.0,10899.8
201.384,217.0,10902.0
201.426,218.0,10904.5
201.465,218.0,10906.9
201.505,218.0,10909.3
201.545,218.0,10911.7
201.586,219.0,10914.2
201.625,219.0,10916.6
201.665,219.0,10919.0
201.705,220.0,10921.5
201.744,221.0,10923.9
201.785,221.0,10926.4
201.830,222.0,10929.1
201.870,223.0,10931.6
201.905,223.0,10933.8
201.945,224.0,10936.3
201.985,224.0,10938.8
202.027,225.0,10941.4
202.065,225.0,10943.7
202.105,226.0,10946.3
202.144,227.0,10948.7
202.185,227.0,10951.3
202.227,228.0,10953.9
202.265,228.0,10956.4
202.306,228.0,10958.9
202.346,229.0,10961.5
202.387,229.0,10964.1
202.426,230.0,10966.6
202.465,230.0,10969.1
202.505,231.0,10971.6
202.545,231.0,10974.2
202.586,231.0,10976.8
202.626,233.0,10979.4
202.665,233.0,10981.9
202.705,233.0,10984.5
202.745,234.0,10987.1
202.788,234.0,10989.9
202.825,235.0,10992.3
202.869,235.0,10995.2
202.906,236.0,10997.6
202.944,237.0,11000.1
202.985,237.0,11002.8
203.026,238.0,11005.5
203.066,238.0,11008.2
203.104,238.0,11010.7
203.147,239.0,11013.5
203.184,239.0,11016.0
203.224,240.0,11018.6
203.266,240.0,11021.4
203.305,240.0,11024.0
203.345,241.0,11026.7
203.384,242.0,11029.3
203.428,242.0,11032.3
203.467,242.0,11034.9
203.505,243.0,11037.5
203.545,244.0,11040.2
203.584,244.0,11042.8
203.625,246.0,11045.6
203.664,246.0,11048.3
203.705,246.0,11051.1
203.744,246.0,11053.7
203.786,247.0,11056.6
203.826,247.0,11059.4
203.867,247.0,11062.2
203.907,247.0,11064.9
203.947,248.0,11067.7
203.988,248.0,11070.5
204.027,248.0,11073.2
204.066,248.0,11075.9
204.107,249.0,11078.7
204.159,249.0,11082.3
204.192,249.0,11084.6
204.227,249.0,11087.0
204.267,249.0,11089.8
204.309,250.0,11092.7
204.343,251.0,11095.0
204.383,251.0,11097.8
204.422,252.0,11100.5
204.464,252.0,11103.5
204.503,252.0,11106.2
204.542,253.0,11109.0
204.583,253.0,11111.8
204.624,253.0,11114.7
204.665,253.0,11117.6
204.702,252.0,11120.2
204.743,252.0,11123.1
204.784,251.0,11125.9
204.823,250.0,11128.6
204.863,248.0,11131.4
204.903,247.0,11134.2
204.943,246.0,11136.9
204.982,245.0,11139.6
205.024,243.0,11142.4
205.063,243.0,11145.0
205.103,243.0,11147.7
205.150,242.0,11150.9
205.189,241.0,11153.5
205.223,237.0,11155.8
205.263,237.0,11158.4
205.302,236.0,11161.0
205.344,235.0,11163.7
205.382,234.0,11166.2
205.423,231.0,11168.8
205.464,231.0,11171.5
205.503,229.0,11174.0
205.542,228.0,11176.4
205.588,226.0,11179.3
205.623,223.0,11181.5
205.671,223.0,11184.5
205.703,222.0,11186.5
205.744,220.0,11189.0
205.783,219.0,11191.4
205.823,218.0,11193.8
205.863,217.0,11196.2
205.904,216.0,11198.7
205.945,216.0,11201.1
205.984,215.0,11203.5
206.025,214.0,11205.9
206.072,214.0,11208.7
206.106,213.0,11210.7
206.144,212.0,11213.0
206.185,212.0,11215.4
206.226,212.0,11217.8
206.264,212.0,11220.0
206.305,212.0,11222.5
206.345,211.0,11224.8
206.385,211.0,11227.1
206.425,211.0,11229.5
206.466,211.0,11231.9
206.509,211.0,11234.4
206.547,210.0,11236.6
206.585,211.0,11238.9
206.625,211.0,11241.2
206.666,211.0,11243.6
206.706,211.0,11245.9
206.746,212.0,11248.3
206.785,212.0,11250.6
206.827,212.0,11253.1
206.866,213.0,11255.4
206.907,213.0,11257.8
206.946,213.0,11260.1
206.986,213.0,11262.5
207.025,214.0,11264.8
207.066,214.0,11267.2
207.106,214.0,11269.6
207.145,214.0,11271.9
207.185,214.0,11274.3
207.225,214.0,11276.7
207.266,214.0,11279.1
207.305,214.0,11281.4
207.345,214.0,11283.8
207.389,214.0,11286.4
207.429,215.0,11288.8
207.467,215.0,11291.1
207.517,215.0,11294.1
207.548,216.0,11295.9
207.587,216.0,11298.3
207.628,217.0,11300.7
207.664,217.0,11302.9
207.704,217.0,11305.3
207.745,218.0,11307.8
207.789,219.0,11310.5
207.827,220.0,11312.8
207.866,220.0,11315.2
207.905,221.0,11317.5
207.945,221.0,11320.0
207.985,222.0,11322.5
208.025,222.0,11324.9
208.065,222.0,11327.4
208.104,222.0,11329.8
208.146,222.0,11332.4
208.185,223.0,11334.8
208.224,224.0,11337.2
208.269,224.0,11340.0
208.308,225.0,11342.4
208.345,225.0,11344.8
208.384,226.0,11347.2
208.425,227.0,11349.8
208.465,227.0,11352.3
208.505,228.0,11354.8
208.544,229.0,11357.3
208.585,230.0,11359.9
208.624,231.0,11362.4
208.664,231.0,11365.0
208.710,231.0,11367.9
208.749,232.0,11370.4
208.785,232.0,11372.8
209.090,233.0,11392.5
209.117,233.0,11394.2
209.146,233.0,11396.1
209.184,231.0,11398.5
209.222,228.0,11401.0
209.262,228.0,11403.5
209.303,226.0,11406.1
209.343,225.0,11408.6
209.383,224.0,11411.1
209.423,220.0,11413.5
209.464,220.0,11416.0
209.511,218.0,11418.9
209.560,216.0,11421.9
209.587,214.0,11423.5
209.627,211.0,11425.8
209.666,211.0,11428.1
209.702,209.0,11430.2
209.744,207.0,11432.6
209.784,205.0,11434.9
209.823,203.0,11437.1
209.866,201.0,11439.6
209.905,199.0,11441.7
209.945,197.0,11443.9
209.988,195.0,11446.3
210.025,192.0,11448.3
210.068,192.0,11450.6
210.105,190.0,11452.5
210.144,187.0,11454.6
210.185,185.0,11456.7
210.623,181.0,11478.9
210.650,181.0,11480.3
210.684,179.0,11482.0
210.710,157.0,11483.2
210.745,155.0,11484.7
210.784,153.0,11486.4
210.825,151.0,11488.1
210.866,149.0,11489.8
210.905,147.0,11491.4
210.950,145.0,11493.3
210.988,144.0,11494.8
211.024,141.0,11496.2
211.064,141.0,11497.8
211.104,139.0,11499.3
211.145,137.0,11500.9
211.183,135.0,11502.3
211.225,132.0,11503.9
211.266,132.0,11505.4
211.306,130.0,11506.9
211.345,129.0,11508.3
211.388,127.0,11509.8
211.429,125.0,11511.2
211.465,125.0,11512.5
211.504,124.0,11513.8
211.545,123.0,11515.2
211.585,122.0,11516.6
211.626,120.0,11518.0
211.663,120.0,11519.2
211.705,119.0,11520.6
211.746,119.0,11522.0
211.785,118.0,11523.2
211.826,118.0,11524.6
211.865,117.0,11525.9
211.909,116.0,11527.3
211.949,116.0,11528.6
211.989,115.0,11529.8
212.043,113.0,11531.6
212.068,113.0,11532.3
212.103,113.0,11533.4
212.144,112.0,11534.7
212.183,112.0,11535.9
212.224,111.0,11537.2
212.263,111.0,11538.4
212.303,111.0,11539.6
212.344,111.0,11540.9
212.383,111.0,11542.1
212.425,109.0,11543.4
212.467,109.0,11544.7
212.504,108.0,11545.8
212.543,107.0,11546.9
212.582,107.0,11548.1
212.623,105.0,11549.3
212.664,105.0,11550.5
212.704,104.0,11551.7
212.743,104.0,11552.8
212.784,103.0,11554.0
212.826,102.0,11555.2
212.864,102.0,11556.2
212.909,101.0,11557.5
212.947,101.0,11558.6
212.983,100.0,11559.6
213.023,99.0,11560.7
213.062,99.0,11561.8
213.104,98.0,11562.9
213.144,98.0,11564.0
213.182,97.0,11565.0
213.223,96.0,11566.1
213.264,96.0,11567.2
213.303,95.0,11568.3
213.343,95.0,11569.3
213.384,94.0,11570.4
213.424,94.0,11571.4
213.469,94.0,11572.6
213.503,94.0,11573.5
213.543,93.0,11574.5
213.585,93.0,11575.6
213.624,92.0,11576.6
213.663,92.0,11577.6
213.703,92.0,11578.6
213.744,92.0,11579.7
213.784,92.0,11580.7
213.823,92.0,11581.7
213.866,92.0,11582.8
213.920,92.0,11584.2
213.947,92.0,11584.9
213.990,92.0,11586.0
214.026,92.0,11586.9
214.066,92.0,11587.9
214.106,93.0,11588.9
214.146,93.0,11590.0
214.185,93.0,11591.0
214.225,94.0,11592.0
214.266,94.0,11593.1
214.306,94.0,11594.1
214.344,94.0,11595.1
214.385,94.0,11596.2
214.425,94.0,11597.2
214.465,94.0,11598.3
214.505,95.0,11599.3
214.546,96.0,11600.4
214.586,96.0,11601.5
214.631,97.0,11602.7
214.664,97.0,11603.6
214.706,97.0,11604.7
214.748,98.0,11605.9
214.785,99.0,11606.9
214.826,99.0,11608.0
214.869,100.0,11609.2
214.906,101.0,11610.2
214.947,101.0,11611.4
214.986,102.0,11612.5
215.025,103.0,11613.6
215.068,103.0,11614.8
215.108,104.0,11616.0
215.148,105.0,11617.1
215.184,106.0,11618.2
215.226,107.0,11619.4
215.269,107.0,11620.7
215.306,108.0,11621.8
215.350,109.0,11623.1
215.385,110.0,11624.2
215.424,111.0,11625.4
215.464,111.0,11626.6
215.507,112.0,11628.0
215.545,113.0,11629.1
215.586,114.0,11630.4
215.630,116.0,11631.8
215.667,116.0,11633.0
215.707,117.0,11634.3
215.745,118.0,11635.6
215.786,119.0,11636.9
215.827,120.0,11638.3
215.866,122.0,11639.6
215.905,123.0,11640.9
215.946,124.0,11642.3
215.985,126.0,11643.7
216.028,129.0,11645.2
216.066,129.0,11646.6
216.108,131.0,11648.1
216.146,132.0,11649.5
216.186,134.0,11650.9
216.226,135.0,11652.4
216.265,135.0,11653.9
216.307,137.0,11655.5
216.346,137.0,11657.0
216.386,138.0,11658.5
216.426,141.0,11660.1
216.467,141.0,11661.7
216.510,142.0,11663.3
216.556,143.0,11665.2
216.593,144.0,11666.6
216.642,146.0,11668.6
216.670,146.0,11669.8
216.709,147.0,11671.3
216.746,149.0,11672.9
216.785,150.0,11674.5
216.826,151.0,11676.2
216.866,151.0,11677.9
216.906,153.0,11679.6
216.945,154.0,11681.2
216.986,155.0,11683.0
217.025,157.0,11684.7
217.066,157.0,11686.5
217.109,158.0,11688.3
217.145,160.0,11689.9
217.186,161.0,11691.8
217.228,163.0,11693.7
217.266,163.0,11695.4
217.307,164.0,11697.2
217.348,165.0,11699.1
217.386,166.0,11700.9
217.426,168.0,11702.7
217.467,168.0,11704.6
217.506,168.0,11706.4
217.551,169.0,11708.5
217.586,170.0,11710.2
217.631,172.0,11712.3
217.667,172.0,11714.1
217.706,173.0,11715.9
217.748,174.0,11717.9
217.787,174.0,11719.8
217.826,176.0,11721.7
217.869,176.0,11723.8
217.909,176.0,11725.8
217.947,177.0,11727.6
217.987,178.0,11729.6
218.027,180.0,11731.6
218.065,180.0,11733.5
218.107,181.0,11735.6
218.145,181.0,11737.5
218.184,182.0,11739.5
218.226,184.0,11741.6
218.265,184.0,11743.6
218.308,184.0,11745.8
218.346,185.0,11747.8
218.388,185.0,11749.9
218.426,186.0,11751.9
218.464,186.0,11753.8
218.506,187.0,11756.0
218.549,187.0,11758.3
218.593,188.0,11760.5
218.633,189.0,11762.6
218.672,189.0,11764.7
218.712,190.0,11766.8
218.745,191.0,11768.5
218.789,192.0,11770.9
218.825,193.0,11772.8
218.865,193.0,11775.0
218.904,194.0,11777.0
218.944,195.0,11779.2
218.983,196.0,11781.3
219.023,197.0,11783.5
219.065,197.0,11785.8
219.105,198.0,11788.0
219.146,199.0,11790.3
219.184,200.0,11792.4
219.224,202.0,11794.6
219.265,202.0,11796.9
219.306,203.0,11799.2
219.345,204.0,11801.4
219.385,204.0,11803.7
219.425,206.0,11806.0
219.464,206.0,11808.2
219.504,207.0,11810.5
219.545,208.0,11812.8
219.585,209.0,11815.2
219.623,210.0,11817.4
219.664,210.0,11819.8
219.706,211.0,11822.2
220.039,211.0,11841.7
220.063,213.0,11843.2
220.088,216.0,11844.6
220.129,215.0,11847.1
220.172,214.0,11849.7
220.219,212.0,11852.4
220.253,212.0,11854.4
220.295,211.0,11856.9
220.336,209.0,11859.3
220.378,207.0,11861.7
220.418,204.0,11864.0
220.458,204.0,11866.3
220.498,202.0,11868.5
220.542,200.0,11871.0
220.582,198.0,11873.2
220.622,193.0,11875.4
220.662,193.0,11877.5
220.703,191.0,11879.7
220.743,189.0,11881.8
220.787,186.0,11884.1
220.829,184.0,11886.3
220.867,182.0,11888.2
220.906,180.0,11890.2
220.949,178.0,11892.3
220.985,175.0,11894.1
221.025,170.0,11896.0
221.066,170.0,11897.9
221.109,169.0,11899.9
221.147,167.0,11901.7
221.187,164.0,11903.6
221.227,159.0,11905.3
221.268,159.0,11907.2
221.310,157.0,11909.0
221.349,155.0,11910.7
221.386,153.0,11912.3
221.425,149.0,11913.9
221.470,149.0,11915.8
221.508,147.0,11917.3
221.547,145.0,11918.9
221.588,143.0,11920.6
221.629,139.0,11922.2
221.669,139.0,11923.7
221.708,137.0,11925.2
221.748,135.0,11926.7
221.787,133.0,11928.2
221.830,131.0,11929.7
221.868,130.0,11931.1
221.905,128.0,11932.4
221.952,127.0,11934.1
221.992,125.0,11935.5
222.040,121.0,11937.1
222.076,121.0,11938.4
222.113,120.0,11939.6
222.147,119.0,11940.7
222.187,118.0,11942.0
222.226,115.0,11943.3
222.268,115.0,11944.6
222.308,114.0,11945.9
222.348,113.0,11947.2
222.389,113.0,11948.5
222.425,111.0,11949.6
222.465,111.0,11950.8
222.507,110.0,11952.1
222.548,109.0,11953.4
222.586,109.0,11954.5
222.629,108.0,11955.8
222.668,108.0,11957.0
222.708,107.0,11958.2
222.747,107.0,11959.3
222.785,106.0,11960.4
222.826,105.0,11961.7
222.867,104.0,11962.8
222.907,103.0,11964.0
222.948,103.0,11965.2
222.987,102.0,11966.3
223.024,99.0,11967.3
223.066,99.0,11968.5
223.106,97.0,11969.6
223.148,95.0,11970.7
223.187,94.0,11971.7
223.227,93.0,11972.7
223.267,93.0,11973.8
223.307,93.0,11974.8
223.344,92.0,11975.8
223.387,93.0,11976.9
223.424,92.0,11977.8
223.466,92.0,11978.9
223.507,93.0,11979.9
223.549,93.0,11981.0
223.587,94.0,11982.0
223.627,93.0,11983.0
223.666,93.0,11984.1
223.706,93.0,11985.1
223.746,93.0,11986.1
223.786,92.0,11987.1
223.827,91.0,11988.2
223.867,90.0,11989.2
223.907,90.0,11990.2
223.951,90.0,11991.3
223.995,90.0,11992.4
224.037,90.0,11993.4
224.070,90.0,11994.3
224.119,90.0,11995.5
224.148,90.0,11996.2
224.187,91.0,11997.2
224.227,91.0,11998.2
224.264,91.0,11999.1
224.306,90.0,12000.2
224.345,90.0,12001.2
224.384,91.0,12002.2
224.425,91.0,12003.2
224.465,91.0,12004.2
224.506,91.0,12005.2
224.544,91.0,12006.2
224.589,91.0,12007.3
224.629,92.0,12008.4
224.668,92.0,12009.4
224.709,92.0,12010.4
224.748,91.0,12011.4
224.786,91.0,12012.4
224.825,91.0,12013.3
224.867,91.0,12014.4
224.903,91.0,12015.3
224.949,90.0,12016.5
224.988,91.0,12017.4
225.025,91.0,12018.4
225.064,91.0,12019.4
225.106,92.0,12020.4
225.148,92.0,12021.5
225.189,91.0,12022.6
225.227,90.0,12023.5
225.264,90.0,12024.4
225.304,89.0,12025.4
225.346,89.0,12026.5
225.384,89.0,12027.4
225.424,89.0,12028.4
225.467,89.0,12029.5
225.504,89.0,12030.4
225.546,89.0,12031.4
225.585,89.0,12032.4
225.629,89.0,12033.5
225.665,89.0,12034.3
225.704,89.0,12035.3
225.745,90.0,12036.3
225.784,90.0,12037.3
225.827,90.0,12038.4
225.864,90.0,12039.3
225.904,90.0,12040.3
225.947,90.0,12041.4
225.984,91.0,12042.3
226.026,91.0,12043.4
226.065,91.0,12044.4
226.109,91.0,12045.5
226.145,91.0,12046.4
226.185,90.0,12047.4
226.234,91.0,12048.6
226.269,91.0,12049.5
226.305,92.0,12050.4
226.345,92.0,12051.4
226.384,92.0,12052.4
226.425,92.0,12053.5
226.465,92.0,12054.5
226.505,93.0,12055.5
226.545,94.0,12056.6
226.588,94.0,12057.7
226.633,94.0,12058.9
226.669,94.0,12059.8
226.712,95.0,12060.9
226.758,96.0,12062.2
226.790,97.0,12063.0
226.824,97.0,12063.9
226.863,98.0,12065.0
226.903,99.0,12066.1
226.944,100.0,12067.2
226.984,102.0,12068.3
227.023,105.0,12069.5
227.067,105.0,12070.7
227.107,105.0,12071.9
227.143,106.0,12073.0
227.183,108.0,12074.2
227.223,111.0,12075.4
227.268,111.0,12076.8
227.304,112.0,12077.9
227.343,113.0,12079.1
227.383,114.0,12080.4
227.422,117.0,12081.6
227.464,117.0,12083.0
227.502,118.0,12084.2
227.544,119.0,12085.6
227.583,120.0,12086.9
227.624,123.0,12088.3
227.663,123.0,12089.6
227.704,124.0,12091.0
227.742,126.0,12092.3
227.783,127.0,12093.8
227.824,128.0,12095.2
227.864,129.0,12096.7
227.903,130.0,12098.1
227.943,131.0,12099.5
227.984,133.0,12101.0
228.024,134.0,12102.5
228.063,135.0,12103.9
228.103,137.0,12105.5
228.143,138.0,12107.0
228.185,139.0,12108.6
228.224,142.0,12110.1
228.264,142.0,12111.7
228.303,143.0,12113.2
228.344,145.0,12114.9
228.384,146.0,12116.5
228.424,149.0,12118.1
228.463,149.0,12119.8
228.502,150.0,12121.4
228.544,151.0,12123.1
228.585,153.0,12124.9
228.625,155.0,12126.6
228.667,155.0,12128.4
228.705,156.0,12130.0
228.745,158.0,12131.8
228.785,159.0,12133.5
228.825,161.0,12135.3
228.865,162.0,12137.1
228.904,164.0,12138.9
228.946,164.0,12140.8
228.985,166.0,12142.6
229.024,168.0,12144.4
229.066,168.0,12146.3
229.106,169.0,12148.2
229.145,170.0,12150.0
229.186,171.0,12152.0
229.225,173.0,12153.9
229.357,173.0,12160.2
229.383,174.0,12161.4
229.407,177.0,12162.6
229.432,178.0,12163.9
229.466,178.0,12165.5
229.505,179.0,12167.5
229.545,180.0,12169.5
229.585,181.0,12171.5
229.625,183.0,12173.5
229.665,183.0,12175.5
229.704,184.0,12177.5
229.745,185.0,12179.6
229.787,186.0,12181.8
229.834,187.0,12184.2
229.868,187.0,12186.0
229.911,188.0,12188.2
229.951,189.0,12190.3
229.989,190.0,12192.3
230.025,191.0,12194.2
230.065,191.0,12196.3
230.106,192.0,12198.5
230.144,192.0,12200.5
230.185,193.0,12202.7
230.224,195.0,12204.8
230.265,195.0,12207.1
230.303,196.0,12209.1
230.345,197.0,12211.4
230.384,197.0,12213.6
230.425,199.0,12215.8
230.465,199.0,12218.0
230.504,199.0,12220.2
230.546,200.0,12222.5
230.586,201.0,12224.7
230.625,202.0,12226.9
230.664,202.0,12229.1
230.705,203.0,12231.4
230.745,204.0,12233.7
230.784,205.0,12235.9
230.825,206.0,12238.2
230.864,206.0,12240.5
230.905,207.0,12242.8
230.945,208.0,12245.1
230.989,209.0,12247.7
231.025,210.0,12249.8
231.065,210.0,12252.1
231.105,211.0,12254.4
231.144,212.0,12256.7
231.184,213.0,12259.1
231.233,214.0,12262.0
231.267,214.0,12264.0
231.307,215.0,12266.4
231.345,216.0,12268.7
231.388,217.0,12271.3
231.425,218.0,12273.5
231.465,218.0,12275.9
231.504,219.0,12278.3
231.545,219.0,12280.8
231.584,220.0,12283.1
231.625,221.0,12285.7
231.665,221.0,12288.1
231.705,222.0,12290.6
231.745,223.0,12293.0
231.789,223.0,12295.8
231.829,224.0,12298.3
231.865,224.0,12300.5
231.905,225.0,12303.0
231.944,226.0,12305.4
231.988,227.0,12308.2
232.027,228.0,12310.7
232.068,228.0,12313.3
232.107,228.0,12315.7
232.146,229.0,12318.2
232.187,230.0,12320.8
232.223,231.0,12323.1
232.266,231.0,12325.9
232.303,232.0,12328.3
232.342,232.0,12330.8
232.386,233.0,12333.6
232.424,234.0,12336.1
232.463,234.0,12338.6
232.503,234.0,12341.2
232.544,234.0,12343.9
232.584,235.0,12346.5
232.624,236.0,12349.1
232.663,236.0,12351.7
232.709,237.0,12354.7
232.749,237.0,12357.3
232.786,238.0,12359.8
232.822,238.0,12362.1
232.863,238.0,12364.9
232.909,239.0,12367.9
232.943,240.0,12370.2
232.984,240.0,12372.9
233.023,241.0,12375.5
233.064,241.0,12378.2
233.104,241.0,12380.9
233.145,241.0,12383.7
233.184,241.0,12386.3
233.227,240.0,12389.2
233.264,240.0,12391.6
233.302,239.0,12394.1
233.343,238.0,12396.9
233.382,236.0,12399.4
233.424,234.0,12402.2
233.463,234.0,12404.7
233.503,232.0,12407.3
233.544,230.0,12409.9
233.584,228.0,12412.5
233.623,223.0,12414.9
233.670,223.0,12417.8
233.706,221.0,12420.0
233.741,219.0,12422.2
233.782,216.0,12424.7
233.823,213.0,12427.1
233.865,213.0,12429.6
233.903,211.0,12431.8
233.944,209.0,12434.2
233.984,207.0,12436.5
234.025,205.0,12438.9
234.064,205.0,12441.1
234.106,204.0,12443.5
234.146,203.0,12445.7
234.184,202.0,12447.9
234.225,200.0,12450.2
234.266,200.0,12452.4
234.307,199.0,12454.7
234.345,198.0,12456.8
234.385,197.0,12459.0
234.424,196.0,12461.1
234.466,196.0,12463.4
234.506,196.0,12465.6
234.547,196.0,12467.8
234.590,195.0,12470.2
234.625,194.0,12472.1
234.666,194.0,12474.3
234.704,194.0,12476.3
234.745,193.0,12478.5
234.805,193.0,12481.7
234.825,193.0,12482.8
234.864,193.0,12484.9
234.905,193.0,12487.1
234.946,193.0,12489.3
234.986,193.0,12491.4
235.026,193.0,12493.6
235.067,193.0,12495.8
235.105,193.0,12497.8
235.145,193.0,12500.0
235.185,194.0,12502.1
235.225,194.0,12504.3
235.271,194.0,12506.7
235.306,195.0,12508.6
235.345,195.0,12510.8
235.385,196.0,12512.9
235.425,197.0,12515.1
235.465,197.0,12517.3
235.505,197.0,12519.5
235.545,198.0,12521.7
235.585,199.0,12523.9
235.630,201.0,12526.4
235.670,201.0,12528.6
235.704,202.0,12530.5
235.745,202.0,12532.8
235.785,203.0,12535.1
235.827,204.0,12537.4
235.879,204.0,12540.4
235.907,204.0,12542.0
235.947,204.0,12544.2
235.987,204.0,12546.5
236.026,205.0,12548.7
236.066,205.0,12551.0
236.105,205.0,12553.2
236.144,205.0,12555.4
236.185,205.0,12557.8
236.225,204.0,12560.1
236.263,204.0,12562.2
236.303,204.0,12564.5
236.344,204.0,12566.8
236.385,205.0,12569.1
236.425,206.0,12571.4
236.464,206.0,12573.6
236.505,206.0,12576.0
236.545,207.0,12578.3
236.585,207.0,12580.6
236.624,209.0,12582.8
236.665,209.0,12585.2
236.706,210.0,12587.6
236.744,210.0,12589.8
236.784,211.0,12592.2
236.825,211.0,12594.6
236.864,212.0,12596.9
236.905,213.0,12599.3
236.951,213.0,12602.0
236.987,213.0,12604.1
237.025,214.0,12606.4
237.065,214.0,12608.8
237.104,215.0,12611.1
237.146,215.0,12613.6
237.185,215.0,12615.9
237.224,215.0,12618.2
237.264,215.0,12620.6
237.305,214.0,12623.1
237.344,215.0,12625.4
237.383,215.0,12627.7
237.698,216.0,12646.6
237.730,216.0,12648.5
237.768,210.0,12650.8
237.794,209.0,12652.3
237.830,207.0,12654.3
237.871,205.0,12656.7
237.910,203.0,12658.9
237.956,201.0,12661.5
237.991,198.0,12663.4
238.028,195.0,12665.4
238.064,195.0,12667.4
238.103,193.0,12669.5
238.143,191.0,12671.6
238.182,189.0,12673.7
238.224,185.0,12675.9
238.264,185.0,12677.9
238.302,184.0,12679.9
238.342,182.0,12681.9
238.383,180.0,12684.0
238.423,177.0,12686.0
238.463,177.0,12687.9
238.504,175.0,12689.9
238.544,174.0,12691.9
238.583,173.0,12693.7
238.622,170.0,12695.6
238.662,170.0,12697.5
238.704,169.0,12699.5
238.743,168.0,12701.3
238.782,167.0,12703.1
239.160,165.0,12720.5
239.190,165.0,12721.9
239.208,164.0,12722.7
239.226,156.0,12723.5
239.263,156.0,12725.1
239.303,155.0,12726.9
239.343,155.0,12728.6
239.383,154.0,12730.3
239.426,153.0,12732.1
239.465,153.0,12733.8
239.503,152.0,12735.4
239.542,151.0,12737.0
239.583,151.0,12738.8
239.623,150.0,12740.4
239.664,150.0,12742.1
239.704,150.0,12743.8
239.742,150.0,12745.4
239.782,150.0,12747.1
239.824,150.0,12748.8
239.866,150.0,12750.6
239.904,150.0,12752.1
239.945,150.0,12753.9
239.985,149.0,12755.5
240.025,150.0,12757.2
240.066,150.0,12758.9
240.106,151.0,12760.6
240.145,152.0,12762.2
240.186,152.0,12763.9
240.228,153.0,12765.7
240.268,153.0,12767.4
240.305,154.0,12769.0
240.345,156.0,12770.7
240.386,158.0,12772.5
240.425,160.0,12774.2
240.465,160.0,12776.0
240.506,160.0,12777.8
240.546,160.0,12779.6
240.587,160.0,12781.4
240.627,159.0,12783.2
240.664,159.0,12784.8
240.705,158.0,12786.6
240.746,158.0,12788.4
240.785,157.0,12790.1
240.825,157.0,12791.9
240.865,156.0,12793.6
240.905,155.0,12795.3
240.950,155.0,12797.3
240.985,155.0,12798.8
241.024,154.0,12800.5
241.069,154.0,12802.4
241.109,153.0,12804.1
241.145,153.0,12805.6
241.185,152.0,12807.3
241.226,152.0,12809.1
241.266,152.0,12810.7
241.303,152.0,12812.3
241.345,152.0,12814.1
241.386,152.0,12815.8
241.425,151.0,12817.4
241.464,151.0,12819.1
241.510,151.0,12821.0
241.545,150.0,12822.5
241.585,150.0,12824.1
241.624,149.0,12825.8
241.665,149.0,12827.5
241.704,150.0,12829.1
241.744,150.0,12830.7
241.786,149.0,12832.5
241.825,149.0,12834.1
241.870,149.0,12836.0
241.909,149.0,12837.6
241.948,148.0,12839.2
242.001,148.0,12841.4
242.030,148.0,12842.6
242.064,148.0,12844.0
242.105,148.0,12845.6
242.144,149.0,12847.3
242.185,149.0,12848.9
242.224,150.0,12850.6
242.265,150.0,12852.3
242.304,151.0,12853.9
242.347,151.0,12855.7
242.387,152.0,12857.4
242.425,153.0,12859.0
242.465,153.0,12860.7
242.505,154.0,12862.4
242.545,154.0,12864.1
242.584,155.0,12865.8
242.625,156.0,12867.6
242.666,156.0,12869.3
242.705,157.0,12871.0
242.745,158.0,12872.8
242.786,159.0,12874.6
242.829,160.0,12876.5
242.869,161.0,12878.3
242.905,162.0,12879.9
242.946,163.0,12881.7
242.988,164.0,12883.7
243.025,167.0,12885.4
243.064,167.0,12887.2
243.105,168.0,12889.1
243.146,169.0,12891.0
243.186,169.0,12892.9
243.226,169.0,12894.7
243.265,169.0,12896.6
243.304,168.0,12898.4
243.349,167.0,12900.5
243.387,165.0,12902.2
243.425,162.0,12904.0
243.465,162.0,12905.8
243.505,161.0,12907.6
243.544,159.0,12909.3
243.585,157.0,12911.1
243.625,154.0,12912.8
243.667,154.0,12914.6
243.710,152.0,12916.5
243.749,150.0,12918.1
243.785,149.0,12919.6
243.825,147.0,12921.2
243.868,145.0,12923.0
243.910,144.0,12924.7
243.947,143.0,12926.1
244.004,142.0,12928.4
244.036,140.0,12929.6
244.066,140.0,12930.8
244.104,139.0,12932.3
244.149,138.0,12934.0
244.185,137.0,12935.4
244.224,137.0,12936.9
244.264,137.0,12938.4
244.305,136.0,12940.0
244.344,136.0,12941.4
244.384,135.0,12942.9
244.423,134.0,12944.4
244.465,134.0,12945.9
244.505,134.0,12947.4
244.549,134.0,12949.1
244.586,133.0,12950.4
244.624,132.0,12951.8
244.668,132.0,12953.5
244.705,132.0,12954.8
244.744,132.0,12956.2
244.784,131.0,12957.7
244.824,131.0,12959.2
244.868,130.0,12960.8
244.904,129.0,12962.1
244.945,129.0,12963.5
244.985,127.0,12964.9
245.027,125.0,12966.4
245.064,125.0,12967.7
245.105,125.0,12969.1
245.144,124.0,12970.5
245.184,124.0,12971.9
245.225,122.0,12973.3
245.270,122.0,12974.8
245.304,122.0,12975.9
245.343,122.0,12977.2
245.387,122.0,12978.7
245.424,120.0,12980.0
245.466,120.0,12981.4
245.504,119.0,12982.6
245.549,119.0,12984.1
245.585,118.0,12985.3
245.625,118.0,12986.6
245.668,118.0,12988.0
245.704,119.0,12989.2
245.746,119.0,12990.6
245.785,119.0,12991.9
245.824,120.0,12993.2
245.866,121.0,12994.6
245.905,121.0,12995.9
245.945,122.0,12997.3
245.985,123.0,12998.6
246.029,123.0,13000.1
246.065,123.0,13001.4
246.105,123.0,13002.7
246.143,123.0,13004.0
246.185,124.0,13005.5
246.225,125.0,13006.8
246.265,125.0,13008.2
246.304,125.0,13009.6
246.349,126.0,13011.2
246.386,127.0,13012.5
246.424,131.0,13013.8
246.468,131.0,13015.4
246.505,132.0,13016.8
246.545,133.0,13018.2
246.585,135.0,13019.7
246.625,137.0,13021.2
246.666,137.0,13022.8
246.706,137.0,13024.3
246.746,138.0,13025.9
246.785,139.0,13027.4
246.825,141.0,13028.9
246.866,142.0,13030.5
246.908,143.0,13032.2
246.948,145.0,13033.8
246.988,146.0,13035.4
247.027,149.0,13037.0
247.068,149.0,13038.7
247.104,150.0,13040.2
247.143,151.0,13041.8
247.183,152.0,13043.5
247.223,155.0,13045.2
247.263,155.0,13046.9
247.304,156.0,13048.7
247.345,157.0,13050.5
247.383,159.0,13052.2
247.425,162.0,13054.0
247.464,162.0,13055.8
247.503,163.0,13057.5
247.544,165.0,13059.4
247.584,166.0,13061.2
247.623,168.0,13063.1
247.665,168.0,13065.0
247.704,169.0,13066.8
247.744,170.0,13068.7
247.784,172.0,13070.6
247.825,173.0,13072.6
247.864,174.0,13074.5
247.903,175.0,13076.4
247.945,176.0,13078.4
247.983,177.0,13080.3
248.023,179.0,13082.2
248.064,179.0,13084.3
248.105,180.0,13086.3
248.143,182.0,13088.2
248.184,183.0,13090.3
248.224,185.0,13092.4
248.264,185.0,13094.4
248.304,185.0,13096.5
248.349,186.0,13098.8
248.385,187.0,13100.7
248.672,188.0,13115.6
248.698,188.0,13117.0
248.724,189.0,13118.3
248.752,192.0,13119.8
248.785,193.0,13121.6
248.823,194.0,13123.6
248.864,194.0,13125.8
248.906,195.0,13128.1
248.945,196.0,13130.2
248.986,196.0,13132.4
249.027,198.0,13134.7
249.064,198.0,13136.7
249.106,199.0,13139.0
249.148,200.0,13141.4
249.186,200.0,13143.5
249.226,202.0,13145.7
249.269,202.0,13148.1
249.307,203.0,13150.3
249.345,204.0,13152.4
249.386,205.0,13154.7
249.426,206.0,13157.0
249.467,206.0,13159.4
249.507,207.0,13161.7
249.545,208.0,13163.9
249.587,209.0,13166.3
249.625,211.0,13168.5
249.669,211.0,13171.1
249.712,212.0,13173.6
249.749,213.0,13175.8
249.786,214.0,13178.0
249.829,215.0,13180.5
249.866,215.0,13182.8
249.905,216.0,13185.1
249.947,216.0,13187.6
249.990,216.0,13190.2
250.029,215.0,13192.5
250.067,215.0,13194.8
250.107,214.0,13197.2
250.145,212.0,13199.4
250.185,211.0,13201.8
250.225,207.0,13204.1
250.269,207.0,13206.6
250.307,206.0,13208.8
250.348,205.0,13211.2
250.386,203.0,13213.3
250.427,201.0,13215.6
250.469,201.0,13217.9
250.509,200.0,13220.2
250.549,199.0,13222.4
250.587,198.0,13224.5
250.626,196.0,13226.6
250.667,196.0,13228.9
250.707,195.0,13231.0
250.748,194.0,13233.2
250.788,194.0,13235.4
250.830,193.0,13237.7
250.870,193.0,13239.8
250.910,192.0,13241.9
250.952,191.0,13244.2
250.994,191.0,13246.4
251.036,190.0,13248.6
251.085,190.0,13251.2
251.105,190.0,13252.3
251.146,190.0,13254.4
251.185,189.0,13256.5
251.225,189.0,13258.6
251.268,189.0,13260.8
251.306,189.0,13262.8
251.346,190.0,13264.9
251.386,190.0,13267.1
251.425,189.0,13269.1
251.468,189.0,13271.4
251.505,189.0,13273.3
251.546,189.0,13275.5
251.585,188.0,13277.5
251.626,187.0,13279.6
251.666,187.0,13281.7
251.709,187.0,13283.9
251.745,187.0,13285.8
251.786,186.0,13287.9
251.826,186.0,13290.0
251.865,185.0,13292.0
251.905,185.0,13294.1
251.947,184.0,13296.2
251.985,184.0,13298.2
252.026,184.0,13300.3
252.068,184.0,13302.4
252.106,184.0,13304.4
252.146,183.0,13306.4
252.187,183.0,13308.5
252.229,183.0,13310.6
252.266,183.0,13312.5
252.306,184.0,13314.5
252.347,184.0,13316.6
252.389,184.0,13318.8
252.426,184.0,13320.7
252.467,184.0,13322.8
252.507,184.0,13324.8
252.545,184.0,13326.7
252.586,184.0,13328.8
252.626,185.0,13330.9
252.665,185.0,13332.9
252.707,185.0,13335.1
252.748,185.0,13337.2
252.786,184.0,13339.1
252.826,183.0,13341.1
252.866,182.0,13343.2
252.905,182.0,13345.1
252.946,181.0,13347.2
252.987,180.0,13349.3
253.029,178.0,13351.4
253.066,178.0,13353.2
253.106,178.0,13355.2
253.147,177.0,13357.2
253.187,176.0,13359.1
253.228,175.0,13361.1
253.267,175.0,13363.0
253.306,175.0,13364.9
253.348,175.0,13367.0
253.388,175.0,13368.9
253.427,174.0,13370.8
253.467,174.0,13372.7
253.508,174.0,13374.7
253.547,173.0,13376.6
253.591,173.0,13378.7
253.627,173.0,13380.5
253.666,173.0,13382.3
253.713,174.0,13384.6
253.763,174.0,13387.0
253.796,173.0,13388.6
253.828,173.0,13390.1
253.878,172.0,13392.5
253.908,172.0,13394.0
253.944,171.0,13395.7
253.985,171.0,13397.6
254.024,170.0,13399.5
254.065,170.0,13401.4
254.107,169.0,13403.4
254.142,169.0,13405.0
254.185,168.0,13407.0
254.225,168.0,13408.9
254.264,168.0,13410.7
254.305,168.0,13412.6
254.344,168.0,13414.5
254.385,168.0,13416.4
254.424,167.0,13418.2
254.464,167.0,13420.0
254.504,167.0,13421.9
254.548,167.0,13423.9
254.585,167.0,13425.7
254.624,167.0,13427.5
254.662,167.0,13429.2
254.703,167.0,13431.1
254.744,167.0,13433.0
254.784,167.0,13434.9
254.824,167.0,13436.7
254.865,167.0,13438.7
254.903,167.0,13440.4
254.945,167.0,13442.4
254.985,168.0,13444.2
255.024,167.0,13446.0
255.064,167.0,13447.9
255.104,168.0,13449.8
255.142,168.0,13451.5
255.185,167.0,13453.5
255.223,168.0,13455.3
255.262,168.0,13457.1
255.305,168.0,13459.1
255.345,168.0,13461.0
255.386,168.0,13462.9
255.424,167.0,13464.7
255.465,167.0,13466.6
255.505,166.0,13468.4
255.544,166.0,13470.2
255.583,165.0,13472.0
255.624,165.0,13473.9
255.666,165.0,13475.8
255.702,165.0,13477.5
255.746,165.0,13479.5
255.788,164.0,13481.4
255.827,163.0,13483.2
255.870,163.0,13485.1
255.907,163.0,13486.8
255.949,162.0,13488.7
255.987,162.0,13490.4
256.026,161.0,13492.2
256.068,161.0,13494.0
256.110,161.0,13495.9
256.149,161.0,13497.7
256.185,160.0,13499.3
256.227,160.0,13501.1
256.267,160.0,13502.9
256.308,160.0,13504.7
256.347,159.0,13506.5
256.387,159.0,13508.2
256.427,159.0,13510.0
256.468,159.0,13511.8
256.507,159.0,13513.5
256.546,159.0,13515.2
256.588,159.0,13517.1
256.627,159.0,13518.8
256.666,159.0,13520.5
256.707,159.0,13522.4
256.749,159.0,13524.2
256.786,158.0,13525.8
256.824,159.0,13527.5
256.868,159.0,13529.5
256.907,159.0,13531.2
256.947,159.0,13532.9
256.987,158.0,13534.7
257.024,158.0,13536.3
257.065,158.0,13538.1
257.104,158.0,13539.8
257.144,158.0,13541.6
257.186,158.0,13543.4
257.226,158.0,13545.2
257.267,158.0,13547.0
257.308,159.0,13548.8
257.349,159.0,13550.6
257.384,159.0,13552.2
257.427,160.0,13554.1
257.468,160.0,13555.9
257.507,161.0,13557.6
257.551,161.0,13559.6
257.595,162.0,13561.6
257.630,164.0,13563.1
257.671,164.0,13565.0
257.711,165.0,13566.8
257.750,166.0,13568.6
257.792,167.0,13570.6
257.839,168.0,13572.8
257.871,169.0,13574.3
257.914,171.0,13576.3
257.944,172.0,13577.7
258.273,182.0,13593.9
258.297,183.0,13595.1
258.320,184.0,13596.3
258.341,185.0,13597.4
258.360,187.0,13598.3
258.383,187.0,13599.5
258.416,189.0,13601.3
258.503,190.0,13605.8
258.543,191.0,13608.0
258.584,192.0,13610.1
258.627,193.0,13612.4
258.677,194.0,13615.1
258.716,195.0,13617.2
258.759,196.0,13619.6
258.801,197.0,13621.9
258.846,197.0,13624.3
258.886,197.0,13626.5
258.929,197.0,13628.9
258.970,196.0,13631.1
259.013,193.0,13633.4
259.053,193.0,13635.6
259.098,191.0,13638.0
259.137,189.0,13640.0
259.178,187.0,13642.2
259.218,182.0,13644.2
259.258,182.0,13646.2
259.300,180.0,13648.4
259.337,177.0,13650.2
259.378,175.0,13652.2
259.420,169.0,13654.2
259.462,169.0,13656.2
259.502,167.0,13658.0
259.539,164.0,13659.7
259.584,162.0,13661.8
259.621,157.0,13663.4
259.662,157.0,13665.2
259.702,155.0,13666.9
259.744,152.0,13668.7
259.783,149.0,13670.4
259.825,148.0,13672.1
259.864,146.0,13673.7
259.905,143.0,13675.3
259.944,142.0,13676.9
259.987,140.0,13678.6
260.024,137.0,13680.0
260.065,137.0,13681.5
260.104,135.0,13683.0
260.144,134.0,13684.5
260.185,133.0,13686.0
260.225,131.0,13687.5
260.265,131.0,13689.0
260.304,131.0,13690.4
260.348,130.0,13692.0
260.385,130.0,13693.3
260.425,130.0,13694.7
260.465,130.0,13696.2
260.504,130.0,13697.6
260.545,130.0,13699.1
260.586,129.0,13700.6
260.625,129.0,13702.0
260.665,129.0,13703.4
260.704,129.0,13704.8
260.745,130.0,13706.3
260.785,129.0,13707.7
260.828,129.0,13709.2
260.869,130.0,13710.7
260.908,131.0,13712.1
260.952,131.0,13713.7
260.985,132.0,13714.9
261.030,133.0,13716.6
261.064,133.0,13717.8
261.107,133.0,13719.4
261.156,134.0,13721.3
261.190,134.0,13722.5
261.230,133.0,13724.0
261.273,133.0,13725.6
261.310,133.0,13727.0
261.344,133.0,13728.2
261.384,133.0,13729.7
261.426,133.0,13731.2
261.464,133.0,13732.6
261.505,133.0,13734.2
261.545,133.0,13735.6
261.585,132.0,13737.1
261.624,132.0,13738.5
261.665,132.0,13740.0
261.705,131.0,13741.5
261.744,131.0,13742.9
261.785,131.0,13744.4
261.825,132.0,13745.9
261.865,132.0,13747.3
261.904,132.0,13748.8
261.944,133.0,13750.2
261.986,133.0,13751.8
262.025,135.0,13753.2
262.065,135.0,13754.7
262.105,136.0,13756.3
262.144,137.0,13757.7
262.186,137.0,13759.3
262.225,139.0,13760.8
262.265,139.0,13762.4
262.305,140.0,13763.9
262.345,141.0,13765.5
262.384,141.0,13767.0
262.425,142.0,13768.6
262.465,142.0,13770.2
262.505,143.0,13771.8
262.544,143.0,13773.3
262.588,144.0,13775.1
262.625,146.0,13776.6
262.665,146.0,13778.2
262.705,147.0,13779.8
262.745,148.0,13781.5
262.785,148.0,13783.1
262.825,149.0,13784.8
262.864,149.0,13786.4
262.905,150.0,13788.1
262.945,151.0,13789.7
262.985,152.0,13791.4
263.025,154.0,13793.1
263.066,154.0,13794.9
263.105,155.0,13796.6
263.146,157.0,13798.3
263.190,158.0,13800.3
263.232,159.0,13802.1
263.287,160.0,13804.5
263.327,161.0,13806.3
263.359,162.0,13807.8
263.382,163.0,13808.8
263.423,165.0,13810.7
263.464,165.0,13812.6
263.503,166.0,13814.3
263.544,167.0,13816.2
263.583,168.0,13818.1
263.627,170.0,13820.1
263.667,170.0,13822.0
263.702,171.0,13823.7
263.743,172.0,13825.6
263.783,173.0,13827.5
263.824,175.0,13829.5
263.863,176.0,13831.4
263.903,176.0,13833.4
263.942,177.0,13835.3
263.984,178.0,13837.4
264.024,180.0,13839.3
264.063,180.0,13841.3
264.107,182.0,13843.5
264.146,183.0,13845.5
264.182,184.0,13847.3
264.222,185.0,13849.4
264.264,185.0,13851.5
264.303,185.0,13853.5
264.342,185.0,13855.5
264.383,184.0,13857.6
264.422,181.0,13859.6
264.464,181.0,13861.7
264.503,180.0,13863.7
264.546,179.0,13865.8
264.586,177.0,13867.8
264.623,174.0,13869.6
264.663,174.0,13871.5
264.703,172.0,13873.5
264.744,170.0,13875.4
264.784,168.0,13877.3
264.822,167.0,13879.1
264.863,165.0,13880.9
264.903,163.0,13882.8
264.942,162.0,13884.5
264.983,160.0,13886.4
265.025,157.0,13888.2
265.068,157.0,13890.1
265.103,155.0,13891.6
265.144,154.0,13893.4
265.185,153.0,13895.1
265.224,150.0,13896.8
265.265,150.0,13898.5
265.304,148.0,13900.1
265.344,148.0,13901.7
265.384,147.0,13903.4
265.424,144.0,13905.0
265.465,144.0,13906.6
265.506,143.0,13908.3
265.546,143.0,13909.8
265.586,142.0,13911.4
265.625,142.0,13913.0
265.665,142.0,13914.5
265.705,142.0,13916.1
265.744,142.0,13917.7
265.784,141.0,13919.2
265.825,141.0,13920.8
265.868,140.0,13922.5
265.904,140.0,13923.9
265.947,139.0,13925.6
265.984,139.0,13927.0
266.026,138.0,13928.6
266.070,138.0,13930.3
266.104,138.0,13931.6
266.394,138.0,13942.7
266.428,137.0,13944.0
266.451,133.0,13944.9
266.496,133.0,13946.6
266.537,133.0,13948.1
266.577,132.0,13949.5
266.618,132.0,13951.0
266.660,132.0,13952.6
266.701,132.0,13954.1
266.739,131.0,13955.5
266.780,131.0,13957.0
266.821,131.0,13958.5
266.862,131.0,13960.0
266.902,131.0,13961.4
266.949,130.0,13963.1
266.986,130.0,13964.4
267.022,130.0,13965.7
267.063,130.0,13967.2
267.104,131.0,13968.7
267.144,131.0,13970.2
267.185,131.0,13971.7
267.223,131.0,13973.0
267.263,131.0,13974.5
267.306,131.0,13976.1
267.344,131.0,13977.4
267.385,132.0,13978.9
267.430,133.0,13980.6
267.465,133.0,13981.9
267.679,133.0,13989.8
267.704,134.0,13990.7
267.726,137.0,13991.6
267.745,138.0,13992.3
267.788,138.0,13993.9
267.827,139.0,13995.4
267.867,140.0,13997.0
267.907,141.0,13998.5
267.948,141.0,14000.1
267.999,142.0,14002.1
268.027,144.0,14003.3
268.067,144.0,14004.9
268.106,144.0,14006.4
268.146,145.0,14008.0
268.184,146.0,14009.6
268.223,148.0,14011.2
268.263,148.0,14012.8
268.304,148.0,14014.5
268.345,149.0,14016.2
268.387,150.0,14017.9
268.428,152.0,14019.6
268.462,152.0,14021.1
268.502,152.0,14022.8
268.544,153.0,14024.5
268.583,154.0,14026.2
268.622,156.0,14027.9
268.664,156.0,14029.7
268.706,157.0,14031.5
268.744,158.0,14033.2
268.782,159.0,14034.9
268.823,160.0,14036.7
268.863,161.0,14038.5
268.904,162.0,14040.3
268.943,163.0,14042.1
268.983,164.0,14043.9
269.023,166.0,14045.7
269.062,166.0,14047.5
269.104,167.0,14049.5
269.143,168.0,14051.3
269.183,168.0,14053.1
269.225,169.0,14055.1
269.265,169.0,14057.0
269.303,170.0,14058.8
269.343,171.0,14060.7
269.382,172.0,14062.5
269.422,173.0,14064.4
269.462,173.0,14066.4
269.504,174.0,14068.4
269.545,173.0,14070.4
269.582,173.0,14072.1
269.628,170.0,14074.3
269.665,170.0,14076.1
269.705,168.0,14078.0
269.743,166.0,14079.7
269.784,164.0,14081.6
269.823,162.0,14083.4
269.863,160.0,14085.2
269.904,158.0,14087.0
269.944,156.0,14088.7
269.986,154.0,14090.5
270.032,150.0,14092.5
270.065,150.0,14093.8
270.112,148.0,14095.8
270.149,146.0,14097.3
270.184,144.0,14098.7
270.226,141.0,14100.4
270.265,141.0,14101.9
270.305,139.0,14103.4
270.345,138.0,14105.0
270.389,137.0,14106.7
270.425,135.0,14108.0
270.465,135.0,14109.5
270.508,134.0,14111.1
270.551,133.0,14112.7
270.585,133.0,14114.0
270.625,132.0,14115.5
270.665,132.0,14116.9
270.708,132.0,14118.5
270.751,132.0,14120.1
270.785,131.0,14121.3
270.825,131.0,14122.8
270.866,131.0,14124.3
270.905,130.0,14125.7
270.946,130.0,14127.2
270.984,130.0,14128.5
271.027,128.0,14130.1
271.067,128.0,14131.5
271.104,128.0,14132.8
271.145,128.0,14134.3
271.186,127.0,14135.7
271.225,125.0,14137.1
271.265,125.0,14138.5
271.306,125.0,14139.9
271.346,125.0,14141.3
271.387,124.0,14142.7
271.424,123.0,14144.0
271.468,123.0,14145.5
271.504,122.0,14146.7
271.544,122.0,14148.1
271.585,122.0,14149.4
271.625,121.0,14150.8
271.664,121.0,14152.1
271.705,121.0,14153.5
271.746,121.0,14154.9
271.785,121.0,14156.2
271.824,121.0,14157.5
271.869,121.0,14159.0
271.909,122.0,14160.3
271.946,123.0,14161.6
271.984,124.0,14162.9
272.028,126.0,14164.4
272.069,126.0,14165.9
272.109,127.0,14167.3
272.147,127.0,14168.6
272.188,128.0,14170.1
272.226,129.0,14171.4
272.265,129.0,14172.8
272.305,130.0,14174.3
272.350,131.0,14175.9
272.386,132.0,14177.2
272.424,134.0,14178.6
272.465,134.0,14180.1
272.504,135.0,14181.6
272.545,135.0,14183.1
272.584,136.0,14184.6
272.624,138.0,14186.1
272.665,138.0,14187.7
272.704,139.0,14189.2
272.745,141.0,14190.8
272.812,142.0,14193.4
272.839,143.0,14194.5
272.867,143.0,14195.6
272.905,145.0,14197.1
272.945,146.0,14198.7
272.985,147.0,14200.4
273.025,150.0,14202.0
273.065,150.0,14203.7
273.106,151.0,14205.4
273.145,152.0,14207.0
273.185,154.0,14208.7
273.224,156.0,14210.4
273.269,156.0,14212.4
273.307,158.0,14214.0
273.345,159.0,14215.7
273.386,160.0,14217.5
273.424,163.0,14219.2
273.465,163.0,14221.1
273.504,165.0,14222.9
273.544,166.0,14224.7
273.585,167.0,14226.6
273.624,170.0,14228.4
273.665,170.0,14230.4
273.705,171.0,14232.2
273.746,172.0,14234.2
273.786,173.0,14236.1
273.826,174.0,14238.0
273.869,175.0,14240.1
273.905,177.0,14241.9
273.944,178.0,14243.8
273.984,179.0,14245.8
274.027,182.0,14248.0
274.070,182.0,14250.1
274.121,183.0,14252.7
274.147,183.0,14254.0
274.187,184.0,14256.1
274.224,187.0,14258.0
274.264,187.0,14260.1
274.304,188.0,14262.1
274.345,189.0,14264.3
274.382,190.0,14266.2
274.424,191.0,14268.5
274.463,191.0,14270.5
274.503,192.0,14272.7
274.543,192.0,14274.8
274.583,191.0,14276.9
274.623,188.0,14279.0
274.664,188.0,14281.2
274.704,187.0,14283.2
274.745,185.0,14285.4
274.789,183.0,14287.6
274.823,181.0,14289.3
274.863,179.0,14291.3
274.904,178.0,14293.4
274.944,175.0,14295.3
274.982,173.0,14297.2
275.023,169.0,14299.1
275.063,169.0,14301.0
275.102,167.0,14302.8
275.144,165.0,14304.7
275.183,163.0,14306.5
275.229,158.0,14308.6
275.269,158.0,14310.3
275.304,157.0,14311.9
275.342,155.0,14313.5
275.384,153.0,14315.3
275.424,149.0,14317.0
275.464,149.0,14318.6
275.502,147.0,14320.2
275.544,145.0,14321.9
275.583,144.0,14323.5
275.623,142.0,14325.1
275.663,142.0,14326.6
275.709,140.0,14328.4
275.743,140.0,14329.8
275.783,139.0,14331.3
275.823,138.0,14332.8
275.864,137.0,14334.4
275.903,136.0,14335.9
275.943,136.0,14337.4
275.984,135.0,14338.9
276.025,133.0,14340.5
276.065,133.0,14341.9
276.107,133.0,14343.5
276.146,132.0,14344.9
276.185,130.0,14346.4
276.228,129.0,14347.9
276.269,129.0,14349.4
276.305,128.0,14350.7
276.346,126.0,14352.1
276.385,125.0,14353.5
276.426,122.0,14354.9
276.466,122.0,14356.2
276.505,121.0,14357.5
276.544,120.0,14358.8
276.587,119.0,14360.3
276.625,117.0,14361.5
276.665,117.0,14362.8
276.704,117.0,14364.1
276.749,116.0,14365.5
276.789,116.0,14366.8
276.827,115.0,14368.0
276.864,115.0,14369.2
276.906,114.0,14370.6
276.945,114.0,14371.8
276.987,114.0,14373.1
277.025,116.0,14374.3
277.370,116.0,14385.5
277.405,116.0,14386.6
277.436,116.0,14387.6
277.464,116.0,14388.5
277.506,117.0,14389.9
277.545,117.0,14391.1
277.586,118.0,14392.5
277.625,119.0,14393.7
277.670,119.0,14395.2
277.705,120.0,14396.4
277.746,120.0,14397.8
277.786,121.0,14399.1
277.830,121.0,14400.6
277.867,122.0,14401.8
277.905,123.0,14403.1
277.945,124.0,14404.5
277.986,125.0,14405.9
278.027,127.0,14407.3
278.068,127.0,14408.8
278.109,128.0,14410.2
278.149,128.0,14411.7
278.189,129.0,14413.1
278.230,130.0,14414.6
278.265,130.0,14415.8
278.304,131.0,14417.2
278.346,132.0,14418.8
278.387,133.0,14420.3
278.425,134.0,14421.7
278.465,134.0,14423.2
278.506,134.0,14424.7
278.545,135.0,14426.2
278.585,135.0,14427.7
278.625,138.0,14429.2
278.667,138.0,14430.8
278.705,139.0,14432.3
278.746,140.0,14433.8
278.789,140.0,14435.5
278.826,142.0,14437.0
278.865,143.0,14438.5
278.906,143.0,14440.1
278.946,145.0,14441.7
278.987,145.0,14443.4
279.025,147.0,14444.9
279.064,147.0,14446.5
279.105,148.0,14448.2
279.146,149.0,14449.9
279.187,150.0,14451.6
279.226,152.0,14453.2
279.266,152.0,14454.9
279.309,152.0,14456.7
279.345,154.0,14458.3
279.385,155.0,14460.0
279.425,156.0,14461.7
279.465,156.0,14463.4
279.505,157.0,14465.2
279.544,157.0,14466.9
279.586,158.0,14468.7
279.625,160.0,14470.4
279.665,160.0,14472.2
279.710,161.0,14474.2
279.746,162.0,14475.8
279.784,163.0,14477.6
279.824,164.0,14479.4
279.867,164.0,14481.3
279.904,165.0,14483.0
279.947,166.0,14485.0
279.987,166.0,14486.8
280.024,169.0,14488.6
280.070,169.0,14490.7
280.110,169.0,14492.6
280.152,170.0,14494.6
280.203,171.0,14497.0
280.231,173.0,14498.3
280.263,173.0,14499.9
280.302,174.0,14501.8
280.343,175.0,14503.7
280.383,176.0,14505.7
280.423,178.0,14507.7
280.464,178.0,14509.7
280.505,180.0,14511.7
280.543,181.0,14513.6
280.584,182.0,14515.7
280.624,182.0,14517.7
280.662,183.0,14519.6
280.704,184.0,14521.8
280.744,185.0,14523.8
280.782,186.0,14525.8
280.824,189.0,14528.0
280.866,189.0,14530.2
280.904,190.0,14532.2
280.944,190.0,14534.3
280.984,191.0,14536.4
281.023,194.0,14538.5
281.064,194.0,14540.7
281.103,194.0,14542.8
281.145,194.0,14545.1
281.183,193.0,14547.1
281.224,191.0,14549.3
281.264,191.0,14551.4
281.304,189.0,14553.5
281.344,188.0,14555.6
281.384,186.0,14557.7
281.426,181.0,14559.8
281.468,181.0,14562.0
281.505,179.0,14563.8
281.542,177.0,14565.6
281.582,175.0,14567.6
281.625,170.0,14569.7
281.664,170.0,14571.5
281.704,167.0,14573.4
281.743,164.0,14575.2
281.789,162.0,14577.2
281.825,156.0,14578.8
281.863,156.0,14580.5
281.903,154.0,14582.2
281.945,152.0,14584.0
281.985,150.0,14585.7
282.024,146.0,14587.3
282.066,146.0,14589.0
282.107,144.0,14590.6
282.146,142.0,14592.2
282.190,140.0,14593.9
282.225,138.0,14595.2
282.266,138.0,14596.8
282.307,136.0,14598.4
282.345,135.0,14599.8
282.386,134.0,14601.3
282.428,133.0,14602.9
282.466,133.0,14604.3
282.506,132.0,14605.8
282.546,131.0,14607.2
282.588,130.0,14608.8
282.628,129.0,14610.2
282.666,129.0,14611.6
282.706,128.0,14613.0
282.749,128.0,14614.5
282.787,128.0,14615.9
282.826,125.0,14617.2
282.869,125.0,14618.7
282.906,124.0,14620.0
282.947,124.0,14621.4
282.988,123.0,14622.8
283.028,122.0,14624.2
283.066,122.0,14625.5
283.107,121.0,14626.9
283.148,120.0,14628.2
283.191,120.0,14629.7
283.227,119.0,14630.9
283.266,119.0,14632.2
283.309,118.0,14633.6
283.349,117.0,14634.9
283.386,116.0,14636.1
283.427,115.0,14637.4
283.466,115.0,14638.6
283.507,114.0,14639.9
283.550,114.0,14641.3
283.589,113.0,14642.5
283.628,112.0,14643.7
283.667,112.0,14645.0
283.707,111.0,14646.2
283.748,110.0,14647.5
283.787,110.0,14648.6
283.831,109.0,14650.0
283.868,109.0,14651.1
283.907,108.0,14652.3
283.946,107.0,14653.4
283.986,107.0,14654.6
284.024,106.0,14655.8
284.073,106.0,14657.2
284.111,105.0,14658.3
284.152,105.0,14659.5
284.192,105.0,14660.7
284.228,107.0,14661.7
284.269,107.0,14663.0
284.307,107.0,14664.1
284.348,108.0,14665.3
284.386,108.0,14666.5
284.426,109.0,14667.7
284.468,109.0,14668.9
284.505,110.0,14670.1
284.546,111.0,14671.3
284.585,111.0,14672.5
284.626,112.0,14673.8
284.667,112.0,14675.1
284.705,112.0,14676.2
284.745,113.0,14677.5
284.786,113.0,14678.8
284.827,115.0,14680.1
284.867,115.0,14681.4
284.906,116.0,14682.6
284.946,117.0,14683.9
284.986,119.0,14685.2
285.028,121.0,14686.6
285.066,121.0,14687.9
285.105,123.0,14689.2
285.145,125.0,14690.6
285.189,126.0,14692.1
285.226,129.0,14693.4
285.266,129.0,14694.9
285.308,131.0,14696.4
285.347,132.0,14697.8
285.386,134.0,14699.2
285.429,137.0,14700.9
285.466,137.0,14702.3
285.505,138.0,14703.8
285.546,140.0,14705.3
285.586,140.0,14706.9
285.626,142.0,14708.5
285.665,142.0,14710.0
285.747,145.0,14713.3
285.785,146.0,14714.8
285.828,147.0,14716.6
285.866,148.0,14718.1
285.906,149.0,14719.8
285.947,149.0,14721.5
285.986,150.0,14723.1
286.025,153.0,14724.7
286.073,153.0,14726.8
286.111,153.0,14728.4
286.151,154.0,14730.1
286.193,154.0,14731.9
286.242,156.0,14734.0
286.269,156.0,14735.2
286.305,156.0,14736.7
286.343,157.0,14738.4
286.385,157.0,14740.2
286.425,157.0,14742.0
286.464,157.0,14743.7
286.503,157.0,14745.4
286.545,158.0,14747.2
286.584,158.0,14748.9
286.901,159.0,14762.9
286.924,159.0,14763.9
286.953,160.0,14765.2
286.983,164.0,14766.5
287.023,166.0,14768.3
287.065,166.0,14770.3
287.102,168.0,14772.0
287.142,168.0,14773.9
287.184,169.0,14775.8
287.229,170.0,14777.9
287.264,170.0,14779.6
287.303,171.0,14781.4
287.345,172.0,14783.4
287.383,173.0,14785.3
287.424,175.0,14787.3
287.462,175.0,14789.1
287.505,176.0,14791.2
287.544,177.0,14793.1
287.589,178.0,14795.3
287.626,180.0,14797.2
287.664,180.0,14799.1
287.703,181.0,14801.0
287.744,182.0,14803.1
287.784,183.0,14805.1
287.824,184.0,14807.2
287.865,185.0,14809.3
287.906,186.0,14811.4
287.944,187.0,14813.3
287.988,188.0,14815.6
288.024,190.0,14817.5
288.066,190.0,14819.7
288.106,191.0,14821.9
288.147,192.0,14824.0
288.189,193.0,14826.3
288.226,195.0,14828.3
288.268,195.0,14830.5
288.308,196.0,14832.7
288.345,197.0,14834.7
288.388,198.0,14837.1
288.427,199.0,14839.2
288.468,199.0,14841.5
288.507,200.0,14843.7
288.546,201.0,14845.8
288.586,201.0,14848.1
288.626,203.0,14850.3
288.666,203.0,14852.6
288.709,203.0,14855.0
288.748,204.0,14857.2
288.788,204.0,14859.5
288.829,204.0,14861.8
288.868,205.0,14864.0
288.909,205.0,14866.4
288.947,206.0,14868.5
288.988,207.0,14870.9
289.028,207.0,14873.2
289.068,207.0,14875.5
289.108,208.0,14877.8
289.147,208.0,14880.0
289.188,208.0,14882.4
289.230,209.0,14884.8
289.268,209.0,14887.0
289.310,209.0,14889.5
289.352,209.0,14891.9
289.387,209.0,14893.9
289.430,209.0,14896.4
289.481,209.0,14899.4
289.509,209.0,14901.0
289.546,209.0,14903.2
289.588,209.0,14905.6
289.626,210.0,14907.8
289.668,210.0,14910.3
289.708,210.0,14912.6
289.749,210.0,14915.0
289.790,211.0,14917.4
289.826,211.0,14919.5
289.869,212.0,14922.0
289.907,213.0,14924.3
289.946,213.0,14926.6
289.985,214.0,14928.9
290.027,215.0,14931.4
290.068,215.0,14933.9
290.110,216.0,14936.4
290.151,217.0,14938.8
290.190,217.0,14941.2
290.232,217.0,14943.7
290.271,217.0,14946.1
290.313,217.0,14948.6
290.366,217.0,14951.8
290.393,218.0,14953.4
290.430,219.0,14955.7
290.470,219.0,14958.1
290.504,219.0,14960.2
290.542,220.0,14962.5
290.585,220.0,14965.1
290.623,219.0,14967.4
290.663,219.0,14969.9
290.704,219.0,14972.4
290.744,220.0,14974.8
290.786,220.0,14977.4
290.825,220.0,14979.7
290.863,222.0,14982.1
290.904,223.0,14984.6
290.945,224.0,14987.2
290.982,226.0,14989.5
291.022,227.0,14992.0
291.065,227.0,14994.7
291.104,228.0,14997.2
291.144,228.0,14999.7
291.184,229.0,15002.2
291.225,230.0,15004.9
291.264,230.0,15007.3
291.303,230.0,15009.8
291.342,231.0,15012.3
291.383,231.0,15015.0
291.424,232.0,15017.6
291.462,232.0,15020.0
291.502,233.0,15022.6
291.544,234.0,15025.4
291.583,234.0,15027.9
291.625,236.0,15030.6
291.664,236.0,15033.2
291.705,236.0,15035.9
291.743,237.0,15038.4
291.785,237.0,15041.1
291.824,238.0,15043.7
291.863,238.0,15046.3
291.903,238.0,15048.9
291.944,239.0,15051.7
291.981,239.0,15054.1
292.023,240.0,15056.9
292.062,240.0,15059.5
292.104,240.0,15062.3
292.144,241.0,15065.0
292.183,241.0,15067.6
292.226,242.0,15070.5
292.263,242.0,15073.0
292.306,242.0,15075.8
292.345,243.0,15078.5
292.384,243.0,15081.1
292.427,244.0,15084.0
292.465,244.0,15086.6
292.505,244.0,15089.3
292.545,243.0,15092.0
292.584,243.0,15094.6
292.625,241.0,15097.4
292.665,241.0,15100.1
292.708,239.0,15102.9
292.745,237.0,15105.4
292.785,236.0,15108.0
292.825,234.0,15110.6
292.866,232.0,15113.3
292.909,230.0,15116.0
292.945,228.0,15118.3
292.985,226.0,15120.8
293.025,224.0,15123.3
293.066,224.0,15125.9
293.105,222.0,15128.3
293.144,221.0,15130.7
293.185,221.0,15133.2
293.229,220.0,15135.9
293.268,220.0,15138.3
293.305,219.0,15140.6
293.344,219.0,15142.9
293.385,219.0,15145.4
293.428,219.0,15148.0
293.467,219.0,15150.4
293.504,218.0,15152.7
293.547,217.0,15155.3
293.584,216.0,15157.5
293.624,213.0,15159.9
293.668,213.0,15162.5
293.706,212.0,15164.7
293.745,210.0,15167.0
293.784,208.0,15169.3
293.826,206.0,15171.7
293.865,204.0,15173.9
293.905,202.0,15176.2
293.945,199.0,15178.4
293.985,196.0,15180.6
294.025,191.0,15182.7
294.065,191.0,15184.9
294.105,189.0,15187.0
294.145,188.0,15189.1
294.189,186.0,15191.3
294.227,182.0,15193.3
294.266,182.0,15195.3
294.309,180.0,15197.4
294.349,179.0,15199.4
294.384,177.0,15201.1
294.425,175.0,15203.2
294.465,175.0,15205.1
294.505,175.0,15207.0
294.545,174.0,15209.0
294.586,173.0,15211.0
294.626,172.0,15212.9
294.665,172.0,15214.7
294.708,171.0,15216.8
294.744,171.0,15218.5
294.785,170.0,15220.4
294.959,169.0,15228.6
294.998,168.0,15230.5
295.034,164.0,15232.1
295.070,164.0,15233.8
295.114,163.0,15235.8
295.151,162.0,15237.4
295.190,161.0,15239.2
295.226,159.0,15240.8
295.268,159.0,15242.6
295.308,158.0,15244.4
295.343,158.0,15245.9
295.383,157.0,15247.7
295.425,156.0,15249.5
295.464,156.0,15251.2
295.503,155.0,15252.9
295.542,154.0,15254.5
295.583,153.0,15256.3
295.623,151.0,15258.0
295.663,151.0,15259.7
295.704,151.0,15261.4
295.747,150.0,15263.2
295.782,150.0,15264.6
295.823,150.0,15266.3
295.870,150.0,15268.3
295.903,150.0,15269.7
295.944,150.0,15271.4
295.984,151.0,15273.1
296.023,152.0,15274.7
296.063,152.0,15276.4
296.103,152.0,15278.1
296.144,152.0,15279.8
296.360,153.0,15289.0
296.384,153.0,15290.0
296.411,153.0,15291.1
296.439,155.0,15292.3
296.468,155.0,15293.6
296.502,156.0,15295.0
296.544,156.0,15296.9
296.582,156.0,15298.5
296.624,158.0,15300.3
296.663,158.0,15302.1
296.706,158.0,15303.9
296.746,158.0,15305.7
296.783,159.0,15307.3
296.824,160.0,15309.1
296.863,161.0,15310.9
296.903,161.0,15312.7
296.944,162.0,15314.5
296.984,162.0,15316.3
297.024,163.0,15318.1
297.063,163.0,15319.9
297.103,163.0,15321.7
297.146,163.0,15323.6
297.186,164.0,15325.5
297.226,164.0,15327.3
297.269,164.0,15329.2
297.306,165.0,15330.9
297.346,165.0,15332.8
297.384,165.0,15334.5
297.424,166.0,15336.3
297.465,166.0,15338.2
297.506,166.0,15340.1
297.545,167.0,15341.9
297.584,167.0,15343.7
297.624,168.0,15345.6
297.665,168.0,15347.5
297.705,169.0,15349.4
297.749,170.0,15351.5
297.787,170.0,15353.2
297.824,171.0,15355.0
297.864,172.0,15356.9
297.904,173.0,15358.8
297.945,174.0,15360.8
297.984,174.0,15362.7
298.026,177.0,15364.7
298.067,177.0,15366.7
298.104,177.0,15368.6
298.147,178.0,15370.7
298.187,180.0,15372.7
298.225,181.0,15374.6
298.264,181.0,15376.5
298.305,182.0,15378.6
298.344,184.0,15380.6
298.385,185.0,15382.7
298.426,186.0,15384.8
298.466,186.0,15386.9
298.505,187.0,15388.9
298.546,188.0,15391.0
298.589,188.0,15393.3
298.625,189.0,15395.2
298.664,189.0,15397.2
298.705,189.0,15399.4
298.745,189.0,15401.5
298.784,189.0,15403.5
298.826,189.0,15405.7
298.866,189.0,15407.8
298.904,189.0,15409.8
298.946,189.0,15412.0
298.990,189.0,15414.3
299.031,190.0,15416.5
299.065,190.0,15418.3
299.106,190.0,15420.4
299.147,190.0,15422.6
299.189,190.0,15424.8
299.233,190.0,15427.1
299.268,190.0,15429.0
299.306,190.0,15431.0
299.345,190.0,15433.1
299.384,190.0,15435.1
299.425,190.0,15437.3
299.465,190.0,15439.4
299.508,190.0,15441.7
299.550,191.0,15443.9
299.585,192.0,15445.7
299.625,193.0,15447.9
299.665,193.0,15450.0
299.704,194.0,15452.1
299.747,194.0,15454.4
299.785,195.0,15456.5
299.825,195.0,15458.7
299.869,196.0,15461.0
299.904,196.0,15462.9
299.945,197.0,15465.2
299.987,198.0,15467.5
300.025,199.0,15469.6
300.065,199.0,15471.8
300.105,199.0,15474.0
300.143,199.0,15476.1
300.184,200.0,15478.4
300.225,201.0,15480.7
300.275,201.0,15483.5
300.304,202.0,15485.1
300.345,202.0,15487.4
300.385,202.0,15489.6
300.425,203.0,15491.9
300.464,203.0,15494.1
300.505,204.0,15496.4
300.544,205.0,15498.6
300.583,205.0,15500.8
300.625,206.0,15503.2
300.664,206.0,15505.5
300.747,207.0,15510.2
300.777,207.0,15511.9
300.801,208.0,15513.3
300.824,209.0,15514.7
300.864,209.0,15517.0
300.904,210.0,15519.3
300.944,210.0,15521.6
300.984,211.0,15524.0
301.024,213.0,15526.3
301.065,213.0,15528.8
301.105,214.0,15531.1
301.147,215.0,15533.6
301.188,216.0,15536.1
301.227,217.0,15538.4
301.267,217.0,15540.8
301.307,218.0,15543.3
301.346,219.0,15545.6
301.384,220.0,15547.9
301.423,221.0,15550.3
301.465,221.0,15552.9
301.502,222.0,15555.2
301.544,222.0,15557.8
301.583,223.0,15560.2
301.624,225.0,15562.7
301.664,225.0,15565.2
301.702,225.0,15567.6
301.742,226.0,15570.1
301.783,226.0,15572.7
301.823,227.0,15575.2
301.864,227.0,15577.8
301.904,228.0,15580.3
301.943,227.0,15582.8
301.984,227.0,15585.4
302.024,227.0,15587.9
302.063,227.0,15590.4
302.108,226.0,15593.2
302.151,226.0,15595.9
302.183,226.0,15597.9
302.222,227.0,15600.4
302.264,227.0,15603.0
302.304,227.0,15605.5
302.342,226.0,15607.9
302.383,226.0,15610.5
302.424,226.0,15613.1
302.462,226.0,15615.4
302.503,226.0,15618.0
302.544,226.0,15620.6
302.589,225.0,15623.4
302.624,225.0,15625.6
302.663,225.0,15628.0
302.703,225.0,15630.5
302.744,225.0,15633.1
302.784,225.0,15635.6
302.823,225.0,15638.0
302.863,225.0,15640.5
302.904,225.0,15643.1
302.943,225.0,15645.5
302.983,225.0,15648.0
303.031,225.0,15651.0
303.063,225.0,15653.0
303.103,225.0,15655.5
303.143,225.0,15658.0
303.184,225.0,15660.6
303.225,225.0,15663.2
303.265,225.0,15665.7
303.304,225.0,15668.1
303.345,225.0,15670.7
303.385,225.0,15673.2
303.425,225.0,15675.7
303.467,225.0,15678.3
303.511,226.0,15681.0
303.545,226.0,15683.2
303.584,225.0,15685.6
303.625,226.0,15688.2
303.665,226.0,15690.7
303.704,226.0,15693.2
303.744,226.0,15695.7
303.784,227.0,15698.2
303.824,227.0,15700.7
303.866,228.0,15703.4
303.911,228.0,15706.2
303.946,229.0,15708.4
303.986,230.0,15711.0
304.029,231.0,15713.7
304.064,231.0,15716.0
304.105,231.0,15718.6
304.145,231.0,15721.2
304.186,231.0,15723.8
304.226,230.0,15726.4
304.265,230.0,15728.9
304.312,229.0,15731.9
304.348,228.0,15734.1
304.385,227.0,15736.5
304.426,226.0,15739.1
304.465,226.0,15741.5
304.506,225.0,15744.1
304.546,225.0,15746.6
304.585,224.0,15749.0
304.626,222.0,15751.5
304.665,222.0,15753.9
304.705,222.0,15756.4
304.751,221.0,15759.2
304.785,220.0,15761.3
304.827,219.0,15763.9
304.865,219.0,15766.2
304.904,218.0,15768.6
304.944,218.0,15771.0
304.986,217.0,15773.5
305.025,214.0,15775.9
305.065,214.0,15778.2
305.105,213.0,15780.6
305.144,213.0,15782.9
305.189,212.0,15785.6
305.228,211.0,15787.9
305.269,211.0,15790.3
305.307,211.0,15792.5
305.348,211.0,15794.9
305.386,211.0,15797.1
305.425,211.0,15799.4
305.464,211.0,15801.7
305.505,211.0,15804.1
305.545,210.0,15806.4
305.584,210.0,15808.7
305.624,211.0,15811.1
305.665,211.0,15813.5
305.705,211.0,15815.8
306.036,211.0,15835.2
306.069,212.0,15837.1
306.090,213.0,15838.4
306.131,214.0,15840.8
306.173,214.0,15843.3
306.214,215.0,15845.8
306.255,215.0,15848.2
306.301,216.0,15851.0
306.340,216.0,15853.3
306.381,216.0,15855.8
306.422,217.0,15858.2
306.465,217.0,15860.8
306.502,218.0,15863.0
306.542,218.0,15865.5
306.582,219.0,15867.9
306.623,219.0,15870.4
306.665,219.0,15872.9
306.704,219.0,15875.3
306.745,219.0,15877.8
306.787,220.0,15880.4
306.824,221.0,15882.6
306.864,221.0,15885.1
306.904,222.0,15887.6
306.943,222.0,15890.0
306.985,223.0,15892.6
307.024,223.0,15895.0
307.064,223.0,15897.5
307.105,223.0,15900.0
307.144,224.0,15902.4
307.188,225.0,15905.2
307.242,225.0,15908.5
307.271,225.0,15910.3
307.309,225.0,15912.7
307.348,226.0,15915.2
307.383,226.0,15917.4
307.423,227.0,15919.9
307.463,227.0,15922.4
307.505,228.0,15925.1
307.546,228.0,15927.6
307.583,228.0,15930.0
307.622,229.0,15932.5
307.664,229.0,15935.1
307.705,229.0,15937.7
307.744,230.0,15940.2
307.789,231.0,15943.1
307.826,232.0,15945.5
307.866,232.0,15948.1
307.902,233.0,15950.4
307.944,233.0,15953.1
307.984,234.0,15955.7
308.024,235.0,15958.3
308.064,235.0,15960.9
308.101,236.0,15963.3
308.143,237.0,15966.1
308.183,238.0,15968.7
308.224,239.0,15971.5
308.263,239.0,15974.0
308.305,239.0,15976.8
308.343,240.0,15979.4
308.383,241.0,15982.0
308.423,242.0,15984.7
308.464,242.0,15987.5
308.548,242.0,15993.1
308.566,242.0,15994.3
308.585,243.0,15995.6
308.624,243.0,15998.2
308.664,243.0,16000.9
308.703,244.0,16003.6
308.748,245.0,16006.6
308.784,245.0,16009.1
308.824,246.0,16011.8
308.863,246.0,16014.5
308.903,246.0,16017.2
308.944,247.0,16020.0
308.984,247.0,16022.8
309.023,248.0,16025.5
309.063,248.0,16028.2
309.102,248.0,16030.9
309.144,248.0,16033.8
309.185,249.0,16036.6
309.225,249.0,16039.4
309.269,249.0,16042.4
309.309,249.0,16045.2
309.345,249.0,16047.7
309.384,249.0,16050.4
309.429,249.0,16053.5
309.466,249.0,16056.1
309.506,250.0,16058.8
309.544,250.0,16061.5
309.584,251.0,16064.2
309.627,252.0,16067.3
309.665,252.0,16069.9
309.704,253.0,16072.6
309.746,253.0,16075.6
309.786,253.0,16078.4
309.825,254.0,16081.2
309.865,254.0,16084.0
309.905,255.0,16086.8
309.944,255.0,16089.6
309.984,255.0,16092.4
310.026,256.0,16095.4
310.066,256.0,16098.2
310.109,256.0,16101.3
310.146,257.0,16103.9
310.184,257.0,16106.6
310.226,258.0,16109.6
310.269,258.0,16112.7
310.305,259.0,16115.3
310.345,259.0,16118.2
310.386,260.0,16121.1
310.427,261.0,16124.1
310.467,261.0,16127.0
310.506,261.0,16129.8
310.545,262.0,16132.7
310.590,262.0,16135.9
310.625,263.0,16138.5
310.664,263.0,16141.3
310.705,264.0,16144.3
310.745,264.0,16147.3
310.784,264.0,16150.1
310.824,265.0,16153.1
310.866,265.0,16156.2
310.906,266.0,16159.1
310.945,266.0,16162.0
310.986,267.0,16165.0
311.030,267.0,16168.3
311.065,267.0,16170.9
311.111,267.0,16174.3
311.144,268.0,16176.8
311.188,268.0,16180.0
311.227,269.0,16182.9
311.266,269.0,16185.9
311.310,269.0,16189.1
311.350,269.0,16192.1
311.393,270.0,16195.3
311.438,271.0,16198.7
311.468,271.0,16201.0
311.507,271.0,16203.9
311.549,271.0,16207.1
311.589,271.0,16210.1
311.624,272.0,16212.7
311.662,272.0,16215.6
311.703,273.0,16218.7
311.743,273.0,16221.7
311.784,273.0,16224.9
311.823,274.0,16227.8
311.864,274.0,16230.9
311.904,275.0,16234.0
311.944,275.0,16237.0
311.982,275.0,16239.9
312.023,276.0,16243.1
312.064,276.0,16246.2
312.103,276.0,16249.2
312.144,276.0,16252.4
312.184,276.0,16255.4
312.223,278.0,16258.4
312.264,278.0,16261.6
312.303,279.0,16264.6
312.344,279.0,16267.8
312.384,278.0,16270.9
312.423,275.0,16273.9
312.463,275.0,16276.9
312.504,274.0,16280.1
312.542,272.0,16282.9
312.583,271.0,16286.0
312.623,269.0,16289.0
312.664,269.0,16292.1
312.703,268.0,16295.0
312.748,266.0,16298.3
312.783,265.0,16300.9
312.824,261.0,16303.9
312.863,261.0,16306.7
312.903,259.0,16309.6
312.945,257.0,16312.6
312.982,254.0,16315.3
313.023,248.0,16318.1
313.064,248.0,16321.0
313.103,245.0,16323.6
313.146,242.0,16326.5
313.190,240.0,16329.5
313.228,235.0,16332.0
313.264,235.0,16334.3
313.303,233.0,16336.9
313.343,230.0,16339.4
313.384,228.0,16342.1
313.425,224.0,16344.6
313.468,224.0,16347.3
313.505,222.0,16349.6
313.549,221.0,16352.3
313.588,218.0,16354.7
313.629,214.0,16357.1
313.667,214.0,16359.4
313.705,211.0,16361.6
313.745,209.0,16364.0
313.787,208.0,16366.4
313.825,207.0,16368.6
313.866,205.0,16370.9
313.906,203.0,16373.2
313.947,201.0,16375.5
313.986,200.0,16377.7
314.025,197.0,16379.8
314.065,197.0,16382.0
314.110,196.0,16384.5
314.211,195.0,16390.0
314.242,194.0,16391.6
314.283,192.0,16393.8
314.326,191.0,16396.1
314.369,190.0,16398.4
314.410,188.0,16400.6
314.463,188.0,16403.3
314.493,188.0,16404.9
314.541,187.0,16407.4
314.576,186.0,16409.2
314.618,185.0,16411.4
314.662,185.0,16413.6
314.702,184.0,16415.7
314.744,184.0,16417.8
314.783,184.0,16419.8
314.822,183.0,16421.8
314.866,182.0,16424.0
314.904,182.0,16426.0
314.943,182.0,16427.9
314.985,181.0,16430.0
315.027,182.0,16432.2
315.067,182.0,16434.2
315.107,181.0,16436.2
315.150,181.0,16438.4
315.189,180.0,16440.3
315.225,180.0,16442.1
315.268,180.0,16444.3
315.617,180.0,16461.7
315.646,179.0,16463.2
315.670,177.0,16464.3
315.705,176.0,16466.1
315.746,176.0,16468.1
315.787,175.0,16470.1
315.825,175.0,16471.9
315.867,175.0,16474.0
315.910,175.0,16476.0
315.947,174.0,16477.8
315.992,174.0,16480.0
316.031,174.0,16481.9
316.068,174.0,16483.7
316.108,174.0,16485.6
316.148,174.0,16487.6
316.187,173.0,16489.4
316.231,173.0,16491.5
316.271,173.0,16493.5
316.308,172.0,16495.2
316.350,172.0,16497.3
316.391,172.0,16499.2
316.424,173.0,16500.8
316.464,173.0,16502.7
316.510,173.0,16504.9
316.545,173.0,16506.6
316.584,173.0,16508.5
316.623,174.0,16510.4
316.663,174.0,16512.3
316.706,174.0,16514.4
316.745,174.0,16516.3
316.784,174.0,16518.1
316.823,175.0,16520.0
316.865,175.0,16522.1
316.905,175.0,16524.0
316.945,175.0,16526.0
316.989,175.0,16528.1
317.025,173.0,16529.8
317.064,173.0,16531.7
317.104,173.0,16533.6
317.144,172.0,16535.6
317.185,171.0,16537.5
317.225,168.0,16539.4
317.264,168.0,16541.2
317.305,167.0,16543.1
317.344,165.0,16544.9
317.384,164.0,16546.7
317.425,161.0,16548.6
317.465,161.0,16550.4
317.505,160.0,16552.2
317.549,158.0,16554.1
317.586,156.0,16555.7
317.623,153.0,16557.3
317.664,153.0,16559.1
317.704,151.0,16560.7
317.744,150.0,16562.4
317.786,149.0,16564.2
317.823,148.0,16565.7
317.864,146.0,16567.4
317.906,145.0,16569.1
317.946,144.0,16570.7
317.985,143.0,16572.2
318.025,141.0,16573.8
318.064,141.0,16575.3
318.109,141.0,16577.1
318.145,140.0,16578.5
318.183,140.0,16580.0
318.228,138.0,16581.7
318.266,138.0,16583.2
318.307,138.0,16584.7
318.347,137.0,16586.3
318.389,136.0,16587.9
318.428,136.0,16589.3
318.467,136.0,16590.8
318.510,135.0,16592.4
318.546,135.0,16593.8
318.585,134.0,16595.2
318.626,133.0,16596.7
318.667,133.0,16598.3
318.706,132.0,16599.7
318.746,132.0,16601.2
318.787,132.0,16602.7
318.828,131.0,16604.2
318.867,131.0,16605.6
318.907,131.0,16607.0
318.947,131.0,16608.5
318.989,130.0,16610.0
319.027,130.0,16611.4
319.067,130.0,16612.8
319.108,130.0,16614.3
319.148,130.0,16615.8
319.188,129.0,16617.2
319.228,130.0,16618.6
319.268,130.0,16620.1
319.308,130.0,16621.5
319.348,130.0,16623.0
319.388,131.0,16624.4
319.428,131.0,16625.9
319.468,131.0,16627.3
319.508,131.0,16628.8
319.548,131.0,16630.2
319.588,131.0,16631.7
319.626,132.0,16633.1
319.668,132.0,16634.6
319.709,132.0,16636.1
319.747,133.0,16637.5
319.787,133.0,16639.0
319.829,133.0,16640.6
319.867,133.0,16642.0
319.907,133.0,16643.4
319.946,134.0,16644.9
319.987,134.0,16646.4
320.027,135.0,16647.9
320.071,135.0,16649.6
320.108,136.0,16650.9
320.147,136.0,16652.4
320.185,137.0,16653.9
320.232,138.0,16655.7
320.309,138.0,16658.6
320.341,138.0,16659.8
320.377,140.0,16661.2
320.419,142.0,16662.9
320.455,142.0,16664.3
320.496,143.0,16665.9
320.536,144.0,16667.5
320.578,145.0,16669.2
320.621,147.0,16670.9
320.659,147.0,16672.5
320.699,148.0,16674.1
320.738,148.0,16675.7
320.781,149.0,16677.5
320.822,150.0,16679.2
320.861,151.0,16680.8
320.902,152.0,16682.6
320.941,153.0,16684.2
320.985,154.0,16686.1
321.022,155.0,16687.7
321.065,155.0,16689.5
321.104,156.0,16691.2
321.145,157.0,16693.0
321.183,158.0,16694.7
321.226,160.0,16696.6
321.263,160.0,16698.2
321.305,161.0,16700.1
321.343,162.0,16701.8
321.383,163.0,16703.6
321.425,164.0,16705.5
321.464,164.0,16707.3
321.505,166.0,16709.2
321.547,167.0,16711.1
321.589,168.0,16713.0
321.630,170.0,16715.0
321.666,170.0,16716.7
321.706,171.0,16718.6
321.745,172.0,16720.4
321.786,172.0,16722.4
321.825,173.0,16724.3
321.865,174.0,16726.2
321.908,175.0,16728.3
321.944,176.0,16730.0
321.986,177.0,16732.1
322.024,178.0,16734.0
322.067,178.0,16736.1
322.107,178.0,16738.1
322.146,179.0,16740.0
322.185,180.0,16741.9
322.227,183.0,16744.1
322.273,183.0,16746.4
322.311,184.0,16748.3
322.353,185.0,16750.5
322.392,186.0,16752.5
322.429,187.0,16754.4
322.463,187.0,16756.2
322.504,189.0,16758.3
322.546,190.0,16760.5
322.586,191.0,16762.6
322.624,193.0,16764.7
322.663,193.0,16766.8
322.703,194.0,16768.9
322.743,194.0,16771.1
322.785,193.0,16773.3
322.827,191.0,16775.6
322.863,191.0,16777.5
322.903,190.0,16779.6
322.944,188.0,16781.7
322.983,186.0,16783.8
323.025,182.0,16785.9
323.063,182.0,16787.8
323.103,180.0,16789.8
323.145,178.0,16791.9
323.183,176.0,16793.8
323.223,171.0,16795.7
323.263,171.0,16797.6
323.304,168.0,16799.6
323.342,166.0,16801.3
323.383,164.0,16803.2
323.423,159.0,16805.0
323.462,159.0,16806.7
323.503,157.0,16808.5
323.546,155.0,16810.4
323.584,153.0,16812.0
323.622,149.0,16813.6
323.664,149.0,16815.3
323.704,146.0,16817.0
323.744,144.0,16818.6
323.783,142.0,16820.1
323.823,140.0,16821.7
323.864,138.0,16823.3
323.904,136.0,16824.8
323.945,134.0,16826.3
323.984,133.0,16827.8
324.027,130.0,16829.4
324.064,130.0,16830.7
324.102,129.0,16832.1
324.142,128.0,16833.5
324.184,127.0,16835.0
324.222,125.0,16836.3
324.270,125.0,16838.0
324.309,124.0,16839.3
324.347,123.0,16840.6
324.385,122.0,16841.9
324.423,119.0,16843.2
324.467,119.0,16844.7
324.507,118.0,16846.0
324.545,117.0,16847.2
324.585,116.0,16848.5
324.624,114.0,16849.7
324.664,114.0,16851.0
324.704,113.0,16852.3
324.745,112.0,16853.6
324.784,111.0,16854.8
324.825,110.0,16856.0
325.141,110.0,16865.7
325.166,109.0,16866.4
325.190,109.0,16867.2
325.219,108.0,16868.0
325.259,108.0,16869.2
325.300,107.0,16870.5
325.340,107.0,16871.7
325.380,107.0,16872.8
325.421,106.0,16874.1
325.464,106.0,16875.3
325.503,106.0,16876.5
325.551,105.0,16877.9
325.583,104.0,16878.8
325.622,105.0,16879.9
325.663,105.0,16881.1
325.703,105.0,16882.3
325.744,105.0,16883.5
325.784,105.0,16884.7
325.824,105.0,16885.8
325.864,105.0,16887.0
325.904,106.0,16888.2
325.946,106.0,16889.4
325.985,106.0,16890.6
326.024,107.0,16891.7
326.065,107.0,16892.9
326.105,107.0,16894.1
326.144,108.0,16895.3
326.185,109.0,16896.5
326.226,109.0,16897.8
326.272,109.0,16899.2
326.313,109.0,16900.4
326.349,110.0,16901.5
326.399,110.0,16903.0
326.430,112.0,16904.0
326.469,112.0,16905.2
326.508,113.0,16906.4
326.551,113.0,16907.8
326.587,113.0,16908.9
326.634,116.0,16910.4
326.668,116.0,16911.5
326.705,117.0,16912.7
326.744,118.0,16913.9
326.785,119.0,16915.3
326.823,120.0,16916.6
326.864,121.0,16917.9
326.903,121.0,16919.2
326.946,122.0,16920.7
326.985,123.0,16922.0
327.025,125.0,16923.4
327.064,125.0,16924.7
327.105,127.0,16926.2
327.147,128.0,16927.7
327.186,130.0,16929.1
327.225,132.0,16930.5
327.265,132.0,16932.0
327.305,134.0,16933.4
327.346,135.0,16935.0
327.384,136.0,16936.4
327.424,139.0,16937.9
327.465,139.0,16939.5
327.504,141.0,16941.0
327.544,142.0,16942.6
327.585,143.0,16944.2
327.626,145.0,16945.9
327.665,145.0,16947.4
327.705,146.0,16949.0
327.749,147.0,16950.8
327.785,149.0,16952.3
327.824,150.0,16953.9
327.865,151.0,16955.6
327.904,152.0,16957.3
327.945,153.0,16959.0
327.985,154.0,16960.7
328.025,157.0,16962.5
328.065,157.0,16964.2
328.105,158.0,16966.0
328.144,159.0,16967.7
328.185,160.0,16969.5
328.225,162.0,16971.3
328.265,162.0,16973.1
328.305,163.0,16974.9
328.344,164.0,16976.7
328.384,165.0,16978.5
328.424,167.0,16980.3
328.466,167.0,16982.3
328.507,168.0,16984.2
328.546,169.0,16986.0
328.589,170.0,16988.0
328.627,172.0,16989.8
328.666,172.0,16991.7
328.704,173.0,16993.5
328.743,174.0,16995.4
328.784,175.0,16997.4
328.826,176.0,16999.4
328.865,177.0,17001.3
328.908,178.0,17003.5
329.217,179.0,17018.8
329.247,180.0,17020.3
329.278,182.0,17021.8
329.304,189.0,17023.2
329.343,189.0,17025.2
329.382,190.0,17027.3
329.421,192.0,17029.4
329.462,192.0,17031.5
329.503,192.0,17033.7
329.543,193.0,17035.9
329.584,194.0,17038.1
329.623,196.0,17040.2
329.664,196.0,17042.4
329.703,197.0,17044.5
329.743,198.0,17046.7
329.784,199.0,17049.0
329.823,200.0,17051.2
329.864,200.0,17053.4
329.904,201.0,17055.7
329.944,202.0,17057.9
329.985,203.0,17060.2
330.025,204.0,17062.5
330.064,204.0,17064.7
330.104,205.0,17067.0
330.146,206.0,17069.3
330.184,206.0,17071.5
330.225,208.0,17073.9
330.265,208.0,17076.2
330.307,209.0,17078.6
330.348,210.0,17081.0
330.385,211.0,17083.2
330.424,212.0,17085.5
330.467,212.0,17088.0
330.505,212.0,17090.2
330.545,213.0,17092.6
330.582,214.0,17094.8
330.624,215.0,17097.3
330.664,215.0,17099.7
330.704,216.0,17102.1
330.745,216.0,17104.5
330.786,217.0,17107.0
330.824,217.0,17109.3
330.866,218.0,17111.8
330.904,218.0,17114.1
330.945,219.0,17116.6
330.985,219.0,17119.1
331.025,220.0,17121.5
331.064,220.0,17123.9
331.104,221.0,17126.3
331.145,221.0,17128.8
331.184,221.0,17131.2
331.224,219.0,17133.7
331.269,219.0,17136.4
331.306,218.0,17138.7
331.344,216.0,17141.0
331.384,214.0,17143.3
331.424,210.0,17145.7
331.465,210.0,17148.1
331.504,208.0,17150.4
331.544,205.0,17152.6
331.585,205.0,17155.0
331.625,203.0,17157.3
331.665,199.0,17159.5
331.707,199.0,17161.8
331.747,197.0,17164.0
331.786,195.0,17166.1
331.828,193.0,17168.4
331.867,191.0,17170.5
331.905,189.0,17172.5
331.943,187.0,17174.5
331.984,185.0,17176.6
332.023,182.0,17178.6
332.063,178.0,17180.6
332.103,178.0,17182.5
332.144,177.0,17184.6
332.190,175.0,17186.8
332.223,174.0,17188.4
332.262,171.0,17190.3
332.304,171.0,17192.3
332.343,169.0,17194.1
332.384,168.0,17196.0
332.423,166.0,17197.8
332.463,164.0,17199.7
332.503,164.0,17201.5
332.544,163.0,17203.4
332.583,162.0,17205.1
332.631,162.0,17207.3
332.664,160.0,17208.8
332.704,160.0,17210.5
332.743,159.0,17212.3
332.785,158.0,17214.1
332.822,158.0,17215.7
332.864,157.0,17217.6
332.904,157.0,17219.3
332.943,157.0,17221.0
332.982,156.0,17222.7
333.022,156.0,17224.5
333.064,154.0,17226.3
333.104,154.0,17228.0
333.144,154.0,17229.7
333.189,154.0,17231.6
333.226,153.0,17233.2
333.287,153.0,17235.8
333.307,153.0,17236.6
333.343,153.0,17238.2
333.384,152.0,17239.9
333.424,152.0,17241.6
333.463,152.0,17243.2
333.505,152.0,17245.0
333.543,153.0,17246.6
333.583,153.0,17248.3
333.622,153.0,17250.0
333.669,154.0,17252.0
333.703,154.0,17253.4
333.745,155.0,17255.2
333.785,156.0,17257.0
333.824,157.0,17258.7
333.865,158.0,17260.5
333.906,158.0,17262.2
333.945,158.0,17264.0
333.984,159.0,17265.7
334.025,159.0,17267.5
334.064,161.0,17269.2
334.104,161.0,17271.0
334.149,161.0,17273.0
334.185,162.0,17274.6
334.225,162.0,17276.4
334.264,163.0,17278.2
334.305,165.0,17280.1
334.344,166.0,17281.9
334.722,167.0,17299.3
334.747,168.0,17300.5
334.774,169.0,17301.8
334.801,172.0,17303.0
334.841,172.0,17305.0
334.878,173.0,17306.7
334.907,173.0,17308.1
334.945,173.0,17310.0
334.985,174.0,17311.9
335.025,174.0,17313.8
335.065,176.0,17315.8
335.111,176.0,17318.0
335.145,176.0,17319.7
335.191,177.0,17321.9
335.224,177.0,17323.5
335.265,179.0,17325.6
335.305,179.0,17327.6
335.345,180.0,17329.6
335.385,181.0,17331.6
335.425,181.0,17333.6
335.464,182.0,17335.5
335.506,182.0,17337.7
335.547,183.0,17339.7
335.584,183.0,17341.6
335.626,184.0,17343.8
335.664,185.0,17345.7
335.709,185.0,17348.0
335.747,185.0,17350.0
335.784,185.0,17351.9
335.824,185.0,17353.9
335.865,186.0,17356.0
335.906,186.0,17358.2
335.945,186.0,17360.2
335.985,186.0,17362.2
336.024,185.0,17364.3
336.065,186.0,17366.4
336.104,186.0,17368.4
336.145,185.0,17370.5
336.186,185.0,17372.6
336.227,185.0,17374.7
336.268,185.0,17376.8
336.305,185.0,17378.7
336.345,185.0,17380.8
336.385,185.0,17382.8
336.425,184.0,17384.9
336.465,184.0,17386.9
336.505,184.0,17389.0
336.544,184.0,17391.0
336.584,184.0,17393.0
336.629,184.0,17395.3
336.666,184.0,17397.2
336.709,184.0,17399.4
336.749,183.0,17401.4
336.787,183.0,17403.4
336.829,183.0,17405.5
336.867,183.0,17407.4
336.921,183.0,17410.2
336.953,183.0,17411.8
336.985,183.0,17413.4
337.024,184.0,17415.4
337.064,183.0,17417.5
337.104,183.0,17419.5
337.145,182.0,17421.6
337.185,182.0,17423.6
337.224,182.0,17425.6
337.265,182.0,17427.6
337.309,182.0,17429.9
337.345,182.0,17431.7
337.384,182.0,17433.7
337.424,182.0,17435.7
337.464,182.0,17437.7
337.505,182.0,17439.8
337.543,182.0,17441.7
337.584,183.0,17443.8
337.625,183.0,17445.9
337.665,183.0,17447.9
337.704,183.0,17449.9
337.745,184.0,17452.0
337.785,184.0,17454.0
337.825,184.0,17456.0
337.865,183.0,17458.1
337.905,183.0,17460.1
337.945,183.0,17462.2
337.985,183.0,17464.2
338.025,183.0,17466.2
338.065,183.0,17468.3
338.105,183.0,17470.3
338.145,184.0,17472.3
338.184,184.0,17474.3
338.224,185.0,17476.4
338.264,186.0,17478.4
338.305,186.0,17480.5
338.345,187.0,17482.6
338.385,187.0,17484.7
338.424,188.0,17486.7
338.465,189.0,17488.9
338.505,189.0,17491.0
338.545,190.0,17493.1
338.589,190.0,17495.4
338.625,191.0,17497.3
338.665,192.0,17499.4
338.703,192.0,17501.5
338.744,192.0,17503.6
338.785,193.0,17505.8
338.824,193.0,17507.9
338.865,194.0,17510.1
338.905,194.0,17512.3
338.946,194.0,17514.5
338.985,194.0,17516.6
339.025,195.0,17518.8
339.065,195.0,17520.9
339.104,195.0,17523.0
339.146,196.0,17525.3
339.185,196.0,17527.4
339.223,196.0,17529.5
339.264,197.0,17531.8
339.306,197.0,17534.1
339.344,198.0,17536.1
339.389,198.0,17538.6
339.426,199.0,17540.7
339.467,199.0,17542.9
339.505,199.0,17545.0
339.545,200.0,17547.2
339.584,200.0,17549.4
339.625,200.0,17551.7
339.666,201.0,17554.0
339.705,201.0,17556.1
339.746,202.0,17558.4
339.785,203.0,17560.6
339.825,203.0,17562.9
339.864,204.0,17565.1
339.907,204.0,17567.5
339.949,205.0,17569.9
339.987,205.0,17572.1
340.028,205.0,17574.4
340.067,206.0,17576.6
340.109,206.0,17579.0
340.150,207.0,17581.4
340.183,208.0,17583.3
340.223,209.0,17585.6
340.264,210.0,17588.0
340.303,210.0,17590.3
340.343,211.0,17592.6
340.383,212.0,17595.0
340.424,212.0,17597.4
340.464,214.0,17599.7
340.505,214.0,17602.2
340.543,214.0,17604.4
340.583,215.0,17606.8
340.625,215.0,17609.3
340.663,216.0,17611.6
340.702,216.0,17613.9
340.744,217.0,17616.5
340.783,217.0,17618.8
340.824,218.0,17621.3
340.869,219.0,17624.0
340.904,219.0,17626.2
340.944,220.0,17628.6
340.983,220.0,17631.0
341.023,221.0,17633.4
341.062,223.0,17635.8
341.102,223.0,17638.3
341.144,223.0,17640.9
341.184,224.0,17643.4
341.223,224.0,17645.8
341.269,226.0,17648.7
341.304,226.0,17650.9
341.343,226.0,17653.3
341.383,227.0,17655.9
341.425,227.0,17658.5
341.463,229.0,17660.9
341.503,229.0,17663.5
341.544,229.0,17666.1
341.584,230.0,17668.6
341.624,231.0,17671.2
341.665,232.0,17673.8
341.707,232.0,17676.5
341.742,233.0,17678.8
341.783,234.0,17681.4
341.822,234.0,17684.0
341.864,234.0,17686.7
341.902,235.0,17689.2
341.944,236.0,17691.9
341.985,237.0,17694.6
342.030,238.0,17697.6
342.065,239.0,17699.9
342.108,239.0,17702.8
342.148,239.0,17705.4
342.189,240.0,17708.2
342.225,240.0,17710.6
342.265,241.0,17713.2
342.305,241.0,17715.9
342.348,241.0,17718.8
342.385,242.0,17721.3
342.425,243.0,17724.0
342.466,244.0,17726.7
342.505,244.0,17729.4
342.546,244.0,17732.2
342.586,245.0,17734.9
342.628,245.0,17737.7
342.665,246.0,17740.3
342.706,246.0,17743.1
342.745,247.0,17745.7
342.785,247.0,17748.5
342.826,248.0,17751.3
342.867,249.0,17754.1
342.906,249.0,17756.8
342.949,250.0,17759.8
342.986,250.0,17762.4
343.028,251.0,17765.3
343.065,251.0,17767.9
343.106,251.0,17770.7
343.144,252.0,17773.4
343.189,253.0,17776.5
343.230,253.0,17779.4
343.269,254.0,17782.2
343.308,254.0,17784.9
343.350,255.0,17787.9
343.384,255.0,17790.3
343.427,256.0,17793.3
343.464,256.0,17796.0
343.508,256.0,17799.1
343.545,256.0,17801.7
343.584,257.0,17804.5
343.626,258.0,17807.5
343.665,258.0,17810.3
343.703,258.0,17813.0
343.745,259.0,17816.1
343.785,260.0,17818.9
343.825,261.0,17821.8
343.865,261.0,17824.7
344.173,261.0,17847.1
344.464,262.0,17868.2
344.483,262.0,17869.6
344.502,268.0,17871.0
344.542,269.0,17874.0
344.583,270.0,17877.0
344.624,271.0,17880.1
344.663,271.0,17883.0
344.705,271.0,17886.2
344.745,272.0,17889.2
344.788,272.0,17892.5
344.824,273.0,17895.2
344.866,274.0,17898.4
344.905,274.0,17901.4
344.945,274.0,17904.4
344.983,274.0,17907.3
345.023,275.0,17910.3
345.064,276.0,17913.5
345.107,276.0,17916.8
345.149,277.0,17920.0
345.190,277.0,17923.2
345.230,277.0,17926.2
345.269,278.0,17929.2
345.312,278.0,17932.6
345.350,278.0,17935.5
345.384,279.0,17938.1
345.425,279.0,17941.3
345.466,280.0,17944.5
345.505,280.0,17947.5
345.544,280.0,17950.6
345.584,281.0,17953.7
345.624,281.0,17956.8
345.669,282.0,17960.3
345.705,282.0,17963.1
345.745,282.0,17966.3
345.785,282.0,17969.4
345.826,282.0,17972.6
345.864,282.0,17975.6
345.904,283.0,17978.7
345.945,284.0,17982.0
345.985,284.0,17985.1
346.025,285.0,17988.3
346.068,286.0,17991.7
346.104,286.0,17994.5
346.148,286.0,17998.0
346.188,286.0,18001.2
346.225,286.0,18004.2
346.265,287.0,18007.3
346.304,287.0,18010.4
346.345,287.0,18013.7
346.386,288.0,18017.0
346.423,289.0,18020.0
346.465,289.0,18023.3
346.506,289.0,18026.6
346.545,289.0,18029.8
346.584,289.0,18032.9
346.627,290.0,18036.3
346.665,290.0,18039.4
346.704,290.0,18042.5
346.745,290.0,18045.8
346.789,291.0,18049.4
346.826,292.0,18052.4
346.864,292.0,18055.5
346.905,292.0,18058.8
346.947,293.0,18062.2
346.985,293.0,18065.3
347.026,293.0,18068.6
347.065,294.0,18071.8
347.108,294.0,18075.3
347.148,294.0,18078.6
347.185,295.0,18081.6
347.226,295.0,18085.0
347.267,296.0,18088.4
347.307,296.0,18091.6
347.346,296.0,18094.8
347.386,296.0,18098.1
347.425,297.0,18101.3
347.465,297.0,18104.6
347.506,297.0,18108.0
347.544,297.0,18111.2
347.585,297.0,18114.5
347.632,298.0,18118.4
347.669,298.0,18121.5
347.709,298.0,18124.8
347.749,298.0,18128.1
347.788,299.0,18131.4
347.825,300.0,18134.4
347.866,300.0,18137.8
347.907,300.0,18141.3
347.945,300.0,18144.4
347.984,301.0,18147.7
348.025,301.0,18151.1
348.068,302.0,18154.7
348.106,302.0,18157.9
348.147,302.0,18161.3
348.187,302.0,18164.7
348.225,302.0,18167.9
348.269,303.0,18171.6
348.305,303.0,18174.6
348.349,303.0,18178.3
348.385,303.0,18181.3
348.424,304.0,18184.6
348.466,304.0,18188.2
348.508,304.0,18191.7
348.545,304.0,18194.9
348.585,304.0,18198.2
348.627,305.0,18201.8
348.670,305.0,18205.4
348.705,305.0,18208.4
348.744,305.0,18211.7
348.786,305.0,18215.3
348.826,306.0,18218.6
348.866,306.0,18222.0
348.907,306.0,18225.5
348.945,306.0,18228.8
348.985,307.0,18232.2
349.027,307.0,18235.7
349.066,307.0,18239.1
349.106,307.0,18242.5
349.148,307.0,18246.1
349.187,308.0,18249.4
349.226,308.0,18252.7
349.266,308.0,18256.2
349.305,308.0,18259.5
349.347,308.0,18263.1
349.386,308.0,18266.4
349.425,309.0,18269.8
349.466,309.0,18273.3
349.506,309.0,18276.7
349.545,309.0,18280.1
349.586,309.0,18283.6
349.626,309.0,18287.0
349.666,310.0,18290.5
349.706,310.0,18293.9
349.745,310.0,18297.3
349.786,310.0,18300.8
349.832,311.0,18304.8
349.870,311.0,18308.0
349.921,311.0,18312.4
349.954,311.0,18315.3
349.990,311.0,18318.4
350.024,312.0,18321.4
350.066,312.0,18325.0
350.104,312.0,18328.3
350.149,312.0,18332.2
350.185,312.0,18335.3
350.224,312.0,18338.7
350.265,313.0,18342.2
350.305,313.0,18345.7
350.343,313.0,18349.0
350.384,313.0,18352.6
350.423,313.0,18356.0
350.465,313.0,18359.6
350.503,313.0,18362.9
350.544,314.0,18366.5
350.584,314.0,18370.0
350.627,314.0,18373.7
350.664,314.0,18377.0
350.704,314.0,18380.5
350.744,314.0,18384.0
350.786,315.0,18387.6
350.823,315.0,18390.9
350.866,315.0,18394.6
350.904,315.0,18397.9
350.944,316.0,18401.4
350.985,316.0,18405.0
351.025,316.0,18408.6
351.065,316.0,18412.1
351.105,316.0,18415.6
351.147,316.0,18419.3
351.188,316.0,18422.9
351.224,317.0,18426.0
351.265,317.0,18429.6
351.304,317.0,18433.1
351.344,317.0,18436.6
351.385,317.0,18440.2
351.424,318.0,18443.6
351.464,318.0,18447.2
351.504,318.0,18450.7
351.549,318.0,18454.7
351.584,318.0,18457.8
351.623,318.0,18461.2
351.664,318.0,18464.8
351.704,318.0,18468.4
351.743,319.0,18471.8
351.784,319.0,18475.5
351.829,319.0,18479.5
351.867,319.0,18482.8
351.906,319.0,18486.3
351.949,319.0,18490.1
351.988,319.0,18493.5
352.026,320.0,18496.9
352.067,320.0,18500.6
352.107,320.0,18504.1
352.146,320.0,18507.6
352.187,320.0,18511.2
352.227,321.0,18514.8
352.266,321.0,18518.3
352.307,321.0,18521.9
352.347,321.0,18525.5
352.388,321.0,18529.1
352.429,321.0,18532.8
352.469,322.0,18536.4
352.508,322.0,18539.9
352.547,322.0,18543.3
352.586,322.0,18546.8
352.628,322.0,18550.6
352.667,322.0,18554.1
352.706,322.0,18557.6
352.750,322.0,18561.5
352.787,322.0,18564.8
352.828,323.0,18568.5
352.866,323.0,18571.9
352.908,323.0,18575.7
352.948,323.0,18579.3
352.987,323.0,18582.8
353.027,323.0,18586.3
353.067,324.0,18589.9
353.108,324.0,18593.6
353.149,324.0,18597.3
353.187,324.0,18600.7
353.228,324.0,18604.4
353.271,324.0,18608.3
353.308,324.0,18611.6
353.349,324.0,18615.3
353.388,324.0,18618.8
353.434,325.0,18623.0
353.780,325.0,18654.2
353.809,325.0,18656.8
353.835,326.0,18659.2
353.870,326.0,18662.3
353.913,326.0,18666.2
353.951,326.0,18669.7
353.992,326.0,18673.4
354.023,326.0,18676.2
354.062,327.0,18679.7
354.103,327.0,18683.5
354.142,327.0,18687.0
354.184,327.0,18690.8
354.223,327.0,18694.4
354.262,327.0,18697.9
354.304,327.0,18701.7
354.342,327.0,18705.2
354.383,327.0,18708.9
354.422,327.0,18712.4
354.463,327.0,18716.2
354.503,327.0,18719.8
354.546,327.0,18723.7
354.583,328.0,18727.1
354.622,328.0,18730.6
354.664,328.0,18734.4
354.703,328.0,18738.0
354.743,328.0,18741.6
354.783,328.0,18745.3
354.825,328.0,18749.1
354.864,328.0,18752.7
354.905,328.0,18756.4
354.946,328.0,18760.1
354.983,329.0,18763.5
355.023,329.0,18767.2
355.063,329.0,18770.8
355.103,329.0,18774.5
355.143,329.0,18778.1
355.183,329.0,18781.8
355.224,329.0,18785.5
355.265,329.0,18789.3
355.303,329.0,18792.8
355.344,329.0,18796.5
355.386,329.0,18800.3
355.423,329.0,18803.7
355.462,330.0,18807.3
355.502,330.0,18811.0
355.545,330.0,18814.9
355.583,330.0,18818.4
355.622,330.0,18822.0
355.663,330.0,18825.7
355.702,330.0,18829.3
355.743,330.0,18833.1
355.784,330.0,18836.8
355.828,330.0,18840.8
355.867,330.0,18844.4
355.903,330.0,18847.7
355.947,331.0,18851.8
355.986,331.0,18855.3
356.029,330.0,18859.3
356.068,330.0,18862.9
356.104,330.0,18866.2
356.145,331.0,18869.9
356.187,331.0,18873.8
356.227,331.0,18877.5
356.269,331.0,18881.3
356.305,331.0,18884.6
356.345,331.0,18888.3
356.384,331.0,18891.9
356.426,331.0,18895.8
356.469,331.0,18899.7
356.509,331.0,18903.4
356.547,331.0,18906.9
356.587,331.0,18910.6
356.624,331.0,18914.0
356.664,332.0,18917.7
356.704,332.0,18921.3
356.744,332.0,18925.0
356.784,331.0,18928.7
356.830,332.0,18933.0
356.865,332.0,18936.2
356.904,332.0,18939.8
356.946,332.0,18943.7
356.986,331.0,18947.3
357.027,332.0,18951.1
357.065,332.0,18954.6
357.108,332.0,18958.6
357.145,332.0,18962.0
357.186,332.0,18965.8
357.228,332.0,18969.7
357.267,332.0,18973.2
357.306,332.0,18976.8
357.348,332.0,18980.7
357.384,332.0,18984.0
357.424,332.0,18987.7
357.466,332.0,18991.6
357.505,332.0,18995.2
357.797,332.0,19022.1
357.825,332.0,19024.7
357.860,332.0,19027.9
357.890,333.0,19030.7
357.931,333.0,19034.5
357.986,333.0,19039.6
358.021,333.0,19042.8
358.056,333.0,19046.1
358.097,333.0,19049.9
358.138,333.0,19053.6
358.179,333.0,19057.4
358.219,333.0,19061.1
358.260,333.0,19064.9
358.301,333.0,19068.7
358.343,333.0,19072.6
358.381,333.0,19076.1
358.422,333.0,19079.9
358.462,333.0,19083.6
358.502,333.0,19087.3
358.544,333.0,19091.2
358.584,333.0,19094.9
358.623,333.0,19098.5
358.665,334.0,19102.4
358.706,334.0,19106.2
358.743,334.0,19109.6
358.783,334.0,19113.3
358.824,334.0,19117.2
358.864,334.0,19120.9
358.902,334.0,19124.4
358.943,334.0,19128.2
358.985,334.0,19132.1
359.024,334.0,19135.7
359.066,334.0,19139.6
359.104,334.0,19143.1
359.144,334.0,19146.8
359.183,334.0,19150.5
359.225,334.0,19154.4
359.264,334.0,19158.0
359.304,334.0,19161.7
359.344,334.0,19165.4
359.383,334.0,19169.0
359.423,334.0,19172.7
359.465,334.0,19176.6
359.505,334.0,19180.3
359.545,334.0,19184.0
359.589,334.0,19188.1
359.625,334.0,19191.5
359.665,334.0,19195.2
359.704,334.0,19198.8
359.745,334.0,19202.6
359.785,334.0,19206.3
359.824,334.0,19209.9
359.865,334.0,19213.7
359.905,335.0,19217.4
359.945,335.0,19221.2
359.985,335.0,19224.9
360.027,335.0,19228.8
360.067,335.0,19232.5
360.110,335.0,19236.5
360.145,335.0,19239.8
360.185,335.0,19243.5
360.225,335.0,19247.2
360.265,335.0,19250.9
360.304,335.0,19254.6
360.345,335.0,19258.4
360.384,335.0,19262.0
360.425,335.0,19265.8
360.465,335.0,19269.6
360.504,335.0,19273.2
360.547,335.0,19277.2
360.588,335.0,19281.0
360.624,335.0,19284.4
360.674,335.0,19289.0
360.711,335.0,19292.5
360.750,335.0,19296.1
360.791,335.0,19299.9
360.831,335.0,19303.6
360.864,335.0,19306.7
360.904,335.0,19310.4
360.943,335.0,19314.0
360.987,335.0,19318.1
361.023,336.0,19321.5
361.066,335.0,19325.5
361.103,335.0,19328.9
361.146,335.0,19332.9
361.184,335.0,19336.5
361.224,336.0,19340.2
361.264,336.0,19343.9
361.304,336.0,19347.7
361.342,336.0,19351.2
361.382,335.0,19354.9
361.422,336.0,19358.7
361.463,336.0,19362.5
361.504,336.0,19366.3
361.543,336.0,19370.0
361.584,336.0,19373.8
361.628,336.0,19377.9
361.664,336.0,19381.3
361.703,336.0,19384.9
361.743,336.0,19388.6
361.783,336.0,19392.4
361.824,336.0,19396.2
361.863,336.0,19399.8
361.902,336.0,19403.5
361.943,336.0,19407.3
361.983,336.0,19411.0
362.024,336.0,19414.9
362.063,336.0,19418.5
362.106,336.0,19422.5
362.143,336.0,19426.0
362.184,336.0,19429.8
362.224,336.0,19433.5
362.262,336.0,19437.1
362.303,336.0,19440.9
362.344,337.0,19444.7
362.383,337.0,19448.4
362.425,336.0,19452.3
362.468,337.0,19456.3
362.506,337.0,19459.9
362.542,337.0,19463.3
362.584,337.0,19467.2
362.624,337.0,19470.9
362.663,337.0,19474.6
362.705,337.0,19478.5
362.744,337.0,19482.2
362.785,337.0,19486.0
362.826,337.0,19489.8
362.865,337.0,19493.5
362.905,337.0,19497.2
362.948,337.0,19501.3
362.985,338.0,19504.7
363.106,337.0,19516.1
363.143,338.0,19519.5
363.179,338.0,19522.9
363.206,338.0,19525.5
363.247,338.0,19529.3
363.289,338.0,19533.3
363.333,338.0,19537.4
363.373,338.0,19541.1
363.416,338.0,19545.2
363.459,338.0,19549.2
363.499,338.0,19553.0
363.539,338.0,19556.7
363.580,338.0,19560.6
363.621,338.0,19564.4
363.660,338.0,19568.1
363.703,338.0,19572.1
363.742,338.0,19575.8
363.782,338.0,19579.5
363.822,338.0,19583.3
363.862,338.0,19587.1
363.903,338.0,19590.9
363.945,338.0,19594.8
363.989,339.0,19599.0
364.029,339.0,19602.7
364.064,339.0,19606.0
364.104,339.0,19609.8
364.145,339.0,19613.7
364.186,339.0,19617.5
364.225,339.0,19621.2
364.264,339.0,19624.9
364.305,339.0,19628.7
364.345,339.0,19632.5
364.384,339.0,19636.2
364.424,339.0,19639.9
364.465,339.0,19643.8
364.504,339.0,19647.5
364.545,339.0,19651.3
364.586,339.0,19655.2
364.630,339.0,19659.3
364.665,339.0,19662.6
364.705,339.0,19666.4
364.744,339.0,19670.1
364.785,339.0,19673.9
364.823,339.0,19677.5
364.865,339.0,19681.5
364.907,339.0,19685.4
364.948,339.0,19689.3
364.988,339.0,19693.1
365.042,338.0,19698.1
365.067,338.0,19700.5
365.106,338.0,19704.1
365.146,339.0,19707.9
365.185,339.0,19711.6
365.224,339.0,19715.2
365.267,340.0,19719.3
365.305,340.0,19722.9
365.345,340.0,19726.7
365.383,340.0,19730.3
365.424,340.0,19734.1
365.465,340.0,19738.0
365.505,340.0,19741.8
365.545,341.0,19745.6
365.587,341.0,19749.5
365.624,341.0,19753.0
365.665,341.0,19756.9
365.704,341.0,19760.6
365.743,341.0,19764.3
365.784,341.0,19768.2
365.824,341.0,19772.0
365.865,341.0,19775.9
365.905,340.0,19779.7
365.947,340.0,19783.6
365.987,339.0,19787.4
366.024,339.0,19790.9
366.064,339.0,19794.6
366.104,339.0,19798.4
366.145,339.0,19802.3
366.184,339.0,19805.9
366.225,339.0,19809.8
366.265,339.0,19813.6
366.305,339.0,19817.3
366.346,339.0,19821.2
366.385,339.0,19824.9
366.429,340.0,19829.0
366.469,340.0,19832.8
366.509,340.0,19836.6
366.544,340.0,19839.9
366.585,340.0,19843.8
366.623,340.0,19847.3
366.664,340.0,19851.2
366.706,340.0,19855.2
366.745,341.0,19858.9
366.786,341.0,19862.8
366.824,341.0,19866.4
366.864,341.0,19870.1
366.907,341.0,19874.2
366.946,341.0,19877.9
366.985,341.0,19881.6
367.025,341.0,19885.4
367.065,342.0,19889.2
367.103,342.0,19892.8
367.144,342.0,19896.7
367.184,342.0,19900.5
367.225,342.0,19904.4
367.265,342.0,19908.2
367.310,342.0,19912.5
367.347,342.0,19916.0
367.399,342.0,19920.9
367.427,342.0,19923.6
367.467,342.0,19927.4
367.503,342.0,19930.8
367.543,343.0,19934.6
367.583,343.0,19938.4
367.624,342.0,19942.3
367.663,342.0,19946.0
367.709,342.0,19950.4
367.745,342.0,19953.8
367.783,341.0,19957.4
367.823,339.0,19961.2
367.864,339.0,19965.1
367.902,339.0,19968.6
367.943,337.0,19972.5
367.983,336.0,19976.2
368.024,334.0,19980.0
368.062,332.0,19983.6
368.105,332.0,19987.5
368.142,330.0,19990.9
368.190,329.0,19995.3
368.231,325.0,19999.0
368.264,325.0,20002.0
368.302,325.0,20005.4
368.343,324.0,20009.1
368.384,324.0,20012.8
368.423,324.0,20016.3
368.462,323.0,20019.8
368.503,323.0,20023.5
368.543,323.0,20027.1
368.583,322.0,20030.7
368.624,320.0,20034.4
368.671,317.0,20038.5
368.704,317.0,20041.4
368.743,314.0,20044.8
368.782,312.0,20048.2
368.822,309.0,20051.7
368.864,309.0,20055.3
368.903,309.0,20058.6
368.943,308.0,20062.1
368.984,307.0,20065.6
369.023,305.0,20068.9
369.065,305.0,20072.4
369.102,305.0,20075.6
369.145,305.0,20079.2
369.188,305.0,20082.9
369.222,304.0,20085.7
369.263,303.0,20089.2
369.306,303.0,20092.8
369.346,303.0,20096.2
369.385,302.0,20099.4
369.425,301.0,20102.8
369.465,301.0,20106.1
369.504,301.0,20109.4
369.545,300.0,20112.8
369.588,299.0,20116.4
369.625,298.0,20119.5
369.665,297.0,20122.8
369.705,297.0,20126.1
369.745,296.0,20129.4
369.785,294.0,20132.6
369.825,293.0,20135.9
369.864,292.0,20139.1
369.905,292.0,20142.4
369.946,291.0,20145.7
369.986,290.0,20149.0
370.028,287.0,20152.3
370.067,286.0,20155.4
370.105,286.0,20158.4
370.145,285.0,20161.6
370.185,284.0,20164.8
370.225,282.0,20167.9
370.264,281.0,20171.0
370.306,281.0,20174.2
370.345,281.0,20177.3
370.387,281.0,20180.6
370.426,280.0,20183.6
370.464,280.0,20186.6
370.509,280.0,20190.1
370.546,279.0,20192.9
370.585,279.0,20196.0
370.624,278.0,20199.0
370.665,278.0,20202.1
370.706,278.0,20205.3
370.744,278.0,20208.2
370.785,277.0,20211.4
370.825,277.0,20214.5
370.864,277.0,20217.5
370.910,276.0,20221.0
370.946,276.0,20223.8
370.988,275.0,20227.0
371.026,274.0,20229.9
371.067,273.0,20233.0
371.107,273.0,20236.0
371.147,273.0,20239.1
371.188,273.0,20242.2
371.228,272.0,20245.2
371.270,271.0,20248.4
371.542,271.0,20268.8
371.563,271.0,20270.4
371.587,266.0,20272.2
371.625,264.0,20275.0
371.664,262.0,20277.9
371.704,262.0,20280.8
371.744,261.0,20283.7
371.786,259.0,20286.7
371.825,255.0,20289.5
371.869,253.0,20292.6
371.905,253.0,20295.1
371.945,251.0,20297.9
371.984,249.0,20300.6
372.023,244.0,20303.3
372.065,241.0,20306.1
372.105,241.0,20308.8
372.145,239.0,20311.5
372.184,236.0,20314.1
372.224,231.0,20316.7
372.265,229.0,20319.3
372.305,229.0,20321.8
372.345,226.0,20324.3
372.387,224.0,20327.0
372.425,219.0,20329.3
372.465,217.0,20331.7
372.506,217.0,20334.2
372.820,215.0,20353.0
372.843,213.0,20354.4
372.867,209.0,20355.8
372.893,198.0,20357.3
372.933,195.0,20359.5
372.975,194.0,20361.7
373.016,191.0,20363.9
373.056,189.0,20366.0
373.100,189.0,20368.4
373.144,188.0,20370.7
373.186,186.0,20372.8
373.229,184.0,20375.0
373.267,183.0,20377.0
373.308,183.0,20379.1
373.344,181.0,20380.9
373.385,180.0,20382.9
373.427,177.0,20385.0
373.461,175.0,20386.7
373.505,175.0,20388.8
373.544,174.0,20390.7
373.582,172.0,20392.5
373.622,170.0,20394.4
373.664,168.0,20396.4
373.705,168.0,20398.3
373.747,166.0,20400.3
373.784,164.0,20402.0
373.824,160.0,20403.8
373.864,160.0,20405.6
373.904,159.0,20407.3
373.944,156.0,20409.1
373.985,155.0,20410.8
374.025,151.0,20412.5
374.065,150.0,20414.2
374.106,150.0,20415.9
374.145,149.0,20417.5
374.185,146.0,20419.2
374.224,141.0,20420.7
374.267,139.0,20422.4
374.304,139.0,20423.8
374.346,138.0,20425.5
374.385,136.0,20426.9
374.427,133.0,20428.5
374.465,131.0,20429.9
374.504,131.0,20431.3
374.544,129.0,20432.8
374.585,127.0,20434.2
374.625,123.0,20435.6
374.665,121.0,20437.0
374.705,121.0,20438.3
374.749,120.0,20439.8
374.785,118.0,20441.0
374.825,115.0,20442.3
374.863,115.0,20443.5
374.905,114.0,20444.8
374.947,112.0,20446.1
374.984,110.0,20447.3
375.025,107.0,20448.5
375.064,106.0,20449.7
375.105,106.0,20450.9
375.148,105.0,20452.1
375.188,104.0,20453.3
375.226,102.0,20454.4
375.265,101.0,20455.5
375.305,101.0,20456.6
375.345,100.0,20457.7
375.385,100.0,20458.8
375.425,99.0,20459.9
375.466,98.0,20461.1
375.504,98.0,20462.1
375.544,97.0,20463.2
375.585,97.0,20464.3
375.624,95.0,20465.3
375.668,95.0,20466.5
375.708,95.0,20467.5
375.745,94.0,20468.5
375.784,94.0,20469.5
375.825,94.0,20470.6
375.864,94.0,20471.6
375.906,93.0,20472.7
375.947,93.0,20473.8
375.988,92.0,20474.8
376.029,91.0,20475.9
376.069,91.0,20476.9
376.109,91.0,20477.9
376.159,91.0,20479.1
376.188,91.0,20479.9
376.229,92.0,20480.9
376.265,93.0,20481.8
376.304,93.0,20482.9
376.345,93.0,20483.9
376.384,94.0,20484.9
376.426,95.0,20486.0
376.465,95.0,20487.1
376.505,95.0,20488.1
376.544,96.0,20489.1
376.586,96.0,20490.3
376.626,98.0,20491.3
376.668,99.0,20492.5
376.705,99.0,20493.5
376.749,99.0,20494.7
376.785,100.0,20495.7
376.828,101.0,20496.9
376.864,101.0,20497.9
376.905,103.0,20499.1
376.944,105.0,20500.2
376.985,106.0,20501.4
377.023,108.0,20502.5
377.064,110.0,20503.8
377.105,110.0,20505.0
377.146,111.0,20506.3
377.185,112.0,20507.5
377.229,115.0,20508.9
377.265,116.0,20510.1
377.305,116.0,20511.3
377.344,118.0,20512.6
377.385,119.0,20514.0
377.424,121.0,20515.3
377.466,121.0,20516.7
377.504,121.0,20517.9
377.544,121.0,20519.3
377.585,121.0,20520.7
377.624,122.0,20522.0
377.663,123.0,20523.3
377.706,123.0,20524.8
377.744,122.0,20526.1
377.784,122.0,20527.4
377.825,122.0,20528.8
377.866,122.0,20530.2
377.905,122.0,20531.5
377.945,122.0,20532.9
377.986,122.0,20534.3
378.025,122.0,20535.6
378.065,121.0,20536.9
378.105,121.0,20538.3
378.146,121.0,20539.7
378.188,122.0,20541.1
378.229,122.0,20542.5
378.268,121.0,20543.8
378.309,121.0,20545.2
378.347,121.0,20546.4
378.383,121.0,20547.7
378.425,121.0,20549.1
378.464,121.0,20550.4
378.504,121.0,20551.7
378.548,121.0,20553.2
378.583,121.0,20554.4
378.623,122.0,20555.7
378.663,122.0,20557.1
378.703,122.0,20558.4
378.744,122.0,20559.8
378.783,123.0,20561.2
378.823,123.0,20562.5
378.865,123.0,20564.0
378.904,123.0,20565.3
378.944,124.0,20566.7
378.983,125.0,20568.0
379.028,126.0,20569.6
379.065,126.0,20570.9
379.104,126.0,20572.2
379.145,127.0,20573.7
379.185,127.0,20575.1
379.223,126.0,20576.4
379.264,125.0,20577.9
379.304,125.0,20579.2
379.344,124.0,20580.6
379.383,122.0,20582.0
379.428,119.0,20583.5
379.499,118.0,20585.8
379.523,118.0,20586.6
379.547,116.0,20587.4
379.583,115.0,20588.5
379.624,112.0,20589.8
379.663,111.0,20591.0
379.703,111.0,20592.3
379.744,110.0,20593.5
379.784,109.0,20594.7
379.824,108.0,20595.9
379.864,108.0,20597.1
379.906,107.0,20598.4
379.943,107.0,20599.5
379.984,106.0,20600.7
380.023,105.0,20601.9
380.066,104.0,20603.1
380.102,104.0,20604.1
380.142,104.0,20605.3
380.187,104.0,20606.6
380.228,102.0,20607.8
380.265,102.0,20608.8
380.308,102.0,20610.0
380.349,101.0,20611.2
380.385,101.0,20612.2
380.425,100.0,20613.3
380.466,100.0,20614.5
380.506,100.0,20615.6
380.545,99.0,20616.6
380.586,98.0,20617.8
380.627,97.0,20618.9
380.668,97.0,20620.0
380.706,97.0,20621.0
380.750,97.0,20622.2
380.788,97.0,20623.2
380.826,95.0,20624.2
380.869,95.0,20625.4
380.907,95.0,20626.4
380.948,95.0,20627.4
380.986,95.0,20628.5
381.026,95.0,20629.5
381.067,95.0,20630.6
381.105,95.0,20631.6
381.147,96.0,20632.7
381.186,96.0,20633.7
381.230,96.0,20634.9
381.267,95.0,20635.9
381.306,95.0,20636.9
381.347,95.0,20638.0
381.387,94.0,20639.1
381.425,94.0,20640.1
381.465,94.0,20641.1
381.506,94.0,20642.2
381.551,94.0,20643.3
381.585,94.0,20644.2
381.627,94.0,20645.3
381.665,95.0,20646.3
381.706,95.0,20647.4
381.746,95.0,20648.5
381.791,95.0,20649.7
381.840,96.0,20651.0
381.872,96.0,20651.8
381.922,96.0,20653.1
381.955,96.0,20654.0
381.984,97.0,20654.8
382.025,98.0,20655.9
382.067,99.0,20657.1
382.106,99.0,20658.1
