video_t,lap_t,speed
2.570,1.290,104
2.602,1.322,106
2.636,1.356,114
2.676,1.396,115
2.714,1.434,117
2.758,1.478,117
2.796,1.516,118
2.835,1.555,120
2.876,1.596,121
2.918,1.638,124
2.958,1.678,124
2.999,1.719,125
3.039,1.759,126
3.077,1.797,127
3.114,1.834,128
3.153,1.873,130
3.194,1.914,131
3.234,1.954,132
3.274,1.994,134
3.315,2.035,136
3.360,2.080,136
3.393,2.113,137
3.434,2.154,138
3.474,2.194,139
3.514,2.234,141
3.555,2.275,141
3.594,2.314,143
3.640,2.360,144
3.680,2.400,145
3.713,2.433,147
3.755,2.475,148
3.796,2.516,148
3.835,2.555,149
3.875,2.595,150
3.914,2.634,153
3.954,2.674,153
4.003,2.723,154
4.039,2.759,155
4.074,2.794,155
4.116,2.836,157
4.155,2.875,157
4.195,2.915,158
4.235,2.955,159
4.280,3.000,160
4.317,3.037,162
4.354,3.074,163
4.395,3.115,163
4.435,3.155,164
4.474,3.194,165
4.514,3.234,167
4.554,3.274,167
4.599,3.319,167
4.635,3.355,168
4.676,3.396,169
4.716,3.436,171
4.754,3.474,172
4.800,3.520,172
4.836,3.556,173
4.876,3.596,173
4.913,3.633,174
4.955,3.675,176
4.995,3.715,176
5.035,3.755,177
5.075,3.795,177
5.115,3.835,176
5.154,3.874,176
5.196,3.916,174
5.236,3.956,173
5.282,4.002,171
5.319,4.039,166
5.358,4.078,164
5.398,4.118,164
5.438,4.158,162
5.478,4.198,161
5.514,4.234,159
5.556,4.276,157
5.595,4.315,157
5.635,4.355,155
5.675,4.395,154
5.714,4.434,151
5.755,4.475,150
5.795,4.515,150
5.835,4.555,148
5.874,4.594,146
5.918,4.638,144
5.955,4.675,144
5.995,4.715,143
6.036,4.756,142
6.075,4.795,140
6.115,4.835,138
6.155,4.875,136
6.197,4.917,136
6.236,4.956,135
6.275,4.995,134
6.316,5.036,131
6.354,5.074,130
6.395,5.115,130
6.434,5.154,129
6.475,5.195,128
6.522,5.242,125
6.555,5.275,124
6.594,5.314,124
6.635,5.355,123
6.674,5.394,121
6.714,5.434,119
6.756,5.476,118
6.803,5.523,118
6.835,5.555,116
6.876,5.596,115
6.914,5.634,113
6.955,5.675,113
6.995,5.715,111
7.035,5.755,110
7.079,5.799,110
7.124,5.844,108
7.155,5.875,108
7.194,5.914,106
7.235,5.955,105
7.276,5.996,104
7.315,6.035,103
7.355,6.075,102
7.403,6.123,102
7.437,6.157,101
7.475,6.195,100
7.519,6.239,98
7.559,6.279,98
7.605,6.325,96
7.639,6.359,96
7.679,6.399,96
7.722,6.442,95
7.761,6.481,95
7.795,6.515,94
7.835,6.555,93
7.875,6.595,92
7.915,6.635,91
7.955,6.675,91
8.000,6.720,90
8.036,6.756,90
8.084,6.804,89
8.120,6.840,87
8.155,6.875,87
8.195,6.915,86
8.235,6.955,86
8.275,6.995,85
8.315,7.035,84
8.355,7.075,83
8.405,7.125,83
8.435,7.155,83
8.476,7.196,83
8.515,7.235,81
8.555,7.275,81
8.596,7.316,81
8.635,7.355,81
8.683,7.403,81
8.716,7.436,80
8.755,7.475,80
8.795,7.515,80
8.837,7.557,80
8.875,7.595,79
8.916,7.636,79
8.955,7.675,79
8.997,7.717,79
9.044,7.764,79
9.076,7.796,79
9.114,7.834,79
9.156,7.876,79
9.195,7.915,79
9.234,7.954,79
9.278,7.998,78
9.322,8.042,78
9.354,8.074,78
9.394,8.114,78
9.435,8.155,78
9.474,8.194,78
9.518,8.238,78
9.559,8.279,78
9.598,8.318,79
9.637,8.357,79
9.677,8.397,79
9.715,8.435,80
9.755,8.475,80
9.795,8.515,80
9.834,8.554,81
9.875,8.595,81
9.920,8.640,82
9.955,8.675,82
9.994,8.714,82
10.034,8.754,83
10.075,8.795,84
10.115,8.835,85
10.154,8.874,86
10.201,8.921,86
10.234,8.954,86
10.274,8.994,87
10.315,9.035,88
10.354,9.074,89
10.401,9.121,89
10.440,9.160,90
10.474,9.194,91
10.513,9.233,93
10.554,9.274,94
10.594,9.314,96
10.634,9.354,96
10.673,9.393,97
10.717,9.437,99
10.758,9.478,101
10.794,9.514,101
10.835,9.555,102
10.874,9.594,103
10.915,9.635,105
10.956,9.676,106
10.995,9.715,106
11.040,9.760,108
11.076,9.796,109
11.114,9.834,111
11.153,9.873,113
11.193,9.913,113
11.235,9.955,114
11.275,9.995,115
11.315,10.035,118
11.364,10.084,118
11.401,10.121,120
11.435,10.155,121
11.475,10.195,122
11.514,10.234,125
11.556,10.276,126
11.597,10.317,126
11.635,10.355,128
11.682,10.402,129
11.725,10.445,131
11.759,10.479,131
11.798,10.518,132
11.838,10.558,134
11.879,10.599,136
11.933,10.653,139
11.969,10.689,139
11.996,10.716,140
12.037,10.757,141
12.084,10.804,142
12.113,10.833,144
12.152,10.872,146
12.193,10.913,146
12.235,10.955,147
12.273,10.993,148
12.314,11.034,151
12.354,11.074,151
12.394,11.114,152
12.432,11.152,154
12.473,11.193,155
12.512,11.232,157
12.554,11.274,157
12.594,11.314,158
12.633,11.353,159
12.673,11.393,161
12.714,11.434,163
12.754,11.474,163
12.793,11.513,164
12.833,11.553,165
12.875,11.595,166
12.914,11.634,168
12.954,11.674,168
13.000,11.720,169
13.044,11.764,170
13.074,11.794,171
13.112,11.832,173
13.152,11.872,173
13.193,11.913,174
13.233,11.953,175
13.275,11.995,175
13.316,12.036,176
13.356,12.076,176
13.394,12.114,176
13.434,12.154,176
13.473,12.193,177
13.514,12.234,177
13.553,12.273,177
13.593,12.313,177
13.633,12.353,177
13.676,12.396,176
13.715,12.435,176
13.756,12.476,176
13.794,12.514,176
13.835,12.555,176
13.879,12.599,176
13.916,12.636,176
13.959,12.679,176
14.004,12.724,176
14.037,12.757,176
14.077,12.797,176
14.116,12.836,177
14.156,12.876,177
14.199,12.919,178
14.239,12.959,179
14.279,12.999,179
14.318,13.038,179
14.357,13.077,179
14.398,13.118,179
14.439,13.159,180
14.477,13.197,181
14.517,13.237,181
14.561,13.281,181
14.599,13.319,181
14.636,13.356,181
14.677,13.397,181
14.716,13.436,183
14.759,13.479,183
14.799,13.519,184
14.837,13.557,184
14.877,13.597,184
14.917,13.637,186
14.965,13.685,186
14.998,13.718,187
15.036,13.756,187
15.077,13.797,188
15.116,13.836,188
15.157,13.877,188
15.196,13.916,188
15.236,13.956,188
15.275,13.995,188
15.316,14.036,186
15.359,14.079,186
15.402,14.122,185
15.439,14.159,185
15.487,14.207,184
15.521,14.241,182
15.565,14.285,181
15.599,14.319,181
15.642,14.362,180
15.679,14.399,179
15.721,14.441,177
15.755,14.475,177
15.799,14.519,176
15.835,14.555,175
15.875,14.595,174
15.920,14.640,173
15.955,14.675,173
15.995,14.715,172
16.036,14.756,170
16.077,14.797,170
16.117,14.837,168
16.155,14.875,167
16.198,14.918,166
16.241,14.961,166
16.276,14.996,165
16.315,15.035,164
16.353,15.073,163
16.398,15.118,163
16.434,15.154,162
16.476,15.196,162
16.515,15.235,160
16.563,15.283,159
16.597,15.317,159
16.636,15.356,158
16.675,15.395,158
16.716,15.436,157
16.758,15.478,157
16.797,15.517,157
16.837,15.557,157
16.880,15.600,157
16.916,15.636,158
16.957,15.677,158
16.996,15.716,158
17.036,15.756,158
17.077,15.797,158
17.116,15.836,159
17.156,15.876,159
17.198,15.918,159
17.236,15.956,160
17.275,15.995,160
17.317,16.037,160
17.356,16.076,161
17.394,16.114,161
17.436,16.156,161
17.474,16.194,162
17.521,16.241,162
17.557,16.277,162
17.597,16.317,162
17.636,16.356,163
17.676,16.396,163
17.717,16.437,164
17.760,16.480,165
17.800,16.520,165
17.838,16.558,165
17.878,16.598,165
17.922,16.642,167
17.957,16.677,168
17.997,16.717,168
18.036,16.756,168
18.083,16.803,168
18.118,16.838,168
18.157,16.877,169
18.198,16.918,169
18.237,16.957,169
18.279,16.999,170
18.317,17.037,170
18.359,17.079,171
18.397,17.117,171
18.444,17.164,171
18.482,17.202,172
18.518,17.238,173
18.557,17.277,174
18.597,17.317,174
18.636,17.356,174
18.678,17.398,174
18.718,17.438,176
18.760,17.480,177
18.799,17.519,177
18.838,17.558,177
18.878,17.598,178
18.917,17.637,178
18.957,17.677,179
18.996,17.716,179
19.038,17.758,180
19.077,17.797,181
19.117,17.837,181
19.167,17.887,181
19.197,17.917,181
19.236,17.956,182
19.278,17.998,183
19.318,18.038,184
19.358,18.078,185
19.396,18.116,185
19.438,18.158,186
19.478,18.198,186
19.524,18.244,188
19.561,18.281,189
19.598,18.318,189
19.639,18.359,190
19.678,18.398,191
19.719,18.439,192
19.763,18.483,193
19.796,18.516,194
19.849,18.569,194
19.879,18.599,196
19.916,18.636,196
19.957,18.677,197
19.998,18.718,197
20.038,18.758,198
20.079,18.799,199
20.116,18.836,
20.158,18.878,
20.197,18.917,
20.236,18.956,
20.277,18.997,
20.318,19.038,
20.357,19.077,
20.396,19.116,
20.437,19.157,
20.478,19.198,200
20.516,19.236,200
20.556,19.276,200
20.596,19.316,200
20.638,19.358,200
20.678,19.398,200
20.716,19.436,200
20.759,19.479,200
20.802,19.522,200
20.844,19.564,200
20.881,19.601,200
20.924,19.644,200
20.962,19.682,200
20.997,19.717,200
21.036,19.756,200
21.077,19.797,200
21.130,19.850,200
21.158,19.878,200
21.198,19.918,200
21.236,19.956,200
21.277,19.997,201
21.318,20.038,201
21.356,20.076,201
21.399,20.119,201
21.438,20.158,201
21.496,20.216,200
21.523,20.243,200
21.559,20.279,200
21.598,20.318,201
21.637,20.357,200
21.676,20.396,199
21.717,20.437,200
21.758,20.478,200
21.804,20.524,200
21.841,20.561,200
21.879,20.599,
21.918,20.638,201
21.957,20.677,201
21.998,20.718,201
22.038,20.758,200
22.077,20.797,200
22.120,20.840,201
22.157,20.877,201
22.198,20.918,201
22.236,20.956,201
22.278,20.998,202
22.316,21.036,202
22.358,21.078,201
22.397,21.117,201
22.442,21.162,
22.478,21.198,200
22.515,21.235,200
22.556,21.276,200
22.598,21.318,200
22.638,21.358,200
22.678,21.398,200
22.715,21.435,198
22.766,21.486,197
22.796,21.516,197
22.842,21.562,196
22.875,21.595,195
22.917,21.637,193
22.956,21.676,193
22.999,21.719,190
23.033,21.753,190
23.076,21.796,189
23.121,21.841,187
23.164,21.884,187
23.202,21.922,186
23.236,21.956,184
23.281,22.001,183
23.318,22.038,180
23.360,22.080,179
23.399,22.119,179
23.436,22.156,178
23.477,22.197,177
23.520,22.240,174
23.560,22.280,174
23.594,22.314,173
23.636,22.356,172
23.676,22.396,170
23.719,22.439,166
23.757,22.477,166
23.798,22.518,165
23.841,22.561,163
23.875,22.595,162
23.923,22.643,159
23.957,22.677,159
23.997,22.717,157
24.034,22.754,156
24.075,22.795,154
24.114,22.834,152
24.157,22.877,151
24.196,22.916,150
24.244,22.964,149
24.275,22.995,148
24.315,23.035,145
24.354,23.074,144
24.395,23.115,144
24.440,23.160,143
24.476,23.196,142
24.517,23.237,140
24.563,23.283,140
24.598,23.318,140
24.638,23.358,139
24.675,23.395,139
24.714,23.434,138
24.754,23.474,138
24.797,23.517,138
24.835,23.555,137
24.884,23.604,137
24.920,23.640,137
24.958,23.678,137
24.997,23.717,137
25.037,23.757,136
25.075,23.795,135
25.114,23.834,134
25.154,23.874,134
25.207,23.927,134
25.240,23.960,133
25.278,23.998,132
25.317,24.037,131
25.355,24.075,130
25.395,24.115,130
25.434,24.154,129
25.478,24.198,128
25.514,24.234,126
25.561,24.281,126
25.597,24.317,125
25.640,24.360,124
25.679,24.399,122
25.721,24.441,121
25.765,24.485,121
25.800,24.520,121
25.838,24.558,120
25.875,24.595,119
25.915,24.635,117
25.954,24.674,117
25.994,24.714,116
26.035,24.755,115
26.076,24.796,114
26.114,24.834,112
26.163,24.883,111
26.202,24.922,110
26.234,24.954,109
26.277,24.997,109
26.316,25.036,107
26.355,25.075,105
26.395,25.115,105
26.436,25.156,104
26.478,25.198,104
26.516,25.236,103
26.554,25.274,103
26.597,25.317,103
26.634,25.354,102
26.680,25.400,102
26.715,25.435,102
26.755,25.475,102
26.797,25.517,102
26.837,25.557,102
26.877,25.597,102
26.915,25.635,102
26.955,25.675,102
26.994,25.714,102
27.036,25.756,102
27.076,25.796,102
27.115,25.835,101
27.155,25.875,101
27.195,25.915,101
27.236,25.956,101
27.276,25.996,102
27.314,26.034,102
27.355,26.075,102
27.394,26.114,103
27.434,26.154,103
27.476,26.196,103
27.516,26.236,105
27.555,26.275,105
27.593,26.313,105
27.642,26.362,106
27.680,26.400,106
27.720,26.440,107
27.763,26.483,107
27.808,26.528,107
27.835,26.555,108
27.874,26.594,108
27.915,26.635,109
27.955,26.675,109
27.995,26.715,109
28.037,26.757,110
28.075,26.795,111
28.114,26.834,113
28.155,26.875,113
28.195,26.915,113
28.235,26.955,114
28.274,26.994,115
28.315,27.035,117
28.354,27.074,117
28.393,27.113,118
28.434,27.154,118
28.490,27.210,119
28.514,27.234,121
28.555,27.275,122
28.593,27.313,123
28.634,27.354,123
28.675,27.395,124
28.715,27.435,126
28.754,27.474,128
28.798,27.518,128
28.834,27.554,128
28.873,27.593,129
28.915,27.635,131
28.953,27.673,132
28.995,27.715,132
29.035,27.755,133
29.075,27.795,134
29.116,27.836,136
29.154,27.874,137
29.226,27.946,137
29.253,27.973,138
29.286,28.006,139
29.315,28.035,140
29.355,28.075,141
29.393,28.113,141
29.434,28.154,142
29.475,28.195,143
29.515,28.235,145
29.554,28.274,145
29.599,28.319,146
29.635,28.355,147
29.674,28.394,148
29.714,28.434,151
29.756,28.476,151
29.796,28.516,151
29.835,28.555,152
29.875,28.595,153
29.917,28.637,155
29.957,28.677,156
29.995,28.715,156
30.036,28.756,157
30.075,28.795,157
30.115,28.835,157
30.154,28.874,156
30.194,28.914,156
30.236,28.956,156
30.276,28.996,156
30.317,29.037,155
30.354,29.074,155
30.394,29.114,154
30.434,29.154,154
30.474,29.194,153
30.514,29.234,152
30.557,29.277,152
30.598,29.318,152
30.635,29.355,151
30.674,29.394,150
30.715,29.435,149
30.755,29.475,149
30.793,29.513,148
30.834,29.554,148
30.890,29.610,148
30.918,29.638,148
30.953,29.673,148
30.994,29.714,148
31.035,29.755,147
31.078,29.798,147
31.116,29.836,148
31.158,29.878,148
31.197,29.917,148
31.235,29.955,148
31.274,29.994,148
31.314,30.034,148
31.354,30.074,149
31.395,30.115,149
31.434,30.154,149
31.476,30.196,150
31.515,30.235,149
31.556,30.276,149
31.594,30.314,148
31.634,30.354,148
31.675,30.395,148
31.715,30.435,148
31.754,30.474,147
31.793,30.513,147
31.835,30.555,146
31.879,30.599,146
31.917,30.637,144
31.957,30.677,144
31.995,30.715,144
32.034,30.754,142
32.075,30.795,141
32.115,30.835,138
32.155,30.875,137
32.196,30.916,137
32.237,30.957,136
32.274,30.994,135
32.315,31.035,133
32.355,31.075,132
32.395,31.115,131
32.435,31.155,131
32.476,31.196,129
32.516,31.236,127
32.554,31.274,125
32.595,31.315,125
32.635,31.355,124
32.674,31.394,123
32.715,31.435,121
32.756,31.476,121
32.798,31.518,119
32.842,31.562,119
32.875,31.595,118
32.915,31.635,116
32.955,31.675,116
32.995,31.715,116
33.034,31.754,116
33.077,31.797,115
33.118,31.838,115
33.159,31.879,114
33.199,31.919,114
33.236,31.956,115
33.275,31.995,114
33.315,32.035,113
33.353,32.073,113
33.394,32.114,113
33.439,32.159,113
33.477,32.197,113
33.516,32.236,114
33.555,32.275,114
33.594,32.314,115
33.635,32.355,115
33.674,32.394,115
33.715,32.435,115
33.761,32.481,115
33.795,32.515,115
33.835,32.555,116
33.875,32.595,116
33.914,32.634,116
33.954,32.674,116
33.995,32.715,116
34.036,32.756,116
34.076,32.796,117
34.116,32.836,117
34.155,32.875,118
34.194,32.914,118
34.234,32.954,118
34.275,32.995,118
34.316,33.036,119
34.356,33.076,119
34.398,33.118,120
34.436,33.156,119
34.476,33.196,119
34.526,33.246,117
34.554,33.274,117
34.594,33.314,116
34.635,33.355,116
34.676,33.396,116
34.713,33.433,114
34.760,33.480,114
34.797,33.517,113
34.835,33.555,112
34.874,33.594,112
34.915,33.635,111
34.955,33.675,111
34.995,33.715,111
35.034,33.754,111
35.077,33.797,111
35.119,33.839,110
35.157,33.877,109
35.197,33.917,109
35.236,33.956,110
35.274,33.994,110
35.313,34.033,110
35.354,34.074,110
35.394,34.114,110
35.437,34.157,109
35.474,34.194,109
35.515,34.235,110
35.554,34.274,110
35.594,34.314,110
35.635,34.355,110
35.675,34.395,110
35.715,34.435,111
35.756,34.476,111
35.796,34.516,111
35.834,34.554,112
35.875,34.595,113
35.914,34.634,114
35.954,34.674,114
35.994,34.714,115
36.035,34.755,116
36.073,34.793,116
36.116,34.836,117
36.156,34.876,117
36.195,34.915,117
36.233,34.953,118
36.275,34.995,119
36.315,35.035,120
36.356,35.076,120
36.393,35.113,121
36.437,35.157,121
36.477,35.197,122
36.515,35.235,123
36.554,35.274,123
36.594,35.314,125
36.637,35.357,126
36.674,35.394,127
36.714,35.434,129
36.755,35.475,129
36.795,35.515,130
36.834,35.554,131
36.875,35.595,132
36.914,35.634,135
36.955,35.675,135
36.994,35.714,136
37.035,35.755,137
37.075,35.795,138
37.115,35.835,140
37.160,35.880,142
37.195,35.915,142
37.236,35.956,143
37.275,35.995,144
37.317,36.037,145
37.357,36.077,147
37.397,36.117,147
37.437,36.157,148
37.480,36.200,149
37.516,36.236,151
37.557,36.277,151
37.595,36.315,152
37.634,36.354,152
37.674,36.394,154
37.714,36.434,156
37.755,36.475,156
37.797,36.517,156
37.835,36.555,157
37.875,36.595,159
37.915,36.635,161
37.954,36.674,161
37.995,36.715,161
38.033,36.753,162
38.075,36.795,162
38.115,36.835,159
38.155,36.875,159
38.198,36.918,157
38.238,36.958,155
38.275,36.995,153
38.314,37.034,151
38.353,37.073,149
38.394,37.114,149
38.434,37.154,148
38.475,37.195,146
38.516,37.236,142
38.559,37.279,140
38.598,37.318,140
38.634,37.354,138
38.673,37.393,137
38.714,37.434,136
38.754,37.474,136
38.794,37.514,135
38.835,37.555,133
38.876,37.596,131
38.916,37.636,130
38.954,37.674,129
38.995,37.715,129
39.034,37.754,128
39.075,37.795,127
39.115,37.835,124
39.155,37.875,122
39.197,37.917,122
39.253,37.973,122
39.280,38.000,121
39.317,38.037,118
39.357,38.077,117
39.397,38.117,117
39.452,38.172,115
39.479,38.199,115
39.517,38.237,114
39.557,38.277,113
39.600,38.320,112
39.639,38.359,112
39.677,38.397,110
39.718,38.438,109
39.761,38.481,109
39.799,38.519,109
39.836,38.556,109
39.879,38.599,107
39.915,38.635,104
39.955,38.675,104
39.995,38.715,104
40.035,38.755,103
40.074,38.794,103
40.116,38.836,101
40.157,38.877,100
40.198,38.918,100
40.235,38.955,99
40.274,38.994,98
40.315,39.035,97
40.355,39.075,97
40.394,39.114,97
40.435,39.155,96
40.476,39.196,96
40.515,39.235,96
40.553,39.273,96
40.595,39.315,96
40.635,39.355,95
40.675,39.395,95
40.728,39.448,95
40.760,39.480,96
40.795,39.515,96
40.833,39.553,96
40.876,39.596,96
40.920,39.640,97
40.957,39.677,96
40.996,39.716,96
41.041,39.761,97
41.075,39.795,97
41.114,39.834,98
41.155,39.875,98
41.195,39.915,98
41.235,39.955,99
41.274,39.994,99
41.316,40.036,99
41.356,40.076,99
41.394,40.114,99
41.434,40.154,100
41.474,40.194,100
41.514,40.234,101
41.555,40.275,101
41.594,40.314,102
41.639,40.359,102
41.676,40.396,103
41.718,40.438,104
41.758,40.478,105
41.797,40.517,105
41.838,40.558,105
41.878,40.598,106
41.922,40.642,108
41.954,40.674,109
42.001,40.721,109
42.038,40.758,110
42.074,40.794,111
42.115,40.835,113
42.154,40.874,114
42.194,40.914,115
42.234,40.954,115
42.280,41.000,116
42.317,41.037,119
42.355,41.075,120
42.395,41.115,120
42.434,41.154,121
42.473,41.193,121
42.515,41.235,123
42.564,41.284,125
42.600,41.320,125
42.635,41.355,126
42.675,41.395,127
42.716,41.436,129
42.755,41.475,130
42.795,41.515,130
42.835,41.555,131
42.875,41.595,132
42.923,41.643,133
42.957,41.677,134
42.994,41.714,134
43.035,41.755,134
43.075,41.795,134
43.114,41.834,136
43.155,41.875,137
43.196,41.916,137
43.235,41.955,138
43.278,41.998,140
43.321,42.041,140
43.354,42.074,141
43.394,42.114,141
43.436,42.156,143
43.474,42.194,143
43.515,42.235,144
43.559,42.279,145
43.600,42.320,146
43.634,42.354,146
43.675,42.395,147
43.715,42.435,148
43.757,42.477,149
43.800,42.520,149
43.837,42.557,149
43.880,42.600,151
43.917,42.637,153
43.957,42.677,154
43.999,42.719,154
44.038,42.758,155
44.078,42.798,156
44.118,42.838,158
44.159,42.879,158
44.198,42.918,159
44.239,42.959,160
44.279,42.999,161
44.318,43.038,163
44.357,43.077,163
44.397,43.117,164
44.442,43.162,165
44.479,43.199,166
44.522,43.242,168
44.560,43.280,168
44.613,43.333,169
44.639,43.359,169
44.676,43.396,170
44.718,43.438,171
44.755,43.475,171
44.794,43.514,172
44.835,43.555,174
44.883,43.603,175
44.917,43.637,177
44.954,43.674,178
44.993,43.713,178
45.034,43.754,179
45.075,43.795,179
45.115,43.835,181
45.156,43.876,181
45.197,43.917,182
45.235,43.955,183
45.274,43.994,184
45.314,44.034,185
45.355,44.075,186
45.394,44.114,188
45.440,44.160,188
45.477,44.197,188
45.515,44.235,190
45.555,44.275,190
45.593,44.313,191
45.634,44.354,192
45.676,44.396,193
45.716,44.436,195
45.757,44.477,195
45.803,44.523,196
45.835,44.555,197
45.875,44.595,199
45.916,44.636,202
45.956,44.676,
45.995,44.715,
46.043,44.763,204
46.083,44.803,205
46.115,44.835,208
46.155,44.875,208
46.194,44.914,209
46.235,44.955,211
46.274,44.994,212
46.319,45.039,215
46.364,45.084,215
46.395,45.115,217
46.435,45.155,217
46.475,45.195,219
46.516,45.236,
46.558,45.278,221
46.604,45.324,223
46.644,45.364,224
46.678,45.398,225
46.719,45.439,227
46.759,45.479,227
46.802,45.522,228
46.839,45.559,230
46.878,45.598,
46.917,45.637,234
46.969,45.689,234
46.999,45.719,234
47.038,45.758,236
47.080,45.800,237
47.117,45.837,240
47.158,45.878,240
47.196,45.916,241
47.243,45.963,242
47.281,46.001,243
47.321,46.041,245
47.360,46.080,245
47.400,46.120,246
47.441,46.161,247
47.478,46.198,248
47.517,46.237,250
47.561,46.281,250
47.597,46.317,251
47.635,46.355,252
47.675,46.395,254
47.715,46.435,256
47.755,46.475,256
47.796,46.516,257
47.835,46.555,257
47.880,46.600,258
47.918,46.638,259
47.954,46.674,259
47.995,46.715,260
48.035,46.755,260
48.075,46.795,
48.116,46.836,262
48.155,46.875,262
48.201,46.921,262
48.240,46.960,263
48.275,46.995,263
48.316,47.036,264
48.355,47.075,264
48.394,47.114,264
48.435,47.155,264
48.474,47.194,264
48.519,47.239,264
48.556,47.276,264
48.599,47.319,264
48.638,47.358,264
48.679,47.399,265
48.717,47.437,266
48.761,47.481,266
48.797,47.517,266
48.844,47.564,266
48.875,47.595,267
48.915,47.635,267
48.954,47.674,267
48.995,47.715,267
49.034,47.754,267
49.074,47.794,267
49.115,47.835,268
49.156,47.876,268
49.195,47.915,268
49.234,47.954,267
49.277,47.997,267
49.315,48.035,267
49.356,48.076,267
49.395,48.115,267
49.435,48.155,268
49.497,48.217,268
49.521,48.241,269
49.555,48.275,269
49.602,48.322,269
49.639,48.359,269
49.677,48.397,269
49.718,48.438,269
49.756,48.476,270
49.794,48.514,270
49.836,48.556,270
49.875,48.595,270
49.913,48.633,270
49.955,48.675,272
49.994,48.714,272
50.033,48.753,272
50.074,48.794,272
50.112,48.832,273
50.154,48.874,273
50.194,48.914,273
50.232,48.952,273
50.273,48.993,274
50.313,49.033,275
50.353,49.073,274
50.393,49.113,274
50.434,49.154,274
50.475,49.195,275
50.513,49.233,276
50.553,49.273,278
50.594,49.314,278
50.633,49.353,279
50.674,49.394,279
50.712,49.432,279
50.764,49.484,279
50.793,49.513,279
50.834,49.554,279
50.875,49.595,280
50.913,49.633,280
50.956,49.676,280
50.994,49.714,279
51.035,49.755,278
51.076,49.796,278
51.113,49.833,276
51.155,49.875,275
51.194,49.914,275
51.234,49.954,274
51.274,49.994,273
51.314,50.034,270
51.364,50.084,268
51.394,50.114,268
51.433,50.153,267
51.474,50.194,265
51.515,50.235,262
51.554,50.274,261
51.598,50.318,261
51.650,50.370,259
51.680,50.400,257
51.714,50.434,253
51.756,50.476,251
51.797,50.517,251
51.841,50.561,249
51.876,50.596,247
51.940,50.660,243
51.965,50.685,241
52.003,50.723,241
52.040,50.760,239
52.076,50.796,237
52.117,50.837,236
52.155,50.875,236
52.199,50.919,235
52.244,50.964,234
52.281,51.001,233
52.317,51.037,232
52.360,51.080,
52.397,51.117,
52.443,51.163,230
52.482,51.202,229
52.519,51.239,227
52.587,51.307,225
52.619,51.339,225
52.643,51.363,224
52.677,51.397,224
52.718,51.438,223
52.757,51.477,223
52.798,51.518,223
52.838,51.558,221
52.879,51.599,220
52.924,51.644,218
52.958,51.678,217
52.998,51.718,217
53.040,51.760,217
53.080,51.800,215
53.119,51.839,213
53.158,51.878,212
53.198,51.918,212
53.241,51.961,211
53.279,51.999,210
53.323,52.043,207
53.361,52.081,206
53.398,52.118,206
53.442,52.162,205
53.481,52.201,204
53.522,52.242,202
53.575,52.295,200
53.599,52.319,200
53.639,52.359,199
53.680,52.400,197
53.718,52.438,196
53.757,52.477,194
53.794,52.514,194
53.833,52.553,193
53.874,52.594,192
53.917,52.637,190
53.954,52.674,189
53.993,52.713,188
54.035,52.755,188
54.075,52.795,186
54.113,52.833,184
54.155,52.875,183
54.194,52.914,183
54.242,52.962,182
54.274,52.994,181
54.313,53.033,179
54.352,53.072,178
54.395,53.115,178
54.436,53.156,178
54.475,53.195,177
54.512,53.232,175
54.556,53.276,175
54.601,53.321,174
54.634,53.354,174
54.674,53.394,174
54.713,53.433,174
54.754,53.474,174
54.795,53.515,174
54.833,53.553,174
54.874,53.594,174
54.925,53.645,174
54.955,53.675,174
54.999,53.719,174
55.034,53.754,174
55.076,53.796,174
55.114,53.834,175
55.152,53.872,175
55.194,53.914,176
55.232,53.952,176
55.276,53.996,176
55.313,54.033,176
55.353,54.073,177
55.395,54.115,177
55.435,54.155,177
55.474,54.194,177
55.523,54.243,178
55.557,54.277,178
55.597,54.317,178
55.638,54.358,179
55.676,54.396,179
55.716,54.436,180
55.755,54.475,180
55.796,54.516,180
55.838,54.558,180
55.882,54.602,180
55.916,54.636,183
55.955,54.675,184
55.997,54.717,184
56.037,54.757,184
56.074,54.794,185
56.118,54.838,186
56.161,54.881,187
56.202,54.922,187
56.238,54.958,187
56.276,54.996,188
56.317,55.037,189
56.359,55.079,189
56.398,55.118,189
56.444,55.164,189
56.480,55.200,189
56.517,55.237,190
56.554,55.274,190
56.604,55.324,190
56.636,55.356,190
56.678,55.398,190
56.717,55.437,190
56.756,55.476,190
56.797,55.517,191
56.836,55.556,191
56.878,55.598,191
56.918,55.638,192
56.958,55.678,192
57.010,55.730,192
57.041,55.761,193
57.080,55.800,193
57.129,55.849,194
57.167,55.887,194
57.198,55.918,195
57.238,55.958,195
57.282,56.002,195
57.322,56.042,195
57.363,56.083,195
57.401,56.121,196
57.445,56.165,196
57.485,56.205,197
57.526,56.246,199
57.564,56.284,199
57.604,56.324,199
57.635,56.355,199
57.675,56.395,200
57.714,56.434,201
57.753,56.473,201
57.793,56.513,201
57.833,56.553,
57.873,56.593,202
57.915,56.635,203
57.952,56.672,203
57.993,56.713,203
58.033,56.753,204
58.073,56.793,205
58.113,56.833,205
58.153,56.873,206
58.193,56.913,206
58.234,56.954,206
58.273,56.993,207
58.314,57.034,208
58.352,57.072,208
58.394,57.114,209
58.433,57.153,209
58.473,57.193,210
58.513,57.233,211
58.554,57.274,211
58.604,57.324,212
58.637,57.357,212
58.673,57.393,213
58.713,57.433,215
58.754,57.474,215
58.793,57.513,215
58.833,57.553,216
58.873,57.593,217
58.915,57.635,217
58.955,57.675,217
58.994,57.714,218
59.033,57.753,219
59.074,57.794,220
59.112,57.832,
59.153,57.873,222
59.198,57.918,222
59.238,57.958,222
59.273,57.993,223
59.312,58.032,225
59.352,58.072,225
59.394,58.114,226
59.435,58.155,226
59.476,58.196,226
59.519,58.239,226
59.554,58.274,226
59.608,58.328,
59.637,58.357,228
59.675,58.395,228
59.720,58.440,229
59.755,58.475,229
59.795,58.515,230
59.834,58.554,230
59.876,58.596,
59.929,58.649,232
59.957,58.677,232
59.997,58.717,232
60.034,58.754,233
60.075,58.795,233
60.119,58.839,233
60.157,58.877,233
60.195,58.915,233
60.236,58.956,233
60.283,59.003,233
60.319,59.039,234
60.354,59.074,234
60.398,59.118,234
60.438,59.158,234
60.477,59.197,234
60.514,59.234,234
60.556,59.276,234
60.596,59.316,234
60.643,59.363,235
60.683,59.403,235
60.720,59.440,235
60.765,59.485,235
60.810,59.530,235
60.844,59.564,235
60.897,59.617,235
60.935,59.655,236
60.969,59.689,237
61.004,59.724,237
61.034,59.754,237
61.075,59.795,238
61.114,59.834,240
61.154,59.874,240
61.194,59.914,241
61.234,59.954,241
61.274,59.994,
61.315,60.035,242
61.358,60.078,243
61.397,60.117,243
61.435,60.155,243
61.474,60.194,244
61.514,60.234,245
61.555,60.275,245
61.595,60.315,245
61.635,60.355,246
61.675,60.395,247
61.714,60.434,248
61.755,60.475,248
61.795,60.515,248
61.834,60.554,248
61.874,60.594,249
61.916,60.636,250
61.954,60.674,251
61.997,60.717,
62.035,60.755,
62.075,60.795,
62.114,60.834,252
62.155,60.875,253
62.195,60.915,253
62.234,60.954,253
62.277,60.997,254
62.315,61.035,255
62.355,61.075,255
62.394,61.114,255
62.435,61.155,255
62.481,61.201,256
62.514,61.234,257
62.555,61.275,258
62.594,61.314,258
62.635,61.355,258
62.675,61.395,258
62.714,61.434,259
62.755,61.475,260
62.794,61.514,260
62.836,61.556,260
62.874,61.594,
62.916,61.636,262
62.956,61.676,262
62.994,61.714,262
63.035,61.755,263
63.076,61.796,263
63.115,61.835,264
63.155,61.875,265
63.199,61.919,265
63.235,61.955,265
63.275,61.995,266
63.315,62.035,266
63.355,62.075,266
63.394,62.114,267
63.487,62.207,267
63.513,62.233,268
63.537,62.257,269
63.561,62.281,269
63.595,62.315,269
63.634,62.354,270
63.676,62.396,270
63.715,62.435,271
63.755,62.475,271
63.795,62.515,271
63.844,62.564,272
63.878,62.598,272
63.916,62.636,273
63.957,62.677,273
63.997,62.717,273
64.037,62.757,274
64.077,62.797,274
64.114,62.834,275
64.154,62.874,276
64.194,62.914,276
64.234,62.954,276
64.276,62.996,277
64.315,63.035,277
64.354,63.074,278
64.395,63.115,
64.435,63.155,279
64.476,63.196,279
64.514,63.234,280
64.555,63.275,280
64.596,63.316,280
64.635,63.355,281
64.675,63.395,282
64.715,63.435,283
64.755,63.475,283
64.795,63.515,283
64.836,63.556,283
64.875,63.595,283
64.920,63.640,286
64.959,63.679,287
64.995,63.715,287
65.035,63.755,287
65.074,63.794,288
65.114,63.834,289
65.155,63.875,290
65.194,63.914,290
65.233,63.953,291
65.275,63.995,290
65.315,64.035,290
65.356,64.076,289
65.394,64.114,289
65.434,64.154,289
65.474,64.194,290
65.515,64.235,291
65.554,64.274,291
65.593,64.313,291
65.635,64.355,291
65.678,64.398,
65.715,64.435,292
65.755,64.475,293
65.795,64.515,293
65.835,64.555,294
65.874,64.594,295
65.915,64.635,296
65.955,64.675,297
65.996,64.716,298
66.037,64.757,298
66.075,64.795,298
66.115,64.835,298
66.203,64.923,298
66.223,64.943,298
66.251,64.971,298
66.276,64.996,299
66.315,65.035,300
66.354,65.074,300
66.394,65.114,300
66.434,65.154,300
66.474,65.194,300
66.515,65.235,301
66.558,65.278,301
66.598,65.318,301
66.635,65.355,302
66.677,65.397,303
66.717,65.437,304
66.755,65.475,305
66.797,65.517,305
66.837,65.557,305
66.886,65.606,305
66.917,65.637,305
66.958,65.678,306
66.997,65.717,307
67.036,65.756,307
67.077,65.797,308
67.118,65.838,308
67.157,65.877,308
67.196,65.916,308
67.238,65.958,309
67.277,65.997,310
67.317,66.037,310
67.356,66.076,310
67.397,66.117,311
67.438,66.158,311
67.476,66.196,312
67.519,66.239,313
67.557,66.277,313
67.601,66.321,314
67.637,66.357,314
67.675,66.395,315
67.715,66.435,316
67.753,66.473,316
67.795,66.515,316
67.841,66.561,315
67.874,66.594,314
67.914,66.634,313
67.955,66.675,312
67.995,66.715,312
68.034,66.754,312
68.076,66.796,311
68.120,66.840,308
68.156,66.876,308
68.194,66.914,307
68.235,66.955,307
68.274,66.994,306
68.315,67.035,303
68.355,67.075,303
68.394,67.114,302
68.439,67.159,300
68.479,67.199,299
68.515,67.235,296
68.554,67.274,296
68.596,67.316,295
68.635,67.355,294
68.674,67.394,293
68.719,67.439,290
68.754,67.474,290
68.794,67.514,288
68.834,67.554,288
68.874,67.594,287
68.915,67.635,286
68.955,67.675,285
68.995,67.715,285
69.035,67.755,284
69.077,67.797,284
69.120,67.840,284
69.155,67.875,284
69.195,67.915,283
69.235,67.955,283
69.275,67.995,282
69.315,68.035,281
69.355,68.075,281
69.394,68.114,281
69.435,68.155,280
69.477,68.197,280
69.518,68.238,280
69.557,68.277,280
69.596,68.316,280
69.637,68.357,279
69.676,68.396,279
69.717,68.437,279
69.759,68.479,279
69.795,68.515,278
69.835,68.555,277
69.876,68.596,275
69.916,68.636,272
69.954,68.674,
69.995,68.715,
70.035,68.755,269
70.105,68.825,267
70.130,68.850,265
70.158,68.878,265
70.196,68.916,264
70.235,68.955,262
70.275,68.995,259
70.315,69.035,256
70.355,69.075,256
70.396,69.116,254
70.438,69.158,253
70.476,69.196,252
70.516,69.236,248
70.555,69.275,248
70.594,69.314,246
70.635,69.355,244
70.675,69.395,243
70.716,69.436,240
70.756,69.476,240
70.795,69.515,238
70.842,69.562,237
70.876,69.596,235
70.916,69.636,232
70.954,69.674,231
70.994,69.714,230
71.035,69.755,230
71.074,69.794,229
71.120,69.840,226
71.155,69.875,225
71.194,69.914,225
71.235,69.955,224
71.275,69.995,223
71.314,70.034,
71.355,70.075,220
71.399,70.119,218
71.438,70.158,218
71.475,70.195,217
71.516,70.236,215
71.557,70.277,213
71.598,70.318,213
71.637,70.357,212
71.677,70.397,211
71.720,70.440,209
71.758,70.478,208
71.797,70.517,208
71.837,70.557,207
71.877,70.597,207
71.918,70.638,206
71.956,70.676,206
71.995,70.715,206
72.042,70.762,206
72.078,70.798,206
72.117,70.837,206
72.156,70.876,206
72.196,70.916,206
72.239,70.959,206
72.277,70.997,206
72.319,71.039,
72.360,71.080,207
72.402,71.122,207
72.439,71.159,
72.477,71.197,207
72.515,71.235,208
72.555,71.275,208
72.596,71.316,208
72.636,71.356,208
72.676,71.396,208
72.716,71.436,208
72.756,71.476,208
72.797,71.517,208
72.835,71.555,208
72.877,71.597,208
72.915,71.635,208
72.955,71.675,208
72.995,71.715,208
73.036,71.756,208
73.075,71.795,207
73.119,71.839,207
73.156,71.876,208
73.202,71.922,208
73.236,71.956,207
73.275,71.995,207
73.314,72.034,207
73.356,72.076,207
73.395,72.115,207
73.436,72.156,207
73.475,72.195,207
73.520,72.240,207
73.561,72.281,207
73.593,72.313,207
73.634,72.354,206
73.674,72.394,206
73.715,72.435,206
73.755,72.475,207
73.799,72.519,207
73.839,72.559,206
73.875,72.595,207
73.914,72.634,207
73.954,72.674,
73.995,72.715,
74.035,72.755,208
74.074,72.794,209
74.117,72.837,210
74.156,72.876,210
74.195,72.915,210
74.235,72.955,211
74.273,72.993,212
74.317,73.037,213
74.359,73.079,213
74.398,73.118,213
74.444,73.164,214
74.484,73.204,214
74.516,73.236,217
74.557,73.277,217
74.597,73.317,218
74.638,73.358,218
74.679,73.399,219
74.719,73.439,220
74.759,73.479,221
74.801,73.521,
74.837,73.557,222
74.877,73.597,223
74.917,73.637,223
74.957,73.677,
75.001,73.721,224
75.044,73.764,224
75.077,73.797,225
75.117,73.837,
75.158,73.878,
75.199,73.919,
75.239,73.959,
75.278,73.998,
75.315,74.035,228
75.355,74.075,228
75.395,74.115,228
75.435,74.155,227
75.482,74.202,226
75.523,74.243,223
75.555,74.275,
75.594,74.314,
75.636,74.356,219
75.675,74.395,218
76.020,74.740,215
76.048,74.768,214
76.065,74.785,203
76.108,74.828,200
76.153,74.873,200
76.199,74.919,198
76.231,74.951,197
76.274,74.994,195
76.313,75.033,192
76.351,75.071,191
76.393,75.113,191
76.432,75.152,190
76.482,75.202,189
76.517,75.237,186
76.556,75.276,184
76.594,75.314,184
76.636,75.356,183
76.674,75.394,182
76.717,75.437,179
76.754,75.474,177
76.796,75.516,177
76.844,75.564,175
76.877,75.597,174
76.913,75.633,170
76.953,75.673,168
76.995,75.715,168
77.035,75.755,166
77.075,75.795,165
77.115,75.835,161
77.157,75.877,159
77.199,75.919,159
77.238,75.958,156
77.280,76.000,155
77.319,76.039,151
77.358,76.078,150
77.398,76.118,148
77.437,76.157,148
77.478,76.198,146
77.523,76.243,142
77.555,76.275,141
77.595,76.315,141
77.635,76.355,139
77.675,76.395,137
77.717,76.437,134
77.755,76.475,132
77.795,76.515,132
77.835,76.555,132
77.875,76.595,130
77.917,76.637,127
77.956,76.676,125
77.995,76.715,125
78.035,76.755,124
78.075,76.795,123
78.114,76.834,122
78.155,76.875,120
78.195,76.915,120
78.236,76.956,119
78.276,76.996,117
78.316,77.036,116
78.371,77.091,116
78.400,77.120,116
78.435,77.155,115
78.477,77.197,115
78.515,77.235,112
78.555,77.275,111
78.598,77.318,111
78.634,77.354,110
78.681,77.401,109
78.722,77.442,108
78.755,77.475,107
78.795,77.515,107
78.836,77.556,106
78.874,77.594,104
78.914,77.634,103
78.956,77.676,101
78.995,77.715,100
79.034,77.754,100
79.079,77.799,99
79.117,77.837,98
79.155,77.875,98
79.194,77.914,98
79.235,77.955,98
79.276,77.996,97
79.316,78.036,97
79.361,78.081,96
79.418,78.138,96
79.453,78.173,96
79.482,78.202,96
79.520,78.240,97
79.555,78.275,97
79.594,78.314,97
79.636,78.356,97
79.675,78.395,97
79.716,78.436,98
79.756,78.476,99
79.800,78.520,99
79.835,78.555,99
79.874,78.594,99
79.914,78.634,100
79.958,78.678,100
79.995,78.715,100
80.038,78.758,100
80.076,78.796,100
80.114,78.834,101
80.155,78.875,101
80.194,78.914,102
80.237,78.957,102
80.276,78.996,102
80.328,79.048,103
80.354,79.074,103
80.403,79.123,103
80.437,79.157,104
80.475,79.195,104
80.517,79.237,104
80.556,79.276,104
80.596,79.316,105
80.637,79.357,105
80.685,79.405,106
80.717,79.437,106
80.758,79.478,106
80.797,79.517,106
80.836,79.556,106
80.876,79.596,106
80.918,79.638,106
80.958,79.678,106
80.997,79.717,106
81.045,79.765,106
81.089,79.809,106
81.116,79.836,106
81.155,79.875,106
81.195,79.915,106
81.235,79.955,105
81.275,79.995,105
81.316,80.036,105
81.356,80.076,105
81.397,80.117,105
81.435,80.155,105
81.477,80.197,105
81.517,80.237,105
81.556,80.276,105
81.598,80.318,106
81.636,80.356,107
81.678,80.398,107
81.716,80.436,107
81.759,80.479,107
81.797,80.517,108
81.844,80.564,109
81.876,80.596,110
81.916,80.636,112
81.957,80.677,112
81.996,80.716,112
82.036,80.756,113
82.077,80.797,113
82.117,80.837,115
82.164,80.884,116
82.199,80.919,116
82.235,80.955,117
82.276,80.996,117
82.317,81.037,119
82.362,81.082,119
82.401,81.121,120
82.441,81.161,121
82.483,81.203,122
82.520,81.240,124
82.556,81.276,124
82.596,81.316,125
82.635,81.355,125
82.676,81.396,126
82.716,81.436,127
82.759,81.479,128
82.799,81.519,130
82.861,81.581,130
82.914,81.634,131
82.947,81.667,132
82.973,81.693,132
82.999,81.719,134
83.039,81.759,135
83.076,81.796,136
83.115,81.835,138
83.158,81.878,138
83.197,81.917,138
83.252,81.972,139
83.280,82.000,141
83.315,82.035,143
83.356,82.076,143
83.395,82.115,144
83.437,82.157,146
83.478,82.198,146
83.517,82.237,148
83.557,82.277,148
83.604,82.324,149
83.643,82.363,151
83.676,82.396,152
83.717,82.437,154
83.756,82.476,154
83.799,82.519,155
83.835,82.555,156
83.876,82.596,158
83.922,82.642,160
83.957,82.677,160
83.995,82.715,161
84.035,82.755,162
84.078,82.798,163
84.115,82.835,165
84.155,82.875,166
84.203,82.923,166
84.238,82.958,168
84.275,82.995,168
84.317,83.037,169
84.358,83.078,169
84.397,83.117,169
84.436,83.156,169
84.477,83.197,170
84.525,83.245,172
84.557,83.277,173
84.604,83.324,174
84.639,83.359,174
84.682,83.402,175
84.722,83.442,179
84.765,83.485,180
84.796,83.516,180
84.843,83.563,180
84.877,83.597,182
84.916,83.636,185
84.957,83.677,186
84.995,83.715,186
85.038,83.758,187
85.077,83.797,188
85.117,83.837,191
85.157,83.877,192
85.204,83.924,192
85.238,83.958,194
85.278,83.998,194
85.589,84.309,195
85.614,84.334,196
85.642,84.362,201
85.676,84.396,202
85.719,84.439,205
85.758,84.478,205
85.798,84.518,205
85.837,84.557,206
85.879,84.599,207
85.916,84.636,208
85.956,84.676,209
85.998,84.718,209
86.037,84.757,210
86.077,84.797,211
86.117,84.837,212
86.158,84.878,213
86.197,84.917,214
86.238,84.958,214
86.279,84.999,215
86.316,85.036,215
86.355,85.075,216
86.397,85.117,216
86.436,85.156,217
86.478,85.198,218
86.517,85.237,219
86.561,85.281,220
86.601,85.321,220
86.640,85.360,220
86.682,85.402,
86.721,85.441,223
86.762,85.482,223
86.801,85.521,223
86.837,85.557,224
86.877,85.597,225
86.921,85.641,226
86.959,85.679,227
86.995,85.715,228
87.037,85.757,228
87.077,85.797,228
87.117,85.837,229
87.157,85.877,230
87.198,85.918,230
87.236,85.956,231
87.281,86.001,
87.323,86.043,233
87.356,86.076,233
87.397,86.117,233
87.438,86.158,234
87.477,86.197,234
87.516,86.236,236
87.557,86.277,236
87.599,86.319,237
87.639,86.359,237
87.676,86.396,238
87.717,86.437,239
87.757,86.477,240
87.798,86.518,240
87.837,86.557,240
87.878,86.598,241
87.924,86.644,
87.963,86.683,242
88.001,86.721,242
88.039,86.759,243
88.075,86.795,244
88.116,86.836,246
88.159,86.879,245
88.197,86.917,245
88.239,86.959,246
88.278,86.998,247
88.319,87.039,249
88.358,87.078,250
88.396,87.116,250
88.438,87.158,250
88.477,87.197,250
88.517,87.237,252
88.558,87.278,253
88.598,87.318,253
88.637,87.357,253
88.679,87.399,254
88.720,87.440,255
88.760,87.480,255
88.802,87.522,255
88.836,87.556,256
88.874,87.594,256
88.916,87.636,258
88.956,87.676,259
88.999,87.719,259
89.041,87.761,260
89.076,87.796,261
89.117,87.837,262
89.158,87.878,262
89.198,87.918,263
89.235,87.955,263
89.274,87.994,264
89.318,88.038,264
89.357,88.077,265
89.398,88.118,265
89.438,88.158,266
89.475,88.195,266
89.516,88.236,267
89.558,88.278,268
89.595,88.315,268
89.634,88.354,268
89.679,88.399,268
89.718,88.438,269
89.756,88.476,270
89.802,88.522,270
89.843,88.563,270
89.882,88.602,270
89.925,88.645,270
89.959,88.679,270
90.004,88.724,270
90.034,88.754,271
90.078,88.798,272
90.118,88.838,273
90.154,88.874,274
90.193,88.913,274
90.232,88.952,274
90.274,88.994,274
90.314,89.034,276
90.356,89.076,
90.396,89.116,
90.435,89.155,
90.472,89.192,
90.516,89.236,278
90.553,89.273,278
90.592,89.312,278
90.633,89.353,279
90.674,89.394,279
90.714,89.434,280
90.753,89.473,280
90.805,89.525,281
90.834,89.554,281
90.874,89.594,281
90.913,89.633,283
90.953,89.673,283
90.994,89.714,284
91.033,89.753,284
91.074,89.794,285
91.112,89.832,285
91.153,89.873,286
91.196,89.916,286
91.237,89.957,286
91.274,89.994,287
91.314,90.034,288
91.353,90.073,289
91.393,90.113,289
91.433,90.153,289
91.476,90.196,290
91.514,90.234,
91.552,90.272,291
91.593,90.313,291
91.632,90.352,292
91.673,90.393,293
91.714,90.434,293
91.801,90.521,293
91.830,90.550,294
91.856,90.576,294
91.884,90.604,
91.917,90.637,293
91.955,90.675,292
91.994,90.714,292
92.036,90.756,291
92.075,90.795,291
92.114,90.834,289
92.157,90.877,289
92.198,90.918,288
92.235,90.955,287
92.274,90.994,286
92.315,91.035,284
92.360,91.080,283
92.398,91.118,282
92.441,91.161,281
92.476,91.196,280
92.514,91.234,278
92.554,91.274,277
92.595,91.315,277
92.639,91.359,277
92.679,91.399,275
92.718,91.438,272
92.761,91.481,272
92.801,91.521,272
92.835,91.555,271
92.879,91.599,270
92.920,91.640,268
92.958,91.678,267
92.999,91.719,267
93.036,91.756,265
93.076,91.796,263
93.117,91.837,
93.162,91.882,
93.195,91.915,
93.241,91.961,259
93.285,92.005,258
93.325,92.045,255
93.360,92.080,254
93.403,92.123,254
93.435,92.155,253
93.475,92.195,252
93.518,92.238,250
93.555,92.275,250
93.594,92.314,248
93.634,92.354,247
93.674,92.394,246
93.715,92.435,245
93.754,92.474,245
93.795,92.515,244
93.839,92.559,243
93.875,92.595,242
93.914,92.634,241
93.955,92.675,241
93.994,92.714,241
94.036,92.756,240
94.075,92.795,240
94.115,92.835,240
94.159,92.879,240
94.194,92.914,240
94.236,92.956,240
94.275,92.995,240
94.315,93.035,240
94.356,93.076,241
94.396,93.116,241
94.434,93.154,
94.474,93.194,242
94.514,93.234,242
94.555,93.275,242
94.595,93.315,242
94.634,93.354,243
94.687,93.407,243
94.715,93.435,243
94.754,93.474,244
94.795,93.515,244
94.835,93.555,244
94.875,93.595,244
95.176,93.896,245
95.202,93.922,246
95.226,93.946,246
95.260,93.980,247
95.287,94.007,247
95.324,94.044,245
95.367,94.087,244
95.403,94.123,244
95.436,94.156,243
95.475,94.195,242
95.514,94.234,
95.553,94.273,240
95.594,94.314,240
95.657,94.377,240
95.680,94.400,239
95.715,94.435,238
95.755,94.475,237
95.794,94.514,237
95.835,94.555,236
95.875,94.595,235
95.915,94.635,233
95.957,94.677,
95.994,94.714,230
96.034,94.754,230
96.074,94.794,229
96.114,94.834,226
96.154,94.874,
96.193,94.913,223
96.236,94.956,223
96.282,95.002,222
96.315,95.035,220
96.354,95.074,218
96.393,95.113,218
96.435,95.155,216
96.474,95.194,214
96.513,95.233,212
96.558,95.278,210
96.598,95.318,210
96.634,95.354,209
96.673,95.393,207
96.714,95.434,204
96.754,95.474,203
96.795,95.515,203
96.834,95.554,
96.875,95.595,199
96.914,95.634,196
96.955,95.675,194
96.994,95.714,194
97.034,95.754,192
97.075,95.795,191
97.115,95.835,188
97.156,95.876,186
97.199,95.919,186
97.238,95.958,185
97.277,95.997,183
97.321,96.041,182
97.356,96.076,181
97.396,96.116,180
97.442,96.162,180
97.474,96.194,178
97.514,96.234,177
97.556,96.276,176
97.594,96.314,176
97.633,96.353,175
97.674,96.394,175
97.714,96.434,174
97.753,96.473,174
97.794,96.514,174
97.838,96.558,173
97.875,96.595,173
97.914,96.634,173
97.955,96.675,173
97.995,96.715,173
98.034,96.754,173
98.075,96.795,173
98.118,96.838,173
98.158,96.878,173
98.198,96.918,174
98.234,96.954,174
98.274,96.994,174
98.315,97.035,175
98.354,97.074,174
98.394,97.114,174
98.436,97.156,174
98.474,97.194,175
98.514,97.234,175
98.554,97.274,176
98.595,97.315,176
98.635,97.355,176
98.675,97.395,175
98.715,97.435,176
98.759,97.479,175
98.795,97.515,176
98.834,97.554,176
98.875,97.595,176
98.914,97.634,176
98.955,97.675,176
98.995,97.715,176
99.037,97.757,176
99.077,97.797,177
99.114,97.834,177
99.154,97.874,177
99.195,97.915,177
99.235,97.955,177
99.278,97.998,177
99.318,98.038,177
99.357,98.077,176
99.397,98.117,175
99.436,98.156,175
99.472,98.192,174
99.514,98.234,171
99.554,98.274,170
99.592,98.312,170
99.635,98.355,168
99.674,98.394,167
99.714,98.434,164
99.753,98.473,162
99.794,98.514,160
99.834,98.554,160
99.872,98.592,158
99.913,98.633,155
99.954,98.674,152
99.997,98.717,152
100.033,98.753,151
100.074,98.794,149
100.114,98.834,145
100.153,98.873,144
100.193,98.913,142
100.233,98.953,142
100.272,98.992,140
100.314,99.034,137
100.353,99.073,136
100.393,99.113,136
100.432,99.152,135
100.474,99.194,134
100.515,99.235,131
100.553,99.273,130
100.595,99.315,129
100.635,99.355,129
100.679,99.399,129
100.713,99.433,128
100.754,99.474,128
100.794,99.514,128
100.833,99.553,127
100.872,99.592,127
100.917,99.637,127
100.955,99.675,127
100.999,99.719,127
101.035,99.755,127
101.073,99.793,127
101.112,99.832,128
101.153,99.873,127
101.193,99.913,127
101.235,99.955,126
101.276,99.996,126
101.317,100.037,127
101.355,100.075,128
101.396,100.116,128
101.435,100.155,128
101.475,100.195,128
101.515,100.235,127
101.556,100.276,127
101.597,100.317,128
101.635,100.355,128
101.675,100.395,128
101.715,100.435,129
101.755,100.475,128
101.804,100.524,128
101.835,100.555,128
101.874,100.594,128
101.918,100.638,128
101.959,100.679,128
101.995,100.715,129
102.035,100.755,129
102.075,100.795,129
102.115,100.835,130
102.155,100.875,130
102.197,100.917,131
102.246,100.966,131
102.277,100.997,131
102.317,101.037,130
102.356,101.076,131
102.399,101.119,131
102.437,101.157,132
102.479,101.199,132
102.519,101.239,133
102.559,101.279,133
102.597,101.317,133
102.637,101.357,134
102.676,101.396,135
102.715,101.435,136
102.755,101.475,136
102.801,101.521,136
102.835,101.555,137
102.875,101.595,137
102.915,101.635,140
102.954,101.674,140
102.995,101.715,140
103.036,101.756,141
103.074,101.794,141
103.114,101.834,141
103.158,101.878,141
103.195,101.915,139
103.234,101.954,139
103.274,101.994,138
103.315,102.035,136
103.354,102.074,135
103.398,102.118,134
103.435,102.155,134
103.475,102.195,132
103.515,102.235,129
103.555,102.275,128
103.594,102.314,128
103.635,102.355,127
103.675,102.395,125
103.716,102.436,122
103.756,102.476,121
103.796,102.516,121
103.835,102.555,120
103.874,102.594,119
103.913,102.633,116
103.955,102.675,114
103.996,102.716,114
104.033,102.753,113
104.077,102.797,112
104.115,102.835,109
104.156,102.876,109
104.193,102.913,108
104.234,102.954,106
104.276,102.996,105
104.314,103.034,102
104.354,103.074,101
104.396,103.116,100
104.443,103.163,100
104.525,103.245,99
104.542,103.262,96
104.559,103.279,95
104.595,103.315,95
104.635,103.355,94
104.675,103.395,93
104.718,103.438,92
104.756,103.476,91
104.795,103.515,91
104.835,103.555,91
104.875,103.595,90
104.914,103.634,89
104.955,103.675,89
104.995,103.715,89
105.034,103.754,88
105.078,103.798,88
105.115,103.835,87
105.155,103.875,87
105.194,103.914,87
105.235,103.955,87
105.274,103.994,86
105.315,104.035,86
105.355,104.075,85
105.397,104.117,85
105.436,104.156,85
105.475,104.195,84
105.517,104.237,84
105.557,104.277,84
105.600,104.320,84
105.638,104.358,84
105.682,104.402,84
105.715,104.435,84
105.753,104.473,83
105.792,104.512,83
105.834,104.554,83
105.874,104.594,83
105.913,104.633,84
105.954,104.674,83
105.993,104.713,83
106.036,104.756,83
106.074,104.794,83
106.113,104.833,83
106.152,104.872,83
106.194,104.914,83
106.234,104.954,83
106.274,104.994,82
106.312,105.032,82
106.359,105.079,81
106.393,105.113,81
106.433,105.153,81
106.473,105.193,81
106.514,105.234,82
106.554,105.274,82
106.594,105.314,82
106.635,105.355,82
106.676,105.396,82
106.720,105.440,83
106.755,105.475,84
106.794,105.514,84
106.832,105.552,84
106.873,105.593,85
106.914,105.634,86
106.952,105.672,87
106.995,105.715,87
107.034,105.754,87
107.074,105.794,88
107.114,105.834,89
107.154,105.874,90
107.192,105.912,90
107.232,105.952,91
107.273,105.993,92
107.313,106.033,93
107.354,106.074,93
107.393,106.113,94
107.436,106.156,94
107.473,106.193,94
107.516,106.236,95
107.555,106.275,96
107.595,106.315,96
107.635,106.355,97
107.675,106.395,97
107.722,106.442,98
107.762,106.482,98
107.795,106.515,98
107.835,106.555,98
107.876,106.596,98
107.916,106.636,97
107.956,106.676,96
107.995,106.715,96
108.039,106.759,95
108.076,106.796,95
108.116,106.836,94
108.154,106.874,93
108.194,106.914,93
108.236,106.956,92
108.275,106.995,90
108.317,107.037,89
108.362,107.082,89
108.399,107.119,89
108.435,107.155,88
108.476,107.196,88
108.515,107.235,88
108.555,107.275,88
108.597,107.317,88
108.637,107.357,87
108.684,107.404,87
108.721,107.441,87
108.756,107.476,87
108.796,107.516,87
108.836,107.556,88
108.875,107.595,89
108.918,107.638,90
108.958,107.678,90
108.999,107.719,91
109.041,107.761,91
109.081,107.801,92
109.124,107.844,93
109.158,107.878,94
109.197,107.917,94
109.240,107.960,94
109.287,108.007,95
109.319,108.039,96
109.353,108.073,97
109.395,108.115,97
109.433,108.153,98
109.477,108.197,98
109.512,108.232,99
109.554,108.274,99
109.594,108.314,100
109.634,108.354,101
109.675,108.395,102
109.713,108.433,104
109.759,108.479,104
109.802,108.522,104
109.833,108.553,105
109.874,108.594,106
109.914,108.634,108
109.952,108.672,108
109.993,108.713,109
110.032,108.752,111
110.075,108.795,111
110.115,108.835,114
110.153,108.873,114
110.193,108.913,115
110.234,108.954,116
110.273,108.993,117
110.314,109.034,119
110.364,109.084,119
110.397,109.117,121
110.434,109.154,122
110.474,109.194,123
110.513,109.233,125
110.552,109.272,126
110.593,109.313,127
110.633,109.353,127
110.673,109.393,129
110.715,109.435,131
110.753,109.473,131
110.793,109.513,132
110.833,109.553,133
110.875,109.595,134
110.914,109.634,137
110.953,109.673,137
111.000,109.720,138
111.033,109.753,139
111.073,109.793,139
111.115,109.835,141
111.156,109.876,141
111.194,109.914,142
111.236,109.956,144
111.280,110.000,145
111.326,110.046,147
111.355,110.075,147
111.396,110.116,149
111.435,110.155,150
111.477,110.197,151
111.517,110.237,153
111.555,110.275,154
111.603,110.323,154
111.639,110.359,156
111.675,110.395,157
111.716,110.436,158
111.756,110.476,159
111.797,110.517,159
111.836,110.556,160
111.878,110.598,162
111.916,110.636,164
111.964,110.684,164
111.998,110.718,166
112.036,110.756,166
112.075,110.795,168
112.116,110.836,171
112.160,110.880,172
112.197,110.917,172
112.236,110.956,174
112.278,110.998,175
112.316,111.036,178
112.363,111.083,180
112.397,111.117,180
112.435,111.155,181
112.474,111.194,183
112.516,111.236,186
112.570,111.290,188
112.617,111.337,188
112.656,111.376,190
112.691,111.411,191
112.722,111.442,194
112.756,111.476,196
112.795,111.515,196
112.834,111.554,197
112.874,111.594,199
112.918,111.638,202
112.956,111.676,203
112.994,111.714,203
113.037,111.757,205
113.074,111.794,206
113.115,111.835,209
113.154,111.874,210
113.194,111.914,210
113.237,111.957,212
113.274,111.994,213
113.325,112.045,216
113.354,112.074,217
113.395,112.115,217
113.435,112.155,218
113.478,112.198,219
113.515,112.235,222
113.555,112.275,223
113.603,112.323,225
113.638,112.358,225
113.675,112.395,226
113.714,112.434,229
113.755,112.475,230
113.796,112.516,231
113.834,112.554,231
113.874,112.594,232
113.915,112.635,234
113.956,112.676,235
113.996,112.716,235
114.043,112.763,237
114.074,112.794,238
114.117,112.837,240
114.154,112.874,242
114.194,112.914,243
114.237,112.957,243
114.277,112.997,244
114.318,113.038,245
114.354,113.074,246
114.394,113.114,246
114.435,113.155,248
114.476,113.196,249
114.517,113.237,250
114.563,113.283,251
114.605,113.325,251
114.641,113.361,253
114.682,113.402,254
114.720,113.440,257
114.755,113.475,257
114.795,113.515,257
114.835,113.555,259
114.876,113.596,260
114.918,113.638,261
114.959,113.679,262
114.997,113.717,262
115.038,113.758,263
115.075,113.795,264
115.117,113.837,266
115.157,113.877,266
115.196,113.916,268
115.235,113.955,268
115.276,113.996,269
115.315,114.035,272
115.358,114.078,273
115.402,114.122,273
115.436,114.156,274
115.477,114.197,274
115.516,114.236,275
115.555,114.275,277
115.597,114.317,278
115.637,114.357,278
115.676,114.396,279
115.717,114.437,280
115.755,114.475,280
115.802,114.522,280
115.844,114.564,279
115.875,114.595,278
115.915,114.635,279
115.954,114.674,278
115.996,114.716,278
116.035,114.755,277
116.076,114.796,276
116.123,114.843,275
116.155,114.875,274
116.195,114.915,274
116.234,114.954,273
116.275,114.995,272
116.318,115.038,270
116.354,115.074,269
116.395,115.115,268
116.434,115.154,268
116.475,115.195,266
116.514,115.234,263
116.557,115.277,262
116.601,115.321,261
116.638,115.358,261
116.683,115.403,260
116.730,115.450,256
116.760,115.480,255
116.797,115.517,255
116.839,115.559,254
116.877,115.597,253
116.918,115.638,249
116.958,115.678,248
116.997,115.717,248
117.043,115.763,246
117.083,115.803,245
117.117,115.837,242
117.157,115.877,241
117.200,115.920,241
117.242,115.962,240
117.282,116.002,238
117.320,116.040,236
117.365,116.085,235
117.399,116.119,235
117.436,116.156,234
117.478,116.198,233
117.516,116.236,231
117.558,116.278,229
117.597,116.317,229
117.636,116.356,228
117.675,116.395,227
117.717,116.437,224
117.765,116.485,222
117.797,116.517,222
117.835,116.555,
117.876,116.596,219
117.917,116.637,218
117.956,116.676,217
117.996,116.716,217
118.042,116.762,217
118.077,116.797,216
118.116,116.836,215
118.154,116.874,215
118.195,116.915,214
118.237,116.957,214
118.275,116.995,214
118.325,117.045,213
118.364,117.084,211
118.394,117.114,210
118.436,117.156,210
118.475,117.195,209
118.515,117.235,207
118.557,117.277,207
118.597,117.317,206
118.644,117.364,204
118.678,117.398,203
118.715,117.435,
118.758,117.478,
118.796,117.516,
118.836,117.556,200
118.876,117.596,200
118.915,117.635,197
118.957,117.677,196
118.995,117.715,196
119.042,117.762,195
119.076,117.796,194
119.116,117.836,192
119.156,117.876,192
119.200,117.920,191
119.238,117.958,190
119.284,118.004,189
119.319,118.039,187
119.364,118.084,186
119.404,118.124,185
119.439,118.159,185
119.481,118.201,184
119.519,118.239,182
119.558,118.278,181
119.603,118.323,181
119.637,118.357,180
119.681,118.401,179
119.718,118.438,178
119.758,118.478,177
119.803,118.523,176
119.843,118.563,175
119.880,118.600,174
119.921,118.641,172
119.963,118.683,170
120.003,118.723,170
120.039,118.759,170
120.077,118.797,169
120.117,118.837,168
120.157,118.877,167
120.195,118.915,167
120.238,118.958,167
120.276,118.996,166
120.323,119.043,165
120.365,119.085,166
120.397,119.117,166
120.438,119.158,166
120.479,119.199,165
120.515,119.235,165
120.557,119.277,165
120.600,119.320,165
120.649,119.369,165
120.680,119.400,166
120.718,119.438,166
120.757,119.477,165
120.795,119.515,165
120.838,119.558,166
120.879,119.599,166
120.919,119.639,167
120.958,119.678,167
121.000,119.720,167
121.038,119.758,168
121.076,119.796,168
121.116,119.836,169
121.155,119.875,169
121.195,119.915,169
121.236,119.956,170
121.283,120.003,170
121.320,120.040,170
121.357,120.077,170
121.397,120.117,170
121.438,120.158,171
121.478,120.198,171
121.516,120.236,171
121.557,120.277,171
121.613,120.333,171
121.643,120.363,172
121.677,120.397,172
121.727,120.447,173
121.755,120.475,174
121.801,120.521,174
121.843,120.563,174
121.880,120.600,174
121.925,120.645,174
121.966,120.686,175
121.996,120.716,175
122.035,120.755,175
122.075,120.795,175
122.117,120.837,177
122.155,120.875,177
122.198,120.918,177
122.234,120.954,177
122.278,120.998,178
122.315,121.035,178
122.353,121.073,178
122.395,121.115,179
122.434,121.154,179
122.474,121.194,178
122.513,121.233,179
122.557,121.277,179
122.596,121.316,179
122.635,121.355,179
122.673,121.393,179
122.712,121.432,178
122.753,121.473,178
122.793,121.513,178
122.834,121.554,179
122.872,121.592,180
122.927,121.647,181
122.956,121.676,181
122.994,121.714,181
123.036,121.756,182
123.073,121.793,183
123.114,121.834,185
123.152,121.872,185
123.193,121.913,185
123.234,121.954,186
123.273,121.993,187
123.314,122.034,187
123.353,122.073,188
123.392,122.112,189
123.433,122.153,189
123.475,122.195,189
123.513,122.233,190
123.560,122.280,191
123.830,122.550,191
123.855,122.575,191
123.880,122.600,191
123.914,122.634,188
123.942,122.662,178
123.980,122.700,176
124.028,122.748,176
124.065,122.785,175
124.108,122.828,172
124.146,122.866,172
124.187,122.907,169
124.234,122.954,169
124.285,123.005,167
124.310,123.030,163
124.351,123.071,161
124.392,123.112,161
124.431,123.151,159
124.472,123.192,158
124.514,123.234,154
124.553,123.273,152
124.593,123.313,150
124.633,123.353,150
124.673,123.393,148
124.713,123.433,145
124.754,123.474,144
124.795,123.515,144
124.833,123.553,142
124.876,123.596,140
124.917,123.637,136
124.956,123.676,135
124.994,123.714,135
125.033,123.753,133
125.074,123.794,132
125.116,123.836,129
125.161,123.881,127
125.197,123.917,126
125.242,123.962,126
125.283,124.003,125
125.328,124.048,122
125.365,124.085,121
125.394,124.114,121
125.434,124.154,120
125.475,124.195,119
125.515,124.235,117
125.559,124.279,116
125.603,124.323,115
125.640,124.360,115
125.675,124.395,114
125.714,124.434,113
125.754,124.474,113
125.794,124.514,113
125.834,124.554,112
125.873,124.593,112
125.917,124.637,111
125.954,124.674,111
125.994,124.714,111
126.035,124.755,110
126.074,124.794,110
126.114,124.834,109
126.153,124.873,108
126.194,124.914,108
126.236,124.956,108
126.276,124.996,107
126.315,125.035,106
126.355,125.075,106
126.393,125.113,106
126.434,125.154,105
126.475,125.195,105
126.516,125.236,105
126.554,125.274,105
126.606,125.326,105
126.638,125.358,105
126.675,125.395,104
126.714,125.434,103
126.754,125.474,103
126.794,125.514,103
126.835,125.555,103
126.875,125.595,103
126.914,125.634,103
126.956,125.676,104
126.994,125.714,104
127.034,125.754,104
127.073,125.793,105
127.114,125.834,105
127.155,125.875,106
127.194,125.914,106
127.253,125.973,106
127.286,126.006,106
127.324,126.044,108
127.362,126.082,108
127.401,126.121,108
127.435,126.155,109
127.474,126.194,109
127.515,126.235,111
127.555,126.275,111
127.594,126.314,111
127.638,126.358,112
127.674,126.394,113
127.714,126.434,114
127.755,126.475,115
127.795,126.515,116
127.835,126.555,116
127.875,126.595,117
127.916,126.636,118
127.956,126.676,119
127.994,126.714,120
128.034,126.754,120
128.076,126.796,121
128.113,126.833,123
128.155,126.875,124
128.193,126.913,125
128.239,126.959,125
128.279,126.999,126
128.314,127.034,128
128.354,127.074,129
128.395,127.115,129
128.435,127.155,130
128.475,127.195,131
128.514,127.234,133
128.555,127.275,134
128.594,127.314,134
128.635,127.355,135
128.676,127.396,136
128.714,127.434,138
128.755,127.475,139
128.794,127.514,139
128.838,127.558,140
128.876,127.596,141
128.915,127.635,142
128.955,127.675,143
128.994,127.714,144
129.035,127.755,144
129.075,127.795,145
129.114,127.834,146
129.155,127.875,147
129.196,127.916,147
129.243,127.963,147
129.277,127.997,147
129.317,128.037,148
129.356,128.076,149
129.397,128.117,149
129.435,128.155,149
129.474,128.194,150
129.518,128.238,150
129.558,128.278,151
129.594,128.314,151
129.634,128.354,152
129.673,128.393,153
129.714,128.434,154
129.755,128.475,155
129.795,128.515,155
129.835,128.555,156
129.875,128.595,158
129.915,128.635,159
129.955,128.675,160
129.994,128.714,160
130.035,128.755,160
130.075,128.795,161
130.114,128.834,163
130.156,128.876,164
130.199,128.919,165
130.239,128.959,165
130.275,128.995,166
130.314,129.034,168
130.354,129.074,169
130.394,129.114,169
130.434,129.154,169
130.474,129.194,170
130.517,129.237,172
130.559,129.279,173
130.595,129.315,174
130.634,129.354,174
130.674,129.394,174
130.715,129.435,175
130.754,129.474,175
130.794,129.514,174
130.834,129.554,174
130.878,129.598,173
130.915,129.635,172
130.955,129.675,171
130.993,129.713,170
131.035,129.755,170
131.075,129.795,168
131.115,129.835,168
131.154,129.874,166
131.198,129.918,164
131.235,129.955,164
131.275,129.995,162
131.314,130.034,160
131.353,130.073,159
131.395,130.115,159
131.436,130.156,157
131.477,130.197,156
131.519,130.239,154
131.558,130.278,153
131.599,130.319,152
131.635,130.355,152
131.675,130.395,151
131.713,130.433,148
131.755,130.475,147
131.795,130.515,147
131.835,130.555,146
131.875,130.595,145
131.915,130.635,142
131.954,130.674,141
131.996,130.716,141
132.035,130.755,139
132.075,130.795,138
132.115,130.835,136
132.157,130.877,134
132.197,130.917,134
132.235,130.955,132
132.274,130.994,131
132.314,131.034,128
132.354,131.074,127
132.395,131.115,127
132.435,131.155,125
132.477,131.197,124
132.517,131.237,122
132.555,131.275,120
132.595,131.315,120
132.635,131.355,119
132.673,131.393,117
132.715,131.435,115
132.755,131.475,114
132.796,131.516,113
132.838,131.558,113
132.877,131.597,112
132.916,131.636,109
132.955,131.675,107
132.994,131.714,107
133.035,131.755,106
133.074,131.794,105
133.115,131.835,103
133.183,131.903,102
133.208,131.928,102
133.234,131.954,101
133.275,131.995,100
133.314,132.034,98
133.355,132.075,97
133.394,132.114,97
133.435,132.155,97
133.479,132.199,96
133.519,132.239,95
133.555,132.275,94
133.595,132.315,94
133.634,132.354,94
133.678,132.398,93
133.716,132.436,92
133.756,132.476,92
133.796,132.516,93
133.840,132.560,93
133.878,132.598,93
133.914,132.634,93
133.955,132.675,93
133.995,132.715,93
134.035,132.755,92
134.074,132.794,92
134.114,132.834,91
134.157,132.877,91
134.195,132.915,91
134.233,132.953,91
134.274,132.994,91
134.316,133.036,91
134.355,133.075,91
134.395,133.115,91
134.434,133.154,91
134.478,133.198,91
134.515,133.235,91
134.553,133.273,91
134.593,133.313,91
134.635,133.355,91
134.675,133.395,92
134.715,133.435,93
134.757,133.477,93
134.797,133.517,93
134.835,133.555,94
134.874,133.594,93
134.916,133.636,94
134.955,133.675,94
134.994,133.714,94
135.036,133.756,95
135.080,133.800,95
135.121,133.841,95
135.154,133.874,95
135.194,133.914,95
135.234,133.954,95
135.275,133.995,95
135.314,134.034,95
135.355,134.075,95
135.403,134.123,95
135.437,134.157,95
135.481,134.201,96
135.514,134.234,97
135.555,134.275,97
135.595,134.315,98
135.634,134.354,98
135.675,134.395,98
135.715,134.435,100
135.760,134.480,101
135.795,134.515,101
135.836,134.556,102
135.877,134.597,103
135.917,134.637,104
135.957,134.677,105
135.997,134.717,105
136.039,134.759,106
136.079,134.799,107
136.115,134.835,109
136.155,134.875,110
136.194,134.914,110
136.235,134.955,112
136.275,134.995,113
136.315,135.035,115
136.361,135.081,116
136.397,135.117,116
136.435,135.155,118
136.474,135.194,119
136.515,135.235,122
136.555,135.275,123
136.595,135.315,124
136.636,135.356,124
136.675,135.395,125
136.720,135.440,128
136.755,135.475,129
136.794,135.514,129
136.835,135.555,130
136.874,135.594,132
136.916,135.636,134
136.955,135.675,135
136.995,135.715,135
137.035,135.755,136
137.079,135.799,137
137.119,135.839,140
137.154,135.874,140
137.193,135.913,142
137.235,135.955,142
137.274,135.994,144
137.315,136.035,146
137.355,136.075,147
137.395,136.115,147
137.435,136.155,148
137.475,136.195,149
137.515,136.235,152
137.555,136.275,153
137.595,136.315,154
137.635,136.355,154
137.675,136.395,155
137.715,136.435,158
137.755,136.475,159
137.795,136.515,160
137.834,136.554,160
137.875,136.595,161
137.916,136.636,163
137.962,136.682,164
138.000,136.720,164
138.037,136.757,165
138.078,136.798,166
138.115,136.835,169
138.155,136.875,170
138.194,136.914,170
138.234,136.954,171
138.275,136.995,172
138.315,137.035,174
138.359,137.079,175
138.395,137.115,176
138.434,137.154,176
138.474,137.194,177
138.515,137.235,179
138.555,137.275,180
138.594,137.314,180
138.635,137.355,180
138.674,137.394,182
138.715,137.435,183
138.755,137.475,184
138.795,137.515,184
138.835,137.555,185
138.874,137.594,185
138.915,137.635,184
138.955,137.675,183
139.001,137.721,183
139.035,137.755,182
139.075,137.795,182
139.114,137.834,179
139.154,137.874,178
139.194,137.914,178
139.235,137.955,178
139.276,137.996,177
139.315,138.035,175
139.354,138.074,174
139.393,138.113,174
139.435,138.155,173
139.475,138.195,172
139.514,138.234,170
139.560,138.280,169
139.596,138.316,168
139.635,138.355,168
139.675,138.395,167
139.713,138.433,164
139.754,138.474,163
139.794,138.514,162
139.835,138.555,162
139.881,138.601,161
139.918,138.638,160
139.957,138.677,159
139.997,138.717,158
140.037,138.757,158
140.077,138.797,157
140.115,138.835,155
140.155,138.875,154
140.197,138.917,153
140.236,138.956,153
140.274,138.994,153
140.314,139.034,152
140.355,139.075,152
140.396,139.116,151
140.434,139.154,151
140.477,139.197,151
140.517,139.237,151
140.555,139.275,151
140.594,139.314,151
140.633,139.353,151
140.675,139.395,151
140.715,139.435,152
140.756,139.476,152
140.796,139.516,152
140.836,139.556,152
140.879,139.599,153
140.916,139.636,153
140.956,139.676,154
140.994,139.714,154
141.035,139.755,154
141.075,139.795,154
141.116,139.836,155
141.154,139.874,155
141.201,139.921,155
141.235,139.955,156
141.275,139.995,156
141.315,140.035,156
141.354,140.074,157
141.394,140.114,157
141.435,140.155,157
141.475,140.195,157
141.514,140.234,157
141.557,140.277,157
141.597,140.317,157
141.634,140.354,157
141.674,140.394,157
141.715,140.435,158
141.754,140.474,158
141.795,140.515,158
141.837,140.557,158
141.875,140.595,159
141.915,140.635,160
141.954,140.674,161
141.995,140.715,161
142.035,140.755,161
142.076,140.796,161
142.115,140.835,161
142.156,140.876,162
142.200,140.920,163
142.236,140.956,163
142.277,140.997,163
142.316,141.036,163
142.356,141.076,164
142.397,141.117,164
142.436,141.156,164
142.484,141.204,165
142.520,141.240,166
142.556,141.276,166
142.596,141.316,166
142.635,141.355,167
142.675,141.395,168
142.882,141.602,169
142.907,141.627,170
142.949,141.669,171
142.987,141.707,176
143.014,141.734,176
143.056,141.776,176
143.108,141.828,178
143.140,141.860,178
143.181,141.901,178
143.223,141.943,178
143.268,141.988,178
143.304,142.024,179
143.345,142.065,180
143.386,142.106,180
143.428,142.148,180
143.468,142.188,181
143.510,142.230,182
143.553,142.273,182
143.590,142.310,182
143.630,142.350,183
143.672,142.392,184
143.711,142.431,185
143.755,142.475,185
143.795,142.515,186
143.832,142.552,186
143.876,142.596,185
143.916,142.636,185
143.953,142.673,184
143.992,142.712,184
144.032,142.752,183
144.072,142.792,182
144.112,142.832,180
144.153,142.873,178
144.193,142.913,178
144.233,142.953,177
144.272,142.992,175
144.312,143.032,173
144.352,143.072,173
144.395,143.115,172
144.434,143.154,172
144.473,143.193,171
144.514,143.234,167
144.561,143.281,166
144.593,143.313,166
144.633,143.353,166
144.673,143.393,165
144.713,143.433,163
144.754,143.474,162
144.793,143.513,161
144.835,143.555,161
144.875,143.595,159
144.913,143.633,157
144.957,143.677,156
144.995,143.715,156
145.034,143.754,155
145.079,143.799,155
145.119,143.839,152
145.155,143.875,150
145.195,143.915,150
145.235,143.955,150
145.274,143.994,150
145.317,144.037,148
145.355,144.075,147
145.396,144.116,146
145.434,144.154,146
145.482,144.202,145
145.516,144.236,145
145.557,144.277,144
145.596,144.316,144
145.637,144.357,144
145.679,144.399,143
145.719,144.439,143
145.756,144.476,143
145.797,144.517,143
145.844,144.564,143
145.877,144.597,143
145.915,144.635,143
145.957,144.677,143
145.995,144.715,143
146.038,144.758,143
146.076,144.796,143
146.118,144.838,143
146.154,144.874,143
146.195,144.915,143
146.240,144.960,144
146.277,144.997,144
146.318,145.038,144
146.359,145.079,144
146.404,145.124,144
146.441,145.161,144
146.482,145.202,144
146.525,145.245,144
146.565,145.285,145
146.595,145.315,145
146.635,145.355,145
146.674,145.394,145
146.716,145.436,145
146.756,145.476,145
146.795,145.515,145
146.839,145.559,145
146.875,145.595,146
146.915,145.635,147
146.956,145.676,147
146.995,145.715,147
147.035,145.755,147
147.075,145.795,147
147.119,145.839,148
147.164,145.884,148
147.197,145.917,148
147.237,145.957,148
147.276,145.996,148
147.317,146.037,148
147.355,146.075,148
147.397,146.117,147
147.437,146.157,147
147.477,146.197,147
147.559,146.279,148
147.583,146.303,148
147.602,146.322,148
147.635,146.355,148
147.675,146.395,148
147.717,146.437,148
147.756,146.476,148
147.803,146.523,148
147.841,146.561,148
147.875,146.595,148
147.915,146.635,149
147.958,146.678,149
147.995,146.715,149
148.035,146.755,149
148.078,146.798,149
148.115,146.835,149
148.155,146.875,149
148.200,146.920,150
148.236,146.956,150
148.275,146.995,150
148.316,147.036,151
148.360,147.080,151
148.400,147.120,152
148.439,147.159,152
148.489,147.209,152
148.519,147.239,153
148.555,147.275,154
148.596,147.316,154
148.635,147.355,154
148.675,147.395,155
148.719,147.439,156
148.774,147.494,157
148.800,147.520,157
148.835,147.555,157
148.875,147.595,158
148.915,147.635,159
148.959,147.679,160
148.998,147.718,160
149.036,147.756,160
149.079,147.799,161
149.125,147.845,162
149.158,147.878,162
149.197,147.917,162
149.235,147.955,162
149.276,147.996,163
149.318,148.038,164
149.357,148.077,165
149.403,148.123,166
149.437,148.157,166
149.478,148.198,166
149.517,148.237,167
149.557,148.277,168
149.595,148.315,170
149.635,148.355,170
149.681,148.401,171
149.723,148.443,172
149.756,148.476,172
149.796,148.516,172
149.837,148.557,173
149.876,148.596,174
149.918,148.638,176
149.957,148.677,177
150.007,148.727,177
150.038,148.758,177
150.077,148.797,177
150.115,148.835,178
150.157,148.877,178
150.197,148.917,179
150.237,148.957,181
150.284,149.004,182
150.324,149.044,183
150.359,149.079,183
150.400,149.120,183
150.442,149.162,183
150.484,149.204,184
150.521,149.241,187
150.561,149.281,188
150.599,149.319,188
150.637,149.357,189
150.677,149.397,189
150.717,149.437,190
150.757,149.477,191
150.823,149.543,191
150.856,149.576,192
150.878,149.598,193
150.917,149.637,195
150.957,149.677,196
150.997,149.717,196
151.036,149.756,196
151.075,149.795,197
151.132,149.852,200
151.160,149.880,200
151.196,149.916,200
151.236,149.956,201
151.277,149.997,201
151.316,150.036,203
151.358,150.078,204
151.397,150.117,204
151.460,150.180,205
151.482,150.202,206
151.516,150.236,206
151.556,150.276,205
151.598,150.318,205
151.637,150.357,204
151.677,150.397,203
151.734,150.454,199
151.764,150.484,197
151.795,150.515,197
151.840,150.560,195
151.877,150.597,193
151.917,150.637,190
151.959,150.679,189
152.004,150.724,188
152.037,150.757,188
152.078,150.798,186
152.116,150.836,182
152.157,150.877,181
152.198,150.918,181
152.237,150.957,179
152.296,151.016,177
152.324,151.044,174
152.356,151.076,172
152.403,151.123,172
152.441,151.161,170
152.483,151.203,168
152.520,151.240,165
152.565,151.285,164
152.605,151.325,162
152.637,151.357,162
152.676,151.396,161
152.718,151.438,157
152.758,151.478,155
152.795,151.515,155
152.837,151.557,153
152.877,151.597,152
152.917,151.637,151
152.966,151.686,149
152.998,151.718,149
153.038,151.758,148
153.076,151.796,146
153.116,151.836,143
153.158,151.878,142
153.200,151.920,141
153.237,151.957,141
153.295,152.015,140
153.322,152.042,138
153.356,152.076,138
153.397,152.117,137
153.439,152.159,136
153.477,152.197,135
153.518,152.238,134
153.566,152.286,134
153.606,152.326,132
153.637,152.357,132
153.676,152.396,131
153.716,152.436,129
153.757,152.477,128
153.796,152.516,128
153.838,152.558,128
153.878,152.598,127
153.923,152.643,127
153.956,152.676,127
153.997,152.717,127
154.036,152.756,126
154.079,152.799,126
154.116,152.836,124
154.157,152.877,123
154.206,152.926,123
154.252,152.972,123
154.277,152.997,123
154.318,153.038,123
154.356,153.076,122
154.403,153.123,122
154.443,153.163,121
154.485,153.205,120
154.525,153.245,119
154.566,153.286,119
154.598,153.318,119
154.637,153.357,119
154.673,153.393,118
154.714,153.434,116
154.755,153.475,115
154.795,153.515,115
154.837,153.557,115
154.880,153.600,114
154.921,153.641,112
154.958,153.678,112
154.997,153.717,112
155.035,153.755,111
155.078,153.798,110
155.119,153.839,108
155.156,153.876,107
155.198,153.918,107
155.247,153.967,106
155.276,153.996,105
155.317,154.037,103
155.355,154.075,102
155.393,154.113,102
155.435,154.155,101
155.476,154.196,100
155.516,154.236,98
155.556,154.276,97
155.597,154.317,97
155.636,154.356,96
155.677,154.397,95
155.717,154.437,94
155.755,154.475,93
155.799,154.519,93
155.838,154.558,92
155.876,154.596,91
155.916,154.636,89
155.954,154.674,89
155.995,154.715,88
156.035,154.755,88
156.099,154.819,87
156.129,154.849,86
156.156,154.876,86
156.196,154.916,86
156.235,154.955,85
156.274,154.994,84
156.315,155.035,83
156.356,155.076,83
156.396,155.116,83
156.435,155.155,82
156.478,155.198,82
156.517,155.237,81
156.557,155.277,80
156.599,155.319,80
156.639,155.359,79
156.679,155.399,79
156.719,155.439,78
156.760,155.480,77
156.797,155.517,77
156.837,155.557,76
156.877,155.597,75
156.914,155.634,72
156.957,155.677,72
156.997,155.717,72
157.038,155.758,
157.078,155.798,70
157.116,155.836,68
157.156,155.876,68
157.194,155.914,68
157.236,155.956,67
157.275,155.995,67
157.318,156.038,66
157.357,156.077,66
157.396,156.116,66
157.436,156.156,65
157.475,156.195,65
157.515,156.235,64
157.557,156.277,64
157.596,156.316,64
157.640,156.360,64
157.676,156.396,64
157.715,156.435,64
157.757,156.477,64
157.798,156.518,64
157.834,156.554,64
157.877,156.597,65
157.914,156.634,65
157.954,156.674,66
157.996,156.716,66
158.043,156.763,67
158.077,156.797,68
158.115,156.835,69
158.156,156.876,69
158.195,156.915,70
158.234,156.954,70
158.277,156.997,70
158.314,157.034,72
158.374,157.094,72
158.399,157.119,72
158.434,157.154,73
158.475,157.195,74
158.515,157.235,76
158.554,157.274,77
158.594,157.314,77
158.643,157.363,78
158.680,157.400,79
158.722,157.442,81
158.761,157.481,83
158.803,157.523,83
158.835,157.555,84
158.876,157.596,86
158.915,157.635,89
158.959,157.679,90
159.003,157.723,90
159.035,157.755,92
159.075,157.795,93
159.115,157.835,96
159.155,157.875,98
159.195,157.915,100
159.235,157.955,100
159.285,158.005,102
159.316,158.036,105
159.355,158.075,107
159.394,158.114,107
159.435,158.155,109
159.474,158.194,110
159.517,158.237,113
159.556,158.276,114
159.596,158.316,114
159.634,158.354,115
159.674,158.394,116
159.715,158.435,118
159.755,158.475,118
159.799,158.519,119
159.837,158.557,119
159.877,158.597,120
159.915,158.635,120
159.955,158.675,121
159.995,158.715,121
160.035,158.755,121
160.074,158.794,122
160.115,158.835,122
160.158,158.878,123
160.195,158.915,123
160.235,158.955,123
160.274,158.994,123
160.314,159.034,124
160.355,159.075,125
160.395,159.115,125
160.435,159.155,126
160.476,159.196,126
160.515,159.235,127
160.554,159.274,128
160.594,159.314,129
160.638,159.358,129
160.679,159.399,129
160.724,159.444,130
160.758,159.478,131
160.798,159.518,132
160.835,159.555,132
160.875,159.595,133
160.915,159.635,134
160.955,159.675,135
160.995,159.715,135
161.034,159.754,136
161.075,159.795,137
161.113,159.833,139
161.155,159.875,140
161.195,159.915,140
161.233,159.953,141
161.273,159.993,142
161.314,160.034,143
161.355,160.075,144
161.395,160.115,146
161.438,160.158,146
161.476,160.196,147
161.514,160.234,148
161.554,160.274,149
161.595,160.315,150
161.635,160.355,150
161.675,160.395,151
161.719,160.439,154
161.754,160.474,155
161.794,160.514,155
161.879,160.599,156
161.897,160.617,157
161.924,160.644,159
161.955,160.675,160
161.995,160.715,161
162.050,160.770,161
162.075,160.795,162
162.115,160.835,163
162.154,160.874,164
162.193,160.913,166
162.234,160.954,166
162.274,160.994,167
162.317,161.037,169
162.355,161.075,170
162.396,161.116,170
162.434,161.154,170
162.473,161.193,172
162.514,161.234,174
162.555,161.275,175
162.594,161.314,175
162.633,161.353,175
162.681,161.401,176
162.716,161.436,179
162.756,161.476,180
162.797,161.517,180
162.841,161.561,181
162.878,161.598,182
162.915,161.635,184
162.956,161.676,185
162.996,161.716,185
163.034,161.754,185
163.073,161.793,186
163.114,161.834,188
163.152,161.872,189
163.193,161.913,189
163.233,161.953,190
163.276,161.996,191
163.314,162.034,193
163.352,162.072,193
163.393,162.113,193
163.434,162.154,194
163.474,162.194,195
163.513,162.233,197
163.559,162.279,198
163.599,162.319,198
163.633,162.353,199
163.673,162.393,200
163.714,162.434,201
163.754,162.474,202
163.794,162.514,202
163.835,162.555,203
163.874,162.594,204
163.914,162.634,205
163.954,162.674,206
163.993,162.713,207
164.035,162.755,207
164.073,162.793,208
164.113,162.833,209
164.153,162.873,210
164.193,162.913,210
164.239,162.959,211
164.273,162.993,212
164.313,163.033,213
164.354,163.074,214
164.394,163.114,214
164.434,163.154,215
164.473,163.193,216
164.515,163.235,215
164.553,163.273,215
164.593,163.313,215
164.634,163.354,214
164.674,163.394,214
164.715,163.435,212
164.765,163.485,211
164.795,163.515,211
164.836,163.556,210
164.875,163.595,209
164.915,163.635,208
164.955,163.675,207
164.995,163.715,207
165.035,163.755,205
165.077,163.797,204
165.115,163.835,202
165.157,163.877,201
165.195,163.915,201
165.234,163.954,
165.275,163.995,200
165.315,164.035,198
165.355,164.075,197
165.395,164.115,197
165.434,164.154,196
165.478,164.198,195
165.515,164.235,193
165.555,164.275,192
165.595,164.315,192
165.634,164.354,190
165.675,164.395,189
165.715,164.435,186
165.755,164.475,185
165.795,164.515,185
165.836,164.556,183
165.875,164.595,182
165.915,164.635,179
165.954,164.674,177
165.994,164.714,177
166.035,164.755,176
166.075,164.795,174
166.120,164.840,171
166.160,164.880,170
166.195,164.915,170
166.234,164.954,169
166.277,164.997,168
166.317,165.037,166
166.357,165.077,165
166.396,165.116,165
166.437,165.157,164
166.477,165.197,163
166.517,165.237,161
166.557,165.277,160
166.597,165.317,160
166.636,165.356,158
166.673,165.393,157
166.714,165.434,156
166.753,165.473,155
166.794,165.514,155
166.833,165.553,155
166.874,165.594,153
166.914,165.634,151
166.955,165.675,149
166.993,165.713,149
167.035,165.755,148
167.074,165.794,148
167.113,165.833,146
167.153,165.873,145
167.194,165.914,145
167.233,165.953,144
167.274,165.994,142
167.315,166.035,140
167.354,166.074,140
167.393,166.113,140
167.432,166.152,139
167.472,166.192,138
167.513,166.233,136
167.552,166.272,134
167.599,166.319,134
167.633,166.353,133
167.673,166.393,132
167.713,166.433,129
167.755,166.475,128
167.794,166.514,128
167.834,166.554,128
167.874,166.594,127
167.913,166.633,125
167.959,166.679,124
167.994,166.714,124
168.032,166.752,122
168.072,166.792,121
168.113,166.833,120
168.154,166.874,119
168.194,166.914,119
168.233,166.953,118
168.278,166.998,117
168.313,167.033,115
168.352,167.072,114
168.392,167.112,114
168.433,167.153,114
168.474,167.194,113
168.514,167.234,112
168.558,167.278,112
168.596,167.316,112
168.635,167.355,111
168.674,167.394,111
168.714,167.434,111
168.756,167.476,111
168.795,167.515,111
168.835,167.555,111
168.881,167.601,111
168.920,167.640,111
168.954,167.674,111
168.995,167.715,111
169.035,167.755,111
169.075,167.795,111
169.115,167.835,112
169.154,167.874,112
169.200,167.920,112
169.235,167.955,112
169.274,167.994,113
169.315,168.035,113
169.355,168.075,113
169.395,168.115,113
169.435,168.155,113
169.481,168.201,113
169.517,168.237,113
169.555,168.275,113
169.594,168.314,113
169.636,168.356,113
169.674,168.394,113
169.715,168.435,113
169.761,168.481,113
169.797,168.517,113
169.835,168.555,113
169.878,168.598,113
169.917,168.637,114
169.959,168.679,114
169.997,168.717,115
170.037,168.757,115
170.078,168.798,115
170.115,168.835,115
170.154,168.874,116
170.195,168.915,116
170.234,168.954,117
170.276,168.996,117
170.315,169.035,119
170.355,169.075,119
170.400,169.120,119
170.439,169.159,120
170.475,169.195,121
170.515,169.235,122
170.554,169.274,123
170.594,169.314,123
170.634,169.354,124
170.675,169.395,125
170.716,169.436,126
170.756,169.476,127
170.795,169.515,127
170.834,169.554,127
170.875,169.595,128
170.916,169.636,129
170.954,169.674,130
170.994,169.714,130
171.035,169.755,130
171.082,169.802,131
171.115,169.835,132
171.155,169.875,132
171.195,169.915,134
171.235,169.955,134
171.275,169.995,134
171.314,170.034,136
171.584,170.304,137
171.607,170.327,137
171.635,170.355,138
171.665,170.385,141
171.702,170.422,143
171.745,170.465,144
171.786,170.506,144
171.826,170.546,143
171.868,170.588,144
171.917,170.637,145
171.961,170.681,146
171.998,170.718,146
172.035,170.755,148
172.075,170.795,149
172.114,170.834,148
172.154,170.874,149
172.195,170.915,149
172.240,170.960,150
172.275,170.995,151
172.314,171.034,153
172.353,171.073,153
172.393,171.113,154
172.433,171.153,154
172.474,171.194,154
172.514,171.234,156
172.554,171.274,157
172.596,171.316,157
172.635,171.355,157
172.675,171.395,157
172.714,171.434,158
172.755,171.475,159
172.794,171.514,159
172.835,171.555,159
172.875,171.595,160
172.916,171.636,160
172.955,171.675,160
172.995,171.715,160
173.033,171.753,159
173.075,171.795,159
173.115,171.835,157
173.155,171.875,157
173.201,171.921,156
173.240,171.960,155
173.275,171.995,154
173.315,172.035,152
173.355,172.075,151
173.394,172.114,149
173.434,172.154,149
173.478,172.198,148
173.518,172.238,146
173.555,172.275,145
173.595,172.315,145
173.634,172.354,143
173.674,172.394,140
173.713,172.433,134
173.752,172.472,134
173.795,172.515,134
173.835,172.555,134
173.874,172.594,133
173.914,172.634,129
173.954,172.674,128
173.997,172.717,126
174.035,172.755,126
174.075,172.795,125
174.121,172.841,123
174.161,172.881,121
174.198,172.918,121
174.237,172.957,119
174.278,172.998,118
174.315,173.035,118
174.354,173.074,118
174.394,173.114,117
174.438,173.158,117
174.475,173.195,116
174.515,173.235,115
174.555,173.275,115
174.596,173.316,115
174.635,173.355,115
174.675,173.395,115
174.718,173.438,115
174.761,173.481,114
174.794,173.514,114
174.835,173.555,113
174.875,173.595,113
174.916,173.636,113
174.955,173.675,113
174.998,173.718,113
175.040,173.760,112
175.075,173.795,111
175.115,173.835,111
175.154,173.874,112
175.195,173.915,112
175.235,173.955,112
175.275,173.995,112
175.317,174.037,111
175.360,174.080,111
175.396,174.116,111
175.434,174.154,111
175.475,174.195,111
175.515,174.235,111
175.555,174.275,111
175.599,174.319,111
175.635,174.355,112
175.674,174.394,112
175.714,174.434,113
175.754,174.474,113
175.795,174.515,113
175.837,174.557,113
175.874,174.594,114
175.923,174.643,115
175.955,174.675,116
175.995,174.715,116
176.034,174.754,116
176.075,174.795,117
176.117,174.837,118
176.157,174.877,119
176.199,174.919,120
176.241,174.961,120
176.278,174.998,121
176.315,175.035,122
176.355,175.075,122
176.395,175.115,122
176.436,175.156,122
176.475,175.195,123
176.515,175.235,125
176.555,175.275,126
176.595,175.315,126
176.634,175.354,126
176.675,175.395,127
176.715,175.435,129
176.756,175.476,129
176.795,175.515,129
176.836,175.556,130
176.876,175.596,131
176.915,175.635,133
176.955,175.675,134
176.995,175.715,135
177.035,175.755,135
177.075,175.795,136
177.114,175.834,137
177.164,175.884,138
177.194,175.914,138
177.235,175.955,139
177.275,175.995,140
177.313,176.033,142
177.355,176.075,143
177.394,176.114,143
177.435,176.155,144
177.481,176.201,144
177.515,176.235,146
177.555,176.275,147
177.595,176.315,147
177.634,176.354,149
177.676,176.396,150
177.716,176.436,151
177.755,176.475,152
177.798,176.518,153
177.835,176.555,153
177.874,176.594,153
177.916,176.636,156
177.954,176.674,157
177.995,176.715,157
178.042,176.762,158
178.075,176.795,158
178.117,176.837,160
178.157,176.877,160
178.199,176.919,162
178.238,176.958,162
178.278,176.998,163
178.322,177.042,165
178.356,177.076,166
178.395,177.115,167
178.435,177.155,167
178.475,177.195,168
178.515,177.235,170
178.555,177.275,172
178.595,177.315,172
178.644,177.364,173
178.680,177.400,175
178.715,177.435,177
178.755,177.475,178
178.795,177.515,178
178.835,177.555,179
178.875,177.595,181
178.915,177.635,183
178.958,177.678,185
179.004,177.724,185
179.036,177.756,186
179.074,177.794,187
179.115,177.835,187
179.155,177.875,188
179.195,177.915,188
179.235,177.955,189
179.284,178.004,191
179.314,178.034,193
179.357,178.077,194
179.394,178.114,194
179.435,178.155,194
179.476,178.196,194
179.514,178.234,196
179.560,178.280,197
179.596,178.316,197
179.634,178.354,198
179.675,178.395,199
179.716,178.436,201
179.757,178.477,202
179.795,178.515,204
179.837,178.557,204
179.875,178.595,205
179.915,178.635,207
179.955,178.675,207
180.225,178.945,207
180.255,178.975,208
180.280,179.000,210
180.308,179.028,216
180.346,179.066,217
180.387,179.107,217
180.428,179.148,218
180.472,179.192,219
180.510,179.230,220
180.549,179.269,221
180.588,179.308,221
180.630,179.350,222
180.670,179.390,223
180.711,179.431,226
180.753,179.473,226
180.805,179.525,226
180.835,179.555,227
180.874,179.594,228
181.178,179.898,231
181.197,179.917,232
181.217,179.937,232
181.235,179.955,239
181.275,179.995,240
181.317,180.037,242
181.355,180.075,243
181.395,180.115,243
181.436,180.156,243
181.476,180.196,244
181.515,180.235,247
181.556,180.276,249
181.596,180.316,250
181.635,180.355,250
181.675,180.395,250
181.718,180.438,251
181.756,180.476,252
181.796,180.516,252
181.837,180.557,253
181.877,180.597,254
181.915,180.635,253
181.956,180.676,253
181.997,180.717,253
182.038,180.758,252
182.075,180.795,250
182.116,180.836,249
182.155,180.875,249
182.198,180.918,249
182.237,180.957,248
182.276,180.996,246
182.324,181.044,244
182.360,181.080,243
182.399,181.119,242
182.441,181.161,242
182.481,181.201,242
182.520,181.240,239
182.562,181.282,237
182.602,181.322,237
182.645,181.365,236
182.680,181.400,235
182.719,181.439,233
182.759,181.479,231
182.795,181.515,
182.837,181.557,230
182.875,181.595,229
182.915,181.635,227
182.963,181.683,226
183.003,181.723,226
183.035,181.755,225
183.076,181.796,224
183.115,181.835,222
183.157,181.877,
183.199,181.919,221
183.236,181.956,220
183.275,181.995,220
183.328,182.048,219
183.356,182.076,218
183.395,182.115,218
183.436,182.156,217
183.476,182.196,216
183.516,182.236,215
183.556,182.276,215
183.598,182.318,215
183.636,182.356,214
183.675,182.395,214
183.716,182.436,211
183.757,182.477,211
183.797,182.517,211
183.837,182.557,211
183.888,182.608,210
183.916,182.636,208
183.956,182.676,208
183.995,182.715,207
184.037,182.757,207
184.076,182.796,206
184.116,182.836,205
184.180,182.900,205
184.207,182.927,205
184.236,182.956,204
184.276,182.996,204
184.316,183.036,204
184.356,183.076,203
184.397,183.117,203
184.435,183.155,202
184.486,183.206,202
184.516,183.236,
184.555,183.275,
184.602,183.322,202
184.640,183.360,202
184.680,183.400,202
184.723,183.443,201
184.760,183.480,
184.806,183.526,
184.841,183.561,202
184.877,183.597,202
184.916,183.636,202
184.956,183.676,202
184.996,183.716,203
185.038,183.758,203
185.076,183.796,203
185.117,183.837,203
185.157,183.877,203
185.196,183.916,203
185.235,183.955,204
185.276,183.996,204
185.316,184.036,204
185.357,184.077,205
185.396,184.116,205
185.437,184.157,205
185.483,184.203,206
185.516,184.236,206
185.556,184.276,206
185.598,184.318,206
185.636,184.356,207
185.677,184.397,207
185.716,184.436,208
185.763,184.483,208
185.798,184.518,208
185.838,184.558,208
185.876,184.596,208
185.916,184.636,208
185.956,184.676,209
185.995,184.715,209
186.037,184.757,209
186.099,184.819,210
186.128,184.848,211
186.157,184.877,211
186.197,184.917,211
186.237,184.957,211
186.277,184.997,212
186.317,185.037,212
186.356,185.076,211
186.399,185.119,211
186.440,185.160,211
186.477,185.197,210
186.516,185.236,210
186.555,185.275,210
186.604,185.324,209
186.640,185.360,209
186.680,185.400,208
186.719,185.439,206
186.760,185.480,206
186.798,185.518,206
186.836,185.556,205
186.877,185.597,204
186.918,185.638,202
186.957,185.677,202
187.002,185.722,202
187.038,185.758,
187.077,185.797,199
187.115,185.835,196
187.157,185.877,195
187.196,185.916,195
187.237,185.957,193
187.276,185.996,191
187.317,186.037,189
187.358,186.078,187
187.396,186.116,187
187.436,186.156,186
187.478,186.198,185
187.515,186.235,181
187.556,186.276,180
187.599,186.319,180
187.639,186.359,179
187.676,186.396,178
187.714,186.434,176
187.756,186.476,174
187.795,186.515,174
187.837,186.557,173
187.883,186.603,171
187.923,186.643,168
187.957,186.677,167
187.996,186.716,167
188.036,186.756,165
188.077,186.797,164
188.115,186.835,161
188.157,186.877,160
188.203,186.923,159
188.236,186.956,159
188.273,186.993,157
188.314,187.034,154
188.358,187.078,153
188.397,187.117,153
188.437,187.157,152
188.475,187.195,150
188.515,187.235,149
188.556,187.276,148
188.603,187.323,148
188.640,187.360,147
188.680,187.400,146
188.722,187.442,143
188.760,187.480,142
188.796,187.516,142
188.836,187.556,141
188.876,187.596,140
188.917,187.637,137
188.956,187.676,137
188.998,187.718,137
189.035,187.755,136
189.076,187.796,135
189.116,187.836,133
189.174,187.894,132
189.203,187.923,132
189.237,187.957,130
189.276,187.996,129
189.316,188.036,127
189.357,188.077,126
189.398,188.118,125
189.437,188.157,125
189.476,188.196,124
189.516,188.236,122
189.556,188.276,122
189.594,188.314,121
189.637,188.357,121
189.675,188.395,120
189.717,188.437,119
189.764,188.484,119
189.797,188.517,118
189.838,188.558,118
189.874,188.594,117
189.915,188.635,116
189.957,188.677,115
189.996,188.716,114
190.034,188.754,114
190.075,188.795,114
190.118,188.838,113
190.155,188.875,112
190.196,188.916,112
190.234,188.954,111
190.275,188.995,111
190.324,189.044,111
190.354,189.074,111
190.394,189.114,110
190.435,189.155,110
190.475,189.195,109
190.518,189.238,109
190.558,189.278,109
190.603,189.323,109
190.640,189.360,109
190.679,189.399,109
190.722,189.442,108
190.758,189.478,108
190.803,189.523,108
190.837,189.557,108
190.884,189.604,108
190.914,189.634,107
190.954,189.674,107
190.995,189.715,107
191.035,189.755,108
191.075,189.795,108
191.117,189.837,109
191.154,189.874,109
191.197,189.917,109
191.236,189.956,109
191.275,189.995,109
191.314,190.034,108
191.353,190.073,108
191.395,190.115,107
191.435,190.155,107
191.475,190.195,107
191.515,190.235,107
191.554,190.274,106
191.595,190.315,106
191.635,190.355,106
191.675,190.395,106
191.716,190.436,106
191.761,190.481,105
191.795,190.515,105
191.837,190.557,105
191.875,190.595,105
191.915,190.635,104
191.953,190.673,104
191.995,190.715,104
192.035,190.755,103
192.076,190.796,103
192.116,190.836,104
192.155,190.875,104
192.195,190.915,104
192.235,190.955,104
192.275,190.995,104
192.314,191.034,105
192.354,191.074,106
192.395,191.115,106
192.434,191.154,106
192.475,191.195,106
192.521,191.241,106
192.554,191.274,107
192.594,191.314,107
192.640,191.360,107
192.676,191.396,108
192.721,191.441,109
192.769,191.489,110
192.802,191.522,111
192.839,191.559,111
192.879,191.599,111
192.917,191.637,113
192.957,191.677,113
192.997,191.717,114
193.035,191.755,114
193.074,191.794,115
193.114,191.834,117
193.154,191.874,117
193.194,191.914,118
193.234,191.954,118
193.275,191.995,119
193.315,192.035,120
193.355,192.075,121
193.395,192.115,121
193.435,192.155,122
193.474,192.194,122
193.514,192.234,124
193.555,192.275,125
193.594,192.314,126
193.635,192.355,126
193.675,192.395,127
193.714,192.434,129
193.755,192.475,131
193.794,192.514,131
193.834,192.554,131
193.874,192.594,131
193.928,192.648,133
193.959,192.679,134
193.995,192.715,134
194.034,192.754,135
194.074,192.794,136
194.143,192.863,137
194.174,192.894,139
194.200,192.920,139
194.235,192.955,139
194.274,192.994,140
194.315,193.035,142
194.354,193.074,144
194.394,193.114,145
194.437,193.157,145
194.477,193.197,146
194.521,193.241,147
194.554,193.274,148
194.594,193.314,149
194.634,193.354,149
194.675,193.395,150
194.718,193.438,152
194.757,193.477,153
194.797,193.517,154
194.837,193.557,154
194.879,193.599,155
194.920,193.640,157
194.961,193.681,158
194.996,193.716,158
195.035,193.755,159
195.084,193.804,159
195.120,193.840,161
195.155,193.875,162
195.195,193.915,163
195.234,193.954,163
195.274,193.994,164
195.315,194.035,164
195.356,194.076,165
195.395,194.115,165
195.435,194.155,165
195.474,194.194,166
195.514,194.234,168
195.554,194.274,169
195.595,194.315,169
195.634,194.354,169
195.677,194.397,169
195.717,194.437,171
195.754,194.474,173
195.795,194.515,174
195.834,194.554,174
195.875,194.595,175
195.914,194.634,176
195.955,194.675,177
196.001,194.721,177
196.035,194.755,178
196.075,194.795,179
196.115,194.835,180
196.155,194.875,181
196.194,194.914,182
196.235,194.955,182
196.283,195.003,183
196.320,195.040,184
196.355,195.075,184
196.394,195.114,185
196.435,195.155,185
196.475,195.195,186
196.515,195.235,187
196.555,195.275,188
196.599,195.319,188
196.637,195.357,189
196.675,195.395,189
196.714,195.434,191
196.755,195.475,192
196.795,195.515,193
196.836,195.556,193
196.877,195.597,194
196.919,195.639,195
196.958,195.678,196
196.997,195.717,197
197.036,195.756,197
197.076,195.796,198
197.115,195.835,199
197.156,195.876,199
197.203,195.923,200
197.243,195.963,200
197.275,195.995,200
197.313,196.033,
197.354,196.074,202
197.394,196.114,203
197.434,196.154,203
197.474,196.194,203
197.516,196.236,204
197.557,196.277,205
197.594,196.314,205
197.635,196.355,206
197.675,196.395,206
197.715,196.435,207
197.753,196.473,208
197.799,196.519,208
197.839,196.559,209
197.874,196.594,210
197.914,196.634,211
197.954,196.674,211
197.994,196.714,211
198.035,196.755,212
198.077,196.797,212
198.114,196.834,213
198.155,196.875,213
198.194,196.914,213
198.234,196.954,214
198.274,196.994,215
198.314,197.034,217
198.355,197.075,216
198.399,197.119,216
198.438,197.158,216
198.474,197.194,217
198.514,197.234,220
198.553,197.273,220
198.594,197.314,220
198.635,197.355,220
198.676,197.396,220
198.721,197.441,
198.755,197.475,222
198.794,197.514,222
198.835,197.555,222
198.875,197.595,222
198.915,197.635,
198.955,197.675,
198.995,197.715,
199.035,197.755,
199.077,197.797,
199.116,197.836,220
199.157,197.877,220
199.195,197.915,220
199.236,197.956,220
199.275,197.995,220
199.315,198.035,219
199.359,198.079,219
199.399,198.119,219
199.435,198.155,219
199.473,198.193,220
199.514,198.234,220
199.554,198.274,219
199.595,198.315,218
199.642,198.362,218
199.677,198.397,218
199.715,198.435,218
199.754,198.474,217
199.794,198.514,217
199.834,198.554,217
199.874,198.594,217
199.917,198.637,217
199.955,198.675,217
199.994,198.714,217
200.073,198.793,217
200.098,198.818,217
200.118,198.838,217
200.155,198.875,217
200.197,198.917,217
200.238,198.958,217
200.274,198.994,217
200.315,199.035,217
200.354,199.074,217
200.395,199.115,217
200.435,199.155,217
200.476,199.196,217
200.520,199.240,217
200.555,199.275,217
200.595,199.315,217
200.635,199.355,217
200.675,199.395,217
200.715,199.435,217
200.754,199.474,217
200.794,199.514,217
200.837,199.557,217
200.878,199.598,218
200.914,199.634,218
200.954,199.674,218
200.995,199.715,218
201.035,199.755,218
201.077,199.797,218
201.118,199.838,218
201.158,199.878,218
201.196,199.916,218
201.237,199.957,219
201.275,199.995,219
201.315,200.035,218
201.355,200.075,218
201.400,200.120,218
201.438,200.158,218
201.475,200.195,218
201.515,200.235,219
201.553,200.273,219
201.593,200.313,219
201.635,200.355,219
201.675,200.395,219
201.729,200.449,220
201.754,200.474,220
201.794,200.514,220
201.833,200.553,220
201.875,200.595,221
201.915,200.635,221
201.954,200.674,221
202.002,200.722,221
202.038,200.758,222
202.075,200.795,222
202.114,200.834,223
202.155,200.875,223
202.195,200.915,223
202.235,200.955,
202.276,200.996,
202.319,201.039,225
202.357,201.077,225
202.395,201.115,225
202.434,201.154,225
202.475,201.195,225
202.516,201.236,227
202.555,201.275,227
202.598,201.318,227
202.636,201.356,227
202.675,201.395,227
202.714,201.434,228
202.754,201.474,228
202.794,201.514,228
202.835,201.555,229
202.875,201.595,229
202.919,201.639,230
202.959,201.679,231
202.994,201.714,231
203.034,201.754,231
203.074,201.794,232
203.117,201.837,233
203.157,201.877,233
203.199,201.919,233
203.243,201.963,234
203.277,201.997,234
203.317,202.037,235
203.357,202.077,235
203.397,202.117,235
203.437,202.157,236
203.477,202.197,236
203.518,202.238,237
203.562,202.282,237
203.595,202.315,237
203.634,202.354,237
203.674,202.394,238
203.714,202.434,239
203.755,202.475,239
203.794,202.514,239
203.840,202.560,239
203.880,202.600,239
203.915,202.635,240
203.954,202.674,240
203.995,202.715,240
204.034,202.754,241
204.075,202.795,
204.115,202.835,242
204.155,202.875,242
204.195,202.915,242
204.235,202.955,243
204.275,202.995,243
204.313,203.033,244
204.355,203.075,244
204.395,203.115,244
204.434,203.154,244
204.490,203.210,244
204.519,203.239,245
204.554,203.274,245
204.594,203.314,245
204.635,203.355,245
204.674,203.394,245
204.715,203.435,245
204.754,203.474,245
204.799,203.519,245
204.839,203.559,245
204.874,203.594,245
204.915,203.635,245
204.954,203.674,245
204.995,203.715,245
205.035,203.755,245
205.075,203.795,245
205.116,203.836,244
205.154,203.874,244
205.195,203.915,244
205.235,203.955,244
205.274,203.994,244
205.334,204.054,245
205.377,204.097,245
205.404,204.124,245
205.437,204.157,245
205.477,204.197,245
205.515,204.235,244
205.555,204.275,244
205.594,204.314,244
205.640,204.360,244
205.675,204.395,245
205.715,204.435,244
205.755,204.475,244
205.795,204.515,244
205.835,204.555,244
205.884,204.604,243
205.915,204.635,244
205.955,204.675,244
205.995,204.715,244
206.034,204.754,243
206.075,204.795,243
206.113,204.833,242
206.155,204.875,242
206.195,204.915,242
206.235,204.955,243
206.278,204.998,242
206.317,205.037,241
206.354,205.074,241
206.394,205.114,241
206.434,205.154,241
206.475,205.195,241
206.520,205.240,240
206.557,205.277,240
206.594,205.314,240
206.635,205.355,240
206.674,205.394,239
206.715,205.435,238
206.755,205.475,237
206.795,205.515,237
206.835,205.555,236
206.875,205.595,236
206.915,205.635,234
206.955,205.675,234
206.994,205.714,234
207.035,205.755,232
207.075,205.795,232
207.114,205.834,232
207.157,205.877,232
207.200,205.920,232
207.235,205.955,232
207.274,205.994,231
207.319,206.039,231
207.358,206.078,231
207.398,206.118,231
207.444,206.164,231
207.484,206.204,231
207.519,206.239,232
207.554,206.274,232
207.595,206.315,232
207.635,206.355,232
207.675,206.395,232
207.714,206.434,232
207.761,206.481,233
207.795,206.515,233
207.835,206.555,233
207.874,206.594,232
207.914,206.634,233
207.955,206.675,233
207.997,206.717,233
208.034,206.754,233
208.077,206.797,233
208.124,206.844,233
208.154,206.874,233
208.195,206.915,233
208.236,206.956,233
208.275,206.995,232
208.314,207.034,233
208.357,207.077,233
208.400,207.120,233
208.436,207.156,233
208.475,207.195,233
208.514,207.234,233
208.555,207.275,234
208.595,207.315,234
208.639,207.359,234
208.674,207.394,235
208.715,207.435,236
208.755,207.475,236
208.795,207.515,237
208.835,207.555,237
208.875,207.595,237
208.915,207.635,238
208.961,207.681,238
209.001,207.721,238
209.034,207.754,239
209.075,207.795,239
209.114,207.834,239
209.155,207.875,240
209.196,207.916,240
209.234,207.954,240
209.284,208.004,241
209.317,208.037,241
209.357,208.077,241
209.397,208.117,241
209.440,208.160,241
209.477,208.197,241
209.517,208.237,242
209.614,208.334,243
209.637,208.357,243
209.659,208.379,244
209.677,208.397,244
209.715,208.435,245
209.755,208.475,245
209.795,208.515,245
209.836,208.556,246
209.875,208.595,246
209.917,208.637,247
209.954,208.674,248
209.994,208.714,248
210.035,208.755,248
210.074,208.794,248
210.115,208.835,249
210.155,208.875,250
210.199,208.919,251
210.235,208.955,251
210.275,208.995,251
210.315,209.035,252
210.355,209.075,253
210.395,209.115,253
210.443,209.163,253
210.478,209.198,253
210.515,209.235,254
210.556,209.276,254
210.594,209.314,254
210.635,209.355,254
210.676,209.396,255
210.715,209.435,256
210.759,209.479,257
210.801,209.521,257
210.835,209.555,257
210.875,209.595,257
210.915,209.635,258
210.954,209.674,258
210.994,209.714,258
211.034,209.754,259
211.084,209.804,259
211.116,209.836,260
211.155,209.875,261
211.195,209.915,261
211.234,209.954,
211.275,209.995,261
211.315,210.035,
211.362,210.082,262
211.402,210.122,262
211.438,210.158,263
211.478,210.198,263
211.517,210.237,263
211.561,210.281,263
211.598,210.318,263
211.639,210.359,264
211.681,210.401,265
211.718,210.438,265
211.756,210.476,265
211.796,210.516,265
211.835,210.555,266
211.874,210.594,266
211.914,210.634,266
211.954,210.674,267
211.998,210.718,267
212.036,210.756,267
212.075,210.795,267
212.114,210.834,269
212.156,210.876,269
212.195,210.915,269
212.235,210.955,269
212.275,210.995,269
212.315,211.035,270
212.354,211.074,270
212.394,211.114,270
212.437,211.157,270
212.475,211.195,270
212.515,211.235,272
212.565,211.285,272
212.596,211.316,272
212.635,211.355,272
212.674,211.394,272
212.715,211.435,272
212.757,211.477,273
212.795,211.515,273
212.844,211.564,273
212.877,211.597,274
212.915,211.635,275
212.954,211.674,275
212.997,211.717,275
213.034,211.754,275
213.075,211.795,275
213.124,211.844,276
213.156,211.876,276
213.195,211.915,276
213.235,211.955,277
213.276,211.996,277
213.317,212.037,278
213.355,212.075,278
213.403,212.123,278
213.443,212.163,278
213.475,212.195,278
213.515,212.235,279
213.557,212.277,279
213.599,212.319,279
213.641,212.361,279
213.678,212.398,279
213.725,212.445,280
213.755,212.475,281
213.795,212.515,281
213.836,212.556,281
213.874,212.594,281
213.916,212.636,281
213.956,212.676,282
213.998,212.718,282
214.035,212.755,283
214.078,212.798,283
214.115,212.835,282
214.155,212.875,283
214.197,212.917,283
214.236,212.956,283
214.276,212.996,283
214.315,213.035,282
214.363,213.083,281
214.395,213.115,281
214.437,213.157,280
214.475,213.195,279
214.515,213.235,278
214.556,213.276,278
214.594,213.314,277
214.635,213.355,277
214.685,213.405,275
214.716,213.436,273
214.755,213.475,273
214.795,213.515,273
214.836,213.556,272
214.875,213.595,271
214.916,213.636,268
214.955,213.675,267
214.996,213.716,267
215.035,213.755,267
215.075,213.795,267
215.117,213.837,265
215.156,213.876,264
215.197,213.917,263
215.236,213.956,263
215.275,213.995,262
215.317,214.037,
215.356,214.076,260
215.395,214.115,259
215.438,214.158,259
215.475,214.195,258
215.516,214.236,258
215.560,214.280,257
215.602,214.322,257
215.638,214.358,256
215.682,214.402,256
215.719,214.439,256
215.761,214.481,256
215.795,214.515,256
215.837,214.557,256
215.875,214.595,255
215.931,214.651,256
215.958,214.678,255
215.995,214.715,255
216.036,214.756,255
216.076,214.796,255
216.117,214.837,255
216.154,214.874,255
216.197,214.917,255
216.235,214.955,255
216.276,214.996,255
216.316,215.036,256
216.356,215.076,256
216.420,215.140,256
216.453,215.173,255
216.476,215.196,255
216.516,215.236,255
216.555,215.275,255
216.598,215.318,255
216.637,215.357,255
216.676,215.396,255
216.719,215.439,255
216.764,215.484,255
216.797,215.517,254
216.836,215.556,254
216.876,215.596,254
216.916,215.636,254
216.957,215.677,254
216.997,215.717,254
217.038,215.758,254
217.078,215.798,253
217.116,215.836,252
217.156,215.876,253
217.197,215.917,253
217.237,215.957,253
217.276,215.996,252
217.317,216.037,251
217.373,216.093,252
217.397,216.117,252
217.436,216.156,252
217.477,216.197,252
217.515,216.235,252
217.557,216.277,251
217.602,216.322,251
217.641,216.361,251
217.680,216.400,251
217.721,216.441,251
217.759,216.479,250
217.797,216.517,250
217.838,216.558,250
217.877,216.597,250
217.917,216.637,250
217.959,216.679,250
217.998,216.718,250
218.037,216.757,251
218.077,216.797,251
218.117,216.837,251
218.158,216.878,252
218.197,216.917,252
218.237,216.957,252
218.277,216.997,252
218.316,217.036,252
218.356,217.076,252
218.396,217.116,252
218.436,217.156,252
218.477,217.197,252
218.518,217.238,252
218.557,217.277,252
218.603,217.323,252
218.636,217.356,252
218.676,217.396,252
218.717,217.437,253
218.757,217.477,252
218.796,217.516,252
218.837,217.557,252
218.884,217.604,251
218.918,217.638,251
218.955,217.675,250
218.997,217.717,250
219.035,217.755,249
219.078,217.798,248
219.387,218.107,246
219.411,218.131,244
219.430,218.150,244
219.461,218.181,236
219.492,218.212,235
219.517,218.237,232
219.555,218.275,
219.603,218.323,231
219.640,218.360,229
219.681,218.401,228
219.722,218.442,226
219.765,218.485,225
219.799,218.519,225
219.837,218.557,224
219.876,218.596,222
219.915,218.635,219
219.956,218.676,218
219.996,218.716,218
220.037,218.757,218
220.076,218.796,216
220.124,218.844,213
220.156,218.876,212
220.198,218.918,212
220.236,218.956,211
220.274,218.994,210
220.315,219.035,207
220.354,219.074,206
220.398,219.118,205
220.443,219.163,205
220.478,219.198,204
220.514,219.234,202
220.556,219.276,
220.596,219.316,
220.636,219.356,199
220.676,219.396,198
220.728,219.448,195
220.765,219.485,194
220.797,219.517,194
220.836,219.556,193
220.874,219.594,192
220.914,219.634,190
220.969,219.689,188
221.000,219.720,188
221.045,219.765,187
221.076,219.796,185
221.117,219.837,183
221.157,219.877,182
221.198,219.918,181
221.237,219.957,181
221.277,219.997,180
221.321,220.041,178
221.363,220.083,177
221.396,220.116,176
221.436,220.156,176
221.478,220.198,175
221.515,220.235,174
221.556,220.276,174
221.597,220.317,173
221.643,220.363,173
221.679,220.399,173
221.722,220.442,172
221.760,220.480,172
221.799,220.519,172
221.836,220.556,172
221.875,220.595,172
221.916,220.636,173
221.982,220.702,173
222.006,220.726,173
222.036,220.756,173
222.076,220.796,173
222.116,220.836,174
222.157,220.877,174
222.197,220.917,174
222.238,220.958,174
222.277,220.997,174
222.317,221.037,174
222.354,221.074,174
222.397,221.117,174
222.435,221.155,174
222.474,221.194,175
222.515,221.235,175
222.563,221.283,175
222.603,221.323,175
222.637,221.357,175
222.676,221.396,175
222.715,221.435,175
222.756,221.476,175
222.796,221.516,175
222.837,221.557,175
222.883,221.603,175
222.918,221.638,175
222.958,221.678,175
222.996,221.716,176
223.034,221.754,176
223.075,221.795,176
223.115,221.835,176
223.155,221.875,176
223.196,221.916,176
223.236,221.956,176
223.275,221.995,177
223.317,222.037,178
223.355,222.075,179
223.395,222.115,179
223.438,222.158,179
223.475,222.195,180
223.515,222.235,180
223.554,222.274,181
223.594,222.314,181
223.874,222.594,181
223.897,222.617,182
223.927,222.647,183
223.951,222.671,186
223.992,222.712,187
224.035,222.755,187
224.075,222.795,187
224.113,222.833,188
224.154,222.874,189
224.192,222.912,189
224.232,222.952,189
224.272,222.992,190
224.313,223.033,191
224.357,223.077,192
224.393,223.113,192
224.434,223.154,192
224.473,223.193,192
224.512,223.232,194
224.553,223.273,195
224.595,223.315,195
224.634,223.354,196
224.677,223.397,196
224.716,223.436,197
224.755,223.475,197
224.794,223.514,198
224.834,223.554,198
224.875,223.595,198
224.915,223.635,200
224.959,223.679,200
224.999,223.719,200
225.039,223.759,202
225.074,223.794,202
225.114,223.834,204
225.154,223.874,204
225.194,223.914,204
225.246,223.966,204
225.276,223.996,205
225.315,224.035,207
225.355,224.075,207
225.394,224.114,207
225.435,224.155,208
225.475,224.195,208
225.516,224.236,209
225.567,224.287,210
225.595,224.315,210
225.635,224.355,210
225.674,224.394,211
225.714,224.434,212
225.755,224.475,213
225.796,224.516,213
225.835,224.555,213
225.877,224.597,213
225.917,224.637,214
225.955,224.675,215
225.995,224.715,215
226.041,224.761,216
226.081,224.801,216
226.120,224.840,217
226.160,224.880,218
226.198,224.918,218
226.240,224.960,219
226.275,224.995,219
226.314,225.034,220
226.354,225.074,221
226.394,225.114,
226.435,225.155,221
226.474,225.194,221
226.523,225.243,223
226.555,225.275,223
226.595,225.315,224
226.633,225.353,224
226.674,225.394,225
226.715,225.435,225
226.755,225.475,226
226.795,225.515,226
226.835,225.555,226
226.875,225.595,227
226.914,225.634,227
226.954,225.674,228
226.994,225.714,228
227.035,225.755,229
227.074,225.794,230
227.115,225.835,230
227.155,225.875,230
227.195,225.915,230
227.235,225.955,229
227.275,225.995,228
227.314,226.034,227
227.355,226.075,227
227.399,226.119,227
227.437,226.157,226
227.475,226.195,224
227.515,226.235,222
227.553,226.273,221
227.595,226.315,221
227.635,226.355,220
227.675,226.395,218
227.716,226.436,217
227.758,226.478,215
227.795,226.515,215
227.835,226.555,214
227.875,226.595,213
227.916,226.636,210
227.955,226.675,209
227.996,226.716,208
228.035,226.755,208
228.077,226.797,208
228.117,226.837,206
228.157,226.877,205
228.197,226.917,203
228.237,226.957,203
228.274,226.994,202
228.315,227.035,
228.354,227.074,200
228.395,227.115,200
228.435,227.155,200
228.475,227.195,199
228.514,227.234,197
228.555,227.275,197
228.593,227.313,197
228.635,227.355,196
228.673,227.393,196
228.756,227.476,196
228.778,227.498,196
228.797,227.517,195
228.834,227.554,195
228.874,227.594,193
228.914,227.634,191
228.955,227.675,191
228.998,227.718,191
229.038,227.758,191
229.075,227.795,191
229.115,227.835,190
229.155,227.875,189
229.195,227.915,189
229.235,227.955,189
229.275,227.995,189
229.319,228.039,188
229.356,228.076,188
229.394,228.114,188
229.434,228.154,187
229.475,228.195,187
229.515,228.235,187
229.555,228.275,187
229.596,228.316,187
229.635,228.355,187
229.674,228.394,187
229.715,228.435,187
229.754,228.474,187
229.794,228.514,187
229.835,228.555,187
229.876,228.596,187
229.916,228.636,188
229.955,228.675,188
229.995,228.715,188
230.034,228.754,188
230.076,228.796,188
230.117,228.837,189
230.158,228.878,188
230.208,228.928,188
230.238,228.958,189
230.274,228.994,189
230.315,229.035,189
230.354,229.074,189
230.395,229.115,189
230.434,229.154,189
230.485,229.205,189
230.515,229.235,190
230.554,229.274,190
230.595,229.315,190
230.635,229.355,190
230.675,229.395,190
230.715,229.435,191
230.756,229.476,191
230.796,229.516,191
230.835,229.555,191
230.874,229.594,191
230.915,229.635,192
230.955,229.675,193
230.994,229.714,193
231.039,229.759,193
231.079,229.799,194
231.114,229.834,195
231.154,229.874,195
231.194,229.914,195
231.234,229.954,196
231.274,229.994,197
231.314,230.034,199
231.356,230.076,199
231.395,230.115,199
231.434,230.154,199
231.474,230.194,200
231.515,230.235,202
231.555,230.275,202
231.595,230.315,203
231.636,230.356,203
231.679,230.399,203
231.715,230.435,204
231.755,230.475,205
231.794,230.514,205
231.835,230.555,205
231.875,230.595,206
231.915,230.635,207
231.957,230.677,208
232.000,230.720,208
232.035,230.755,209
232.077,230.797,209
232.117,230.837,210
232.156,230.876,210
232.197,230.917,210
232.238,230.958,211
232.278,230.998,212
232.314,231.034,213
232.355,231.075,214
232.394,231.114,214
232.435,231.155,214
232.475,231.195,214
232.521,231.241,216
232.561,231.281,216
232.597,231.317,216
232.635,231.355,217
232.676,231.396,218
232.716,231.436,216
232.755,231.475,215
232.813,231.533,214
232.838,231.558,214
232.875,231.595,213
232.915,231.635,210
232.956,231.676,207
232.994,231.714,207
233.035,231.755,206
233.076,231.796,204
233.115,231.835,202
233.155,231.875,201
233.195,231.915,201
233.235,231.955,199
233.275,231.995,196
233.316,232.036,193
233.354,232.074,192
233.400,232.120,192
233.435,232.155,192
233.475,232.195,191
233.515,232.235,188
233.555,232.275,186
233.595,232.315,186
233.635,232.355,184
233.677,232.397,183
233.720,232.440,181
233.755,232.475,180
233.795,232.515,180
233.835,232.555,179
233.876,232.596,178
233.914,232.634,175
233.954,232.674,173
233.995,232.715,173
234.035,232.755,172
234.075,232.795,171
234.115,232.835,170
234.157,232.877,169
234.197,232.917,169
234.238,232.958,168
234.277,232.997,167
234.318,233.038,165
234.358,233.078,162
234.397,233.117,162
234.437,233.157,162
234.477,233.197,161
234.514,233.234,159
234.555,233.275,158
234.600,233.320,158
234.637,233.357,156
234.675,233.395,155
234.715,233.435,152
234.755,233.475,150
234.795,233.515,150
234.835,233.555,149
234.875,233.595,147
234.919,233.639,144
234.958,233.678,143
234.995,233.715,143
235.034,233.754,142
235.075,233.795,139
235.114,233.834,136
235.156,233.876,134
235.208,233.928,134
235.241,233.961,133
235.275,233.995,132
235.315,234.035,130
235.354,234.074,128
235.394,234.114,127
235.436,234.156,127
235.481,234.201,125
235.520,234.240,122
235.555,234.275,121
235.594,234.314,121
235.635,234.355,120
235.675,234.395,119
235.715,234.435,116
235.754,234.474,115
235.803,234.523,115
235.838,234.558,113
235.874,234.594,112
235.915,234.635,110
235.955,234.675,109
235.995,234.715,108
236.034,234.754,108
236.079,234.799,107
236.114,234.834,106
236.154,234.874,105
236.194,234.914,105
236.235,234.955,104
236.275,234.995,102
236.321,235.041,99
236.361,235.081,99
236.396,235.116,98
236.437,235.157,98
236.477,235.197,97
236.515,235.235,94
236.559,235.279,93
236.597,235.317,92
236.635,235.355,92
236.675,235.395,92
236.714,235.434,90
236.754,235.474,89
236.797,235.517,89
236.838,235.558,88
236.875,235.595,87
236.915,235.635,86
236.955,235.675,85
236.995,235.715,84
237.034,235.754,84
237.075,235.795,83
237.115,235.835,83
237.155,235.875,83
237.195,235.915,83
237.235,235.955,83
237.275,235.995,82
237.314,236.034,80
237.356,236.076,80
237.399,236.119,80
237.442,236.162,80
237.475,236.195,80
237.515,236.235,81
237.555,236.275,81
237.594,236.314,80
237.634,236.354,80
237.680,236.400,79
237.715,236.435,79
237.755,236.475,79
237.795,236.515,79
237.835,236.555,78
237.876,236.596,78
237.914,236.634,78
237.955,236.675,78
238.000,236.720,78
238.037,236.757,78
238.074,236.794,77
238.115,236.835,77
238.154,236.874,77
238.195,236.915,78
238.235,236.955,78
238.607,237.327,78
238.638,237.358,79
238.666,237.386,80
238.690,237.410,84
238.719,237.439,85
238.757,237.477,85
238.798,237.518,85
238.838,237.558,85
238.877,237.597,86
238.919,237.639,88
238.955,237.675,89
238.995,237.715,89
239.034,237.754,89
239.075,237.795,90
239.114,237.834,91
239.154,237.874,92
239.204,237.924,92
239.244,237.964,92
239.277,237.997,93
239.315,238.035,95
239.355,238.075,96
239.395,238.115,96
239.434,238.154,96
239.475,238.195,97
239.522,238.242,99
239.558,238.278,100
239.595,238.315,100
239.635,238.355,101
239.675,238.395,102
239.716,238.436,103
239.755,238.475,104
239.795,238.515,105
239.838,238.558,105
239.878,238.598,107
239.915,238.635,108
239.955,238.675,109
239.994,238.714,110
240.035,238.755,110
240.074,238.794,111
240.114,238.834,112
240.163,238.883,113
240.195,238.915,113
240.235,238.955,114
240.275,238.995,115
240.314,239.034,117
240.356,239.076,118
240.402,239.122,118
240.438,239.158,119
240.473,239.193,119
240.514,239.234,121
240.555,239.275,122
240.594,239.314,122
240.635,239.355,122
240.678,239.398,123
240.719,239.439,125
240.757,239.477,126
240.798,239.518,127
240.840,239.560,127
240.879,239.599,127
240.916,239.636,129
240.955,239.675,130
240.996,239.716,130
241.036,239.756,131
241.076,239.796,131
241.114,239.834,133
241.155,239.875,134
241.195,239.915,134
241.235,239.955,135
241.277,239.997,136
241.316,240.036,137
241.354,240.074,138
241.395,240.115,138
241.435,240.155,139
241.475,240.195,140
241.514,240.234,143
241.563,240.283,144
241.600,240.320,144
241.634,240.354,144
241.674,240.394,144
241.714,240.434,147
241.755,240.475,149
241.795,240.515,150
241.835,240.555,150
241.874,240.594,150
241.919,240.639,151
241.955,240.675,153
241.995,240.715,154
242.035,240.755,154
242.074,240.794,155
242.115,240.835,156
242.154,240.874,157
242.196,240.916,158
242.244,240.964,158
242.275,240.995,159
242.315,241.035,161
242.354,241.074,162
242.396,241.116,162
242.435,241.155,163
242.475,241.195,163
242.529,241.249,165
242.556,241.276,166
242.595,241.315,167
242.634,241.354,167
242.675,241.395,168
242.715,241.435,169
242.759,241.479,170
242.797,241.517,170
242.845,241.565,171
242.878,241.598,172
242.918,241.638,173
242.955,241.675,173
242.994,241.714,173
243.035,241.755,174
243.075,241.795,175
243.124,241.844,176
243.159,241.879,176
243.194,241.914,176
243.234,241.954,176
243.275,241.995,176
243.315,242.035,177
243.355,242.075,178
243.395,242.115,178
243.439,242.159,178
243.477,242.197,179
243.515,242.235,180
243.553,242.273,180
243.595,242.315,180
243.635,242.355,180
243.675,242.395,181
243.716,242.436,184
243.757,242.477,184
243.796,242.516,184
243.835,242.555,184
243.875,242.595,185
243.915,242.635,186
243.955,242.675,187
243.996,242.716,187
244.036,242.756,188
244.083,242.803,188
244.115,242.835,189
244.156,242.876,189
244.194,242.914,190
244.235,242.955,191
244.275,242.995,192
244.315,243.035,193
244.357,243.077,194
244.402,243.122,194
244.435,243.155,194
244.475,243.195,195
244.515,243.235,197
244.555,243.275,198
244.595,243.315,198
244.635,243.355,198
244.682,243.402,198
244.719,243.439,196
244.755,243.475,195
244.797,243.517,195
244.840,243.560,193
244.879,243.599,192
244.919,243.639,189
244.959,243.679,187
245.003,243.723,187
245.037,243.757,186
245.078,243.798,186
245.119,243.839,183
245.158,243.878,181
245.194,243.914,181
245.236,243.956,179
245.286,244.006,177
245.315,244.035,176
245.356,244.076,175
245.394,244.114,175
245.436,244.156,174
245.476,244.196,172
245.515,244.235,168
245.560,244.280,167
245.604,244.324,167
245.635,244.355,166
245.675,244.395,165
245.716,244.436,163
245.756,244.476,162
245.796,244.516,160
245.842,244.562,160
245.881,244.601,159
245.915,244.635,157
245.955,244.675,157
245.996,244.716,157
246.038,244.758,156
246.076,244.796,154
246.118,244.838,152
246.155,244.875,150
246.206,244.926,150
246.238,244.958,148
246.275,244.995,147
246.315,245.035,144
246.356,245.076,143
246.395,245.115,143
246.435,245.155,141
246.476,245.196,139
246.517,245.237,136
246.555,245.275,134
246.594,245.314,134
246.635,245.355,133
246.677,245.397,132
246.718,245.438,129
246.755,245.475,127
246.812,245.532,127
246.842,245.562,125
246.876,245.596,124
246.915,245.635,121
246.955,245.675,119
247.000,245.720,119
247.043,245.763,118
247.079,245.799,116
247.123,245.843,113
247.160,245.880,112
247.195,245.915,112
247.235,245.955,111
247.275,245.995,109
247.316,246.036,106
247.355,246.075,105
247.396,246.116,103
247.438,246.158,103
247.474,246.194,102
247.516,246.236,101
247.555,246.275,100
247.597,246.317,100
247.643,246.363,99
247.675,246.395,98
247.715,246.435,97
247.757,246.477,97
247.795,246.515,97
247.884,246.604,97
247.915,246.635,96
247.935,246.655,96
247.959,246.679,95
248.003,246.723,95
248.035,246.755,94
248.076,246.796,93
248.115,246.835,92
248.156,246.876,92
248.197,246.917,92
248.237,246.957,91
248.282,247.002,90
248.316,247.036,89
248.357,247.077,88
248.395,247.115,88
248.437,247.157,87
248.476,247.196,87
248.517,247.237,86
248.556,247.276,86
248.605,247.325,86
248.636,247.356,85
248.676,247.396,85
248.715,247.435,85
248.756,247.476,85
248.797,247.517,86
248.837,247.557,86
248.878,247.598,86
248.916,247.636,85
248.963,247.683,85
249.000,247.720,85
249.040,247.760,86
249.080,247.800,87
249.120,247.840,86
249.160,247.880,85
249.196,247.916,85
249.239,247.959,85
249.280,248.000,86
249.316,248.036,85
249.355,248.075,85
249.397,248.117,85
249.436,248.156,85
249.476,248.196,85
249.518,248.238,85
249.556,248.276,85
249.596,248.316,85
249.636,248.356,85
249.675,248.395,86
249.717,248.437,86
249.757,248.477,86
249.796,248.516,86
249.845,248.565,85
249.879,248.599,85
249.916,248.636,85
249.956,248.676,85
249.997,248.717,85
250.036,248.756,85
250.076,248.796,84
250.115,248.835,83
250.157,248.877,83
250.198,248.918,83
250.236,248.956,83
250.275,248.995,84
250.317,249.037,83
250.356,249.076,83
250.396,249.116,83
250.437,249.157,83
250.477,249.197,83
250.515,249.235,83
250.557,249.277,83
250.597,249.317,83
250.638,249.358,84
250.676,249.396,83
250.735,249.455,83
250.765,249.485,84
250.798,249.518,84
250.836,249.556,84
250.876,249.596,84
250.917,249.637,84
250.956,249.676,84
250.999,249.719,84
251.043,249.763,84
251.082,249.802,84
251.121,249.841,84
251.160,249.880,84
251.200,249.920,84
251.236,249.956,84
251.277,249.997,84
251.317,250.037,84
251.360,250.080,83
251.398,250.118,83
251.437,250.157,84
251.476,250.196,84
251.517,250.237,84
251.557,250.277,84
251.596,250.316,84
251.638,250.358,84
251.684,250.404,83
251.716,250.436,85
251.756,250.476,85
251.797,250.517,85
251.837,250.557,85
251.875,250.595,84
251.917,250.637,84
251.963,250.683,84
252.011,250.731,84
252.036,250.756,84
252.076,250.796,84
252.116,250.836,85
252.157,250.877,85
252.198,250.918,85
252.236,250.956,86
252.280,251.000,87
252.321,251.041,88
252.356,251.076,88
252.396,251.116,88
252.436,251.156,89
252.477,251.197,89
252.533,251.253,92
252.558,251.278,92
252.597,251.317,92
252.635,251.355,92
252.675,251.395,93
252.718,251.438,95
252.757,251.477,97
252.794,251.514,97
252.843,251.563,98
252.877,251.597,98
252.916,251.636,99
252.956,251.676,101
252.998,251.718,102
253.040,251.760,102
253.082,251.802,104
253.123,251.843,103
253.160,251.880,103
253.207,251.927,103
253.242,251.962,103
253.277,251.997,104
253.315,252.035,107
253.357,252.077,108
253.395,252.115,108
253.437,252.157,109
253.486,252.206,110
253.537,252.257,110
253.560,252.280,111
253.596,252.316,113
253.636,252.356,113
253.674,252.394,114
253.715,252.435,116
253.757,252.477,116
253.798,252.518,116
253.843,252.563,116
253.882,252.602,118
253.918,252.638,120
253.956,252.676,120
253.996,252.716,120
254.038,252.758,121
254.078,252.798,121
254.129,252.849,124
254.164,252.884,125
254.197,252.917,127
254.236,252.956,127
254.279,252.999,128
254.317,253.037,129
254.356,253.076,130
254.397,253.117,132
254.443,253.163,132
254.474,253.194,134
254.516,253.236,136
254.555,253.275,137
254.596,253.316,138
254.636,253.356,138
254.676,253.396,139
254.717,253.437,141
254.756,253.476,142
254.796,253.516,142
254.837,253.557,143
254.878,253.598,144
254.918,253.638,146
254.955,253.675,147
254.998,253.718,147
255.040,253.760,148
255.081,253.801,149
255.121,253.841,151
255.162,253.882,152
255.200,253.920,152
255.239,253.959,153
255.299,254.019,154
255.326,254.046,156
255.359,254.079,157
255.401,254.121,157
255.433,254.153,158
255.474,254.194,159
255.514,254.234,161
255.560,254.280,162
255.599,254.319,162
255.636,254.356,162
255.675,254.395,163
255.715,254.435,165
255.754,254.474,166
255.795,254.515,167
255.834,254.554,167
255.874,254.594,168
255.920,254.640,170
255.956,254.676,171
255.994,254.714,172
256.038,254.758,172
256.076,254.796,173
256.115,254.835,175
256.154,254.874,177
256.194,254.914,178
256.235,254.955,178
256.284,255.004,179
256.317,255.037,181
256.357,255.077,183
256.394,255.114,183
256.435,255.155,184
256.475,255.195,185
256.514,255.234,187
256.557,255.277,188
256.593,255.313,188
256.635,255.355,189
256.674,255.394,190
256.715,255.435,192
256.757,255.477,193
256.795,255.515,193
256.834,255.554,194
256.884,255.604,195
256.917,255.637,197
256.954,255.674,198
256.993,255.713,198
257.035,255.755,199
257.075,255.795,200
257.115,255.835,202
257.163,255.883,203
257.197,255.917,203
257.240,255.960,204
257.281,256.001,205
257.319,256.039,208
257.359,256.079,209
257.488,256.208,210
257.513,256.233,210
257.536,256.256,214
257.579,256.299,215
257.620,256.340,215
257.665,256.385,217
257.705,256.425,218
257.746,256.466,219
257.787,256.507,220
257.827,256.547,220
257.868,256.588,221
257.909,256.629,223
257.949,256.669,
257.989,256.709,
258.031,256.751,226
258.073,256.793,226
258.113,256.833,228
258.152,256.872,229
258.192,256.912,229
258.233,256.953,230
258.273,256.993,232
258.313,257.033,234
258.353,257.073,235
258.394,257.114,235
258.434,257.154,235
258.476,257.196,235
258.513,257.233,237
258.553,257.273,238
258.594,257.314,238
258.635,257.355,238
258.680,257.400,238
258.717,257.437,236
258.755,257.475,235
258.794,257.514,235
258.834,257.554,234
258.873,257.593,234
258.915,257.635,232
258.963,257.683,230
259.000,257.720,230
259.035,257.755,229
259.073,257.793,228
259.115,257.835,224
259.155,257.875,223
259.195,257.915,223
259.235,257.955,222
259.285,258.005,
259.321,258.041,217
259.360,258.080,216
259.401,258.121,216
259.442,258.162,214
259.475,258.195,212
259.515,258.235,210
259.557,258.277,208
259.597,258.317,208
259.635,258.355,206
259.675,258.395,205
259.714,258.434,202
259.755,258.475,200
259.794,258.514,200
259.835,258.555,198
259.875,258.595,196
259.917,258.637,194
259.955,258.675,192
259.995,258.715,192
260.035,258.755,190
260.075,258.795,188
260.114,258.834,185
260.156,258.876,185
260.194,258.914,184
260.235,258.955,183
260.275,258.995,182
260.314,259.034,181
260.354,259.074,180
260.395,259.115,180
260.435,259.155,179
260.476,259.196,177
260.514,259.234,175
260.556,259.276,174
260.595,259.315,174
260.634,259.354,173
260.675,259.395,172
260.715,259.435,171
260.755,259.475,170
260.795,259.515,170
260.835,259.555,170
260.877,259.597,169
260.917,259.637,169
260.955,259.675,169
260.995,259.715,169
261.034,259.754,169
261.075,259.795,169
261.114,259.834,168
261.159,259.879,168
261.195,259.915,168
261.235,259.955,168
261.276,259.996,168
261.317,260.037,168
261.357,260.077,168
261.401,260.121,168
261.442,260.162,168
261.477,260.197,169
261.514,260.234,170
261.555,260.275,170
261.594,260.314,170
261.634,260.354,170
261.674,260.394,171
261.715,260.435,172
261.775,260.495,172
261.804,260.524,172
261.835,260.555,172
261.875,260.595,172
261.914,260.634,174
261.955,260.675,175
261.995,260.715,175
262.034,260.754,175
262.080,260.800,176
262.116,260.836,177
262.154,260.874,178
262.195,260.915,179
262.235,260.955,179
262.275,260.995,180
262.315,261.035,181
262.357,261.077,182
262.400,261.120,182
262.433,261.153,182
262.474,261.194,183
262.514,261.234,185
262.555,261.275,185
262.594,261.314,185
262.634,261.354,186
262.676,261.396,186
262.716,261.436,187
262.755,261.475,188
262.795,261.515,188
262.835,261.555,189
262.874,261.594,190
262.916,261.636,191
262.955,261.675,192
262.998,261.718,192
263.035,261.755,192
263.074,261.794,193
263.114,261.834,194
263.154,261.874,195
263.195,261.915,195
263.235,261.955,196
263.279,261.999,197
263.319,262.039,197
263.356,262.076,198
263.397,262.117,198
263.437,262.157,198
263.477,262.197,199
263.517,262.237,
263.559,262.279,
263.601,262.321,
263.638,262.358,202
263.677,262.397,202
263.715,262.435,203
263.756,262.476,203
263.796,262.516,203
263.835,262.555,204
263.877,262.597,203
263.917,262.637,
263.955,262.675,199
263.995,262.715,199
264.035,262.755,197
264.075,262.795,196
264.115,262.835,193
264.154,262.874,191
264.196,262.916,191
264.236,262.956,190
264.274,262.994,189
264.315,263.035,186
264.355,263.075,184
264.395,263.115,184
264.435,263.155,182
264.481,263.201,180
264.514,263.234,177
264.555,263.275,175
264.594,263.314,175
264.635,263.355,173
264.674,263.394,172
264.715,263.435,168
264.755,263.475,166
264.799,263.519,166
264.834,263.554,164
264.875,263.595,163
264.913,263.633,161
264.953,263.673,160
264.995,263.715,160
265.035,263.755,158
265.075,263.795,157
265.115,263.835,154
265.154,263.874,153
265.194,263.914,153
265.235,263.955,153
265.275,263.995,152
265.314,264.034,149
265.359,264.079,148
265.395,264.115,148
265.435,264.155,147
265.475,264.195,146
265.517,264.237,145
265.557,264.277,144
265.597,264.317,144
265.637,264.357,144
265.684,264.404,144
265.721,264.441,143
265.757,264.477,143
265.797,264.517,143
265.836,264.556,143
265.877,264.597,143
265.914,264.634,143
265.955,264.675,143
266.000,264.720,143
266.038,264.758,143
266.075,264.795,144
266.114,264.834,144
266.155,264.875,144
266.194,264.914,144
266.235,264.955,144
266.279,264.999,144
266.319,265.039,144
266.355,265.075,144
266.395,265.115,144
266.435,265.155,144
266.476,265.196,143
266.517,265.237,142
266.556,265.276,142
266.594,265.314,142
266.633,265.353,142
266.675,265.395,141
266.716,265.436,141
266.754,265.474,140
266.796,265.516,140
266.835,265.555,140
266.874,265.594,140
266.914,265.634,141
266.955,265.675,140
266.995,265.715,140
267.243,265.963,140
267.271,265.991,140
267.291,266.011,140
267.316,266.036,140
267.355,266.075,140
267.401,266.121,140
267.435,266.155,140
267.474,266.194,140
267.515,266.235,140
267.554,266.274,140
267.595,266.315,140
267.636,266.356,140
267.675,266.395,139
267.718,266.438,138
267.757,266.477,138
267.797,266.517,138
267.837,266.557,137
267.877,266.597,137
267.914,266.634,135
267.956,266.676,134
267.996,266.716,134
268.035,266.755,133
268.074,266.794,133
268.114,266.834,132
268.155,266.875,131
268.195,266.915,131
268.240,266.960,131
268.274,266.994,131
268.315,267.035,131
268.354,267.074,131
268.394,267.114,131
268.434,267.154,132
268.475,267.195,131
268.514,267.234,132
268.556,267.276,133
268.597,267.317,133
268.634,267.354,133
268.675,267.395,133
268.716,267.436,133
268.755,267.475,132
268.795,267.515,132
268.834,267.554,132
268.878,267.598,132
268.915,267.635,132
268.955,267.675,132
268.995,267.715,133
269.034,267.754,133
269.075,267.795,133
269.115,267.835,133
269.155,267.875,133
269.197,267.917,133
269.236,267.956,132
269.276,267.996,132
269.315,268.035,134
269.355,268.075,134
269.394,268.114,134
269.434,268.154,134
269.475,268.195,134
269.517,268.237,135
269.560,268.280,136
269.600,268.320,136
269.634,268.354,136
269.673,268.393,137
269.715,268.435,137
269.757,268.477,138
269.797,268.517,138
269.839,268.559,138
269.881,268.601,139
269.917,268.637,141
269.957,268.677,141
269.998,268.718,141
270.038,268.758,141
270.077,268.797,142
270.124,268.844,143
270.157,268.877,143
270.195,268.915,144
270.235,268.955,144
270.274,268.994,144
270.314,269.034,146
270.354,269.074,147
270.395,269.115,147
270.441,269.161,148
270.481,269.201,149
270.515,269.235,151
270.554,269.274,152
270.594,269.314,152
270.634,269.354,153
270.676,269.396,154
270.713,269.433,154
270.755,269.475,153
270.795,269.515,153
270.835,269.555,152
270.874,269.594,151
270.915,269.635,148
270.955,269.675,147
270.995,269.715,147
271.036,269.756,146
271.082,269.802,144
271.115,269.835,142
271.154,269.874,141
271.195,269.915,141
271.235,269.955,139
271.274,269.994,137
271.314,270.034,134
271.362,270.082,133
271.397,270.117,132
271.435,270.155,132
271.474,270.194,130
271.514,270.234,128
271.555,270.275,127
271.594,270.314,126
271.634,270.354,126
271.682,270.402,125
271.715,270.435,122
271.755,270.475,121
271.797,270.517,120
271.834,270.554,120
271.874,270.594,120
271.915,270.635,118
271.958,270.678,117
272.000,270.720,117
272.043,270.763,117
272.077,270.797,117
272.119,270.839,116
272.158,270.878,116
272.198,270.918,116
272.237,270.957,116
272.280,271.000,117
272.319,271.039,116
272.354,271.074,116
272.394,271.114,116
272.435,271.155,116
272.475,271.195,116
272.516,271.236,117
272.555,271.275,116
272.600,271.320,116
272.634,271.354,116
272.675,271.395,116
272.715,271.435,115
272.758,271.478,115
272.795,271.515,115
272.835,271.555,115
272.881,271.601,115
272.915,271.635,113
272.959,271.679,113
272.994,271.714,113
273.035,271.755,113
273.074,271.794,113
273.116,271.836,112
273.155,271.875,112
273.195,271.915,111
273.237,271.957,111
273.277,271.997,111
273.314,272.034,110
273.355,272.075,110
273.394,272.114,110
273.435,272.155,110
273.475,272.195,110
273.515,272.235,109
273.553,272.273,109
273.596,272.316,109
273.641,272.361,109
273.675,272.395,109
273.715,272.435,111
273.754,272.474,111
273.797,272.517,111
273.835,272.555,112
273.874,272.594,112
273.917,272.637,113
273.961,272.681,114
273.995,272.715,114
274.035,272.755,114
274.074,272.794,115
274.115,272.835,117
274.157,272.877,117
274.199,272.919,117
274.238,272.958,118
274.282,273.002,118
274.318,273.038,120
274.355,273.075,120
274.395,273.115,120
274.434,273.154,121
274.475,273.195,121
274.514,273.234,123
274.555,273.275,124
274.594,273.314,125
274.645,273.365,125
274.675,273.395,126
274.715,273.435,128
274.755,273.475,129
274.795,273.515,129
274.835,273.555,131
274.875,273.595,132
274.915,273.635,134
274.965,273.685,135
274.996,273.716,135
275.037,273.757,136
275.075,273.795,137
275.115,273.835,139
275.154,273.874,140
275.274,273.994,140
275.307,274.027,141
275.333,274.053,142
275.358,274.078,146
275.395,274.115,146
275.435,274.155,146
275.476,274.196,148
275.515,274.235,150
275.555,274.275,151
275.601,274.321,152
275.644,274.364,152
275.675,274.395,154
275.717,274.437,156
275.755,274.475,156
275.794,274.514,156
275.835,274.555,158
275.877,274.597,159
275.914,274.634,161
275.961,274.681,162
275.995,274.715,162
276.034,274.754,163
276.073,274.793,164
276.117,274.837,166
276.155,274.875,166
276.197,274.917,166
276.246,274.966,167
276.278,274.998,168
276.317,275.037,171
276.359,275.079,171
276.393,275.113,171
276.435,275.155,172
276.477,275.197,172
276.514,275.234,174
276.556,275.276,175
276.842,275.562,175
276.868,275.588,176
276.904,275.624,176
276.931,275.651,180
276.962,275.682,181
276.998,275.718,181
277.037,275.757,180
277.075,275.795,179
277.116,275.836,181
277.156,275.876,182
277.194,275.914,182
277.235,275.955,184
277.276,275.996,185
277.315,276.035,185
277.369,276.089,185
277.395,276.115,185
277.434,276.154,187
277.475,276.195,188
277.517,276.237,190
277.554,276.274,191
277.595,276.315,191
277.644,276.364,190
277.675,276.395,190
277.715,276.435,190
277.756,276.476,190
277.794,276.514,189
277.836,276.556,189
277.875,276.595,188
277.914,276.634,186
277.955,276.675,185
277.997,276.717,185
278.042,276.762,184
278.075,276.795,183
278.115,276.835,180
278.155,276.875,179
278.200,276.920,179
278.240,276.960,178
278.280,277.000,177
278.322,277.042,175
278.363,277.083,174
278.396,277.116,173
278.437,277.157,173
278.475,277.195,172
278.516,277.236,171
278.556,277.276,169
278.597,277.317,169
278.635,277.355,168
278.679,277.399,167
278.723,277.443,166
278.754,277.474,165
278.795,277.515,165
278.837,277.557,164
278.875,277.595,163
278.917,277.637,163
278.955,277.675,163
278.997,277.717,163
279.034,277.754,163
279.077,277.797,163
279.120,277.840,162
279.156,277.876,162
279.195,277.915,162
279.235,277.955,162
279.277,277.997,162
279.317,278.037,162
279.357,278.077,163
279.395,278.115,163
279.445,278.165,163
279.485,278.205,163
279.517,278.237,163
279.555,278.275,163
279.597,278.317,163
279.636,278.356,163
279.677,278.397,163
279.716,278.436,164
279.763,278.483,164
279.797,278.517,164
279.837,278.557,164
279.876,278.596,164
279.914,278.634,164
279.957,278.677,164
279.995,278.715,164
280.036,278.756,164
280.091,278.811,164
280.122,278.842,165
280.163,278.883,165
280.200,278.920,165
280.238,278.958,165
280.278,278.998,165
280.346,279.066,165
280.379,279.099,165
280.412,279.132,165
280.439,279.159,165
280.479,279.199,165
280.520,279.240,166
280.561,279.281,166
280.597,279.317,166
280.643,279.363,166
280.676,279.396,167
280.718,279.438,167
280.756,279.476,167
280.795,279.515,167
280.835,279.555,167
280.877,279.597,167
280.915,279.635,169
280.957,279.677,169
280.996,279.716,169
281.043,279.763,168
281.077,279.797,168
281.116,279.836,168
281.155,279.875,168
281.195,279.915,168
281.236,279.956,168
281.278,279.998,168
281.315,280.035,168
281.371,280.091,167
281.399,280.119,167
281.434,280.154,166
281.475,280.195,165
281.516,280.236,164
281.557,280.277,164
281.597,280.317,163
281.636,280.356,163
281.678,280.398,161
281.718,280.438,158
281.757,280.477,157
281.797,280.517,157
281.835,280.555,157
281.876,280.596,156
281.917,280.637,153
281.956,280.676,151
281.997,280.717,151
282.039,280.759,150
282.083,280.803,149
282.117,280.837,147
282.157,280.877,147
282.197,280.917,147
282.236,280.956,147
282.276,280.996,146
282.316,281.036,143
282.360,281.080,143
282.402,281.122,143
282.439,281.159,143
282.480,281.200,143
282.522,281.242,142
282.560,281.280,142
282.601,281.321,142
282.636,281.356,142
282.685,281.405,142
282.720,281.440,142
282.756,281.476,142
282.797,281.517,142
282.837,281.557,142
282.877,281.597,142
282.920,281.640,142
282.956,281.676,143
282.996,281.716,143
283.041,281.761,143
283.077,281.797,143
283.116,281.836,143
283.156,281.876,143
283.197,281.917,144
283.239,281.959,144
283.277,281.997,144
283.326,282.046,144
283.357,282.077,145
283.396,282.116,145
283.436,282.156,145
283.476,282.196,145
283.518,282.238,145
283.558,282.278,145
283.598,282.318,145
283.636,282.356,145
283.688,282.408,145
283.718,282.438,146
283.757,282.477,146
283.797,282.517,146
283.838,282.558,146
283.876,282.596,146
283.917,282.637,147
283.959,282.679,147
283.998,282.718,147
284.037,282.757,147
284.077,282.797,147
284.119,282.839,147
284.157,282.877,147
284.196,282.916,147
284.236,282.956,147
284.278,282.998,147
284.317,283.037,148
284.358,283.078,148
284.397,283.117,148
284.442,283.162,148
284.485,283.205,148
284.521,283.241,147
284.560,283.280,147
284.604,283.324,147
284.636,283.356,147
284.677,283.397,146
284.719,283.439,145
284.762,283.482,145
284.797,283.517,144
284.846,283.566,144
284.885,283.605,144
284.916,283.636,142
284.964,283.684,141
284.996,283.716,140
285.037,283.757,140
285.076,283.796,139
285.117,283.837,138
285.156,283.876,138
285.204,283.924,138
285.240,283.960,138
285.277,283.997,138
285.316,284.036,137
285.357,284.077,137
285.398,284.118,137
285.437,284.157,136
285.477,284.197,136
285.518,284.238,136
285.556,284.276,136
285.597,284.317,136
285.636,284.356,136
285.678,284.398,137
285.716,284.436,137
285.766,284.486,137
285.801,284.521,137
285.836,284.556,138
285.877,284.597,139
285.918,284.638,139
285.957,284.677,138
285.998,284.718,138
286.036,284.756,137
286.076,284.796,138
286.126,284.846,140
286.397,285.117,141
286.433,285.153,140
286.462,285.182,145
286.505,285.225,145
286.548,285.268,146
286.588,285.308,146
286.632,285.352,147
286.666,285.386,149
286.709,285.429,151
286.754,285.474,152
286.789,285.509,153
286.831,285.551,153
286.871,285.591,154
286.910,285.630,154
286.953,285.673,155
286.992,285.712,155
287.032,285.752,156
287.072,285.792,158
287.114,285.834,159
287.152,285.872,160
287.192,285.912,160
287.244,285.964,160
287.276,285.996,160
287.313,286.033,161
287.353,286.073,163
287.393,286.113,163
287.433,286.153,164
287.474,286.194,165
287.514,286.234,167
287.554,286.274,168
287.594,286.314,168
287.634,286.354,169
287.676,286.396,169
287.715,286.435,171
287.758,286.478,172
287.799,286.519,173
287.840,286.560,173
287.877,286.597,175
287.914,286.634,176
287.959,286.679,177
287.997,286.717,178
288.037,286.757,178
288.075,286.795,179
288.115,286.835,182
288.154,286.874,182
288.196,286.916,182
288.461,287.181,182
288.501,287.221,182
288.527,287.247,172
288.564,287.284,171
288.604,287.324,171
288.636,287.356,169
288.678,287.398,168
288.715,287.435,163
288.755,287.475,161
288.795,287.515,161
288.836,287.556,159
288.882,287.602,157
288.923,287.643,153
288.956,287.676,151
288.997,287.717,151
289.037,287.757,148
289.074,287.794,146
289.114,287.834,142
289.155,287.875,140
289.200,287.920,140
289.236,287.956,137
289.276,287.996,135
289.314,288.034,132
289.354,288.074,131
289.395,288.115,131
289.436,288.156,130
289.474,288.194,129
289.515,288.235,127
289.557,288.277,127
289.595,288.315,127
289.636,288.356,126
289.681,288.401,126
289.715,288.435,126
289.755,288.475,126
289.801,288.521,126
289.836,288.556,126
289.875,288.595,126
289.915,288.635,125
289.955,288.675,124
289.994,288.714,124
290.034,288.754,124
290.076,288.796,123
290.118,288.838,123
290.154,288.874,123
290.196,288.916,123
290.238,288.958,123
290.277,288.997,123
290.315,289.035,123
290.356,289.076,123
290.394,289.114,123
290.435,289.155,122
290.482,289.202,122
290.526,289.246,121
290.562,289.282,122
290.599,289.319,122
290.639,289.359,122
290.675,289.395,122
290.715,289.435,123
290.755,289.475,123
290.795,289.515,123
290.835,289.555,123
290.877,289.597,123
290.917,289.637,124
290.954,289.674,124
290.994,289.714,125
291.035,289.755,125
291.075,289.795,125
291.115,289.835,127
291.154,289.874,127
291.204,289.924,128
291.240,289.960,128
291.275,289.995,128
291.315,290.035,129
291.357,290.077,129
291.394,290.114,129
291.434,290.154,129
291.476,290.196,129
291.516,290.236,130
291.556,290.276,131
291.595,290.315,131
291.634,290.354,132
291.675,290.395,133
291.715,290.435,134
291.755,290.475,134
291.795,290.515,134
291.838,290.558,135
291.875,290.595,136
291.914,290.634,138
291.954,290.674,139
291.995,290.715,139
292.034,290.754,139
292.075,290.795,140
292.114,290.834,142
292.159,290.879,142
292.194,290.914,142
292.236,290.956,143
292.274,290.994,145
292.315,291.035,147
292.354,291.074,148
292.396,291.116,148
292.433,291.153,148
292.481,291.201,148
292.520,291.240,150
292.562,291.282,151
292.599,291.319,152
292.639,291.359,152
292.674,291.394,153
292.715,291.435,153
292.755,291.475,153
292.804,291.524,153
292.835,291.555,155
292.874,291.594,156
292.916,291.636,157
292.955,291.675,157
292.995,291.715,157
293.035,291.755,158
293.074,291.794,159
293.115,291.835,162
293.158,291.878,163
293.198,291.918,163
293.235,291.955,164
293.275,291.995,165
293.314,292.034,166
293.355,292.075,168
293.394,292.114,168
293.435,292.155,168
293.478,292.198,168
293.516,292.236,169
293.554,292.274,169
293.595,292.315,169
293.635,292.355,168
293.674,292.394,168
293.715,292.435,165
293.753,292.473,164
293.801,292.521,164
293.839,292.559,163
293.875,292.595,162
293.914,292.634,161
293.954,292.674,160
293.995,292.715,159
294.034,292.754,159
294.076,292.796,157
294.116,292.836,154
294.155,292.875,152
294.195,292.915,152
294.234,292.954,151
294.274,292.994,150
294.315,293.035,148
294.355,293.075,146
294.397,293.117,146
294.437,293.157,145
294.474,293.194,144
294.518,293.238,142
294.556,293.276,140
294.600,293.320,140
294.637,293.357,139
294.677,293.397,138
294.717,293.437,136
294.757,293.477,135
294.800,293.520,135
294.837,293.557,134
294.877,293.597,133
294.914,293.634,131
294.954,293.674,130
294.994,293.714,130
295.036,293.756,130
295.074,293.794,129
295.115,293.835,128
295.158,293.878,127
295.196,293.916,127
295.234,293.954,127
295.274,293.994,126
295.315,294.035,125
295.354,294.074,125
295.394,294.114,125
295.435,294.155,124
295.475,294.195,124
295.515,294.235,123
295.554,294.274,122
295.595,294.315,121
295.635,294.355,121
295.675,294.395,120
295.782,294.502,119
295.811,294.531,119
295.838,294.558,119
295.861,294.581,118
295.903,294.623,117
295.943,294.663,117
295.988,294.708,116
296.029,294.749,116
296.069,294.789,116
296.111,294.831,117
296.148,294.868,117
296.191,294.911,117
296.229,294.949,117
296.270,294.990,117
296.311,295.031,117
296.353,295.073,118
296.393,295.113,118
296.442,295.162,118
296.476,295.196,119
296.514,295.234,119
296.552,295.272,120
296.593,295.313,120
296.634,295.354,120
296.673,295.393,120
296.717,295.437,119
296.757,295.477,120
296.796,295.516,120
296.836,295.556,120
296.877,295.597,121
296.914,295.634,122
296.955,295.675,122
296.995,295.715,122
297.033,295.753,123
297.079,295.799,123
297.115,295.835,125
297.155,295.875,125
297.194,295.914,125
297.233,295.953,126
297.273,295.993,127
297.315,296.035,128
297.354,296.074,128
297.397,296.117,129
297.433,296.153,129
297.473,296.193,130
297.514,296.234,131
297.556,296.276,132
297.595,296.315,132
297.635,296.355,132
297.675,296.395,133
297.716,296.436,134
297.755,296.475,135
297.794,296.514,135
297.835,296.555,135
297.874,296.594,135
297.915,296.635,137
297.955,296.675,138
297.999,296.719,138
298.036,296.756,138
298.075,296.795,139
298.114,296.834,139
298.154,296.874,139
298.194,296.914,139
298.235,296.955,139
298.276,296.996,138
298.317,297.037,138
298.355,297.075,139
298.395,297.115,139
298.434,297.154,139
298.475,297.195,139
298.514,297.234,140
298.554,297.274,141
298.599,297.319,141
298.635,297.355,141
298.675,297.395,142
298.718,297.438,142
298.757,297.477,143
298.798,297.518,143
298.838,297.558,143
298.876,297.596,144
298.915,297.635,144
298.955,297.675,144
298.995,297.715,144
299.035,297.755,145
299.075,297.795,145
299.114,297.834,146
299.155,297.875,147
299.201,297.921,147
299.241,297.961,147
299.275,297.995,148
299.314,298.034,148
299.354,298.074,148
299.395,298.115,148
299.434,298.154,149
299.481,298.201,149
299.514,298.234,149
299.555,298.275,149
299.595,298.315,149
299.634,298.354,148
299.675,298.395,147
299.716,298.436,146
299.756,298.476,145
299.795,298.515,145
299.837,298.557,144
299.874,298.594,142
299.915,298.635,141
299.955,298.675,140
299.994,298.714,140
300.034,298.754,139
300.075,298.795,137
300.115,298.835,135
300.156,298.876,134
300.197,298.917,134
300.235,298.955,133
300.274,298.994,130
300.315,299.035,128
300.354,299.074,126
300.394,299.114,126
300.435,299.155,125
300.477,299.197,123
300.515,299.235,122
300.555,299.275,121
300.595,299.315,121
300.634,299.354,119
300.675,299.395,116
300.714,299.434,116
300.761,299.481,115
300.798,299.518,115
300.838,299.558,115
300.877,299.597,113
300.918,299.638,112
300.955,299.675,112
300.995,299.715,111
301.035,299.755,111
301.077,299.797,111
301.118,299.838,111
301.154,299.874,111
301.195,299.915,111
301.235,299.955,110
301.274,299.994,109
301.315,300.035,109
301.357,300.077,109
301.397,300.117,109
301.435,300.155,109
301.475,300.195,109
301.515,300.235,109
301.554,300.274,109
301.595,300.315,109
301.634,300.354,108
301.683,300.403,109
301.720,300.440,109
301.755,300.475,109
301.795,300.515,109
301.835,300.555,109
301.874,300.594,110
301.916,300.636,110
301.955,300.675,110
301.999,300.719,110
302.038,300.758,110
302.075,300.795,109
302.116,300.836,109
302.155,300.875,110
302.194,300.914,110
302.235,300.955,111
302.274,300.994,112
302.321,301.041,112
302.355,301.075,113
302.394,301.114,113
302.435,301.155,114
302.475,301.195,115
302.515,301.235,116
302.555,301.275,117
302.600,301.320,118
302.636,301.356,118
302.675,301.395,119
302.715,301.435,120
302.758,301.478,121
302.798,301.518,121
302.837,301.557,121
302.878,301.598,123
302.917,301.637,124
302.959,301.679,125
302.995,301.715,126
303.035,301.755,126
303.074,301.794,127
303.115,301.835,128
303.154,301.874,129
303.194,301.914,129
303.241,301.961,130
303.275,301.995,132
303.315,302.035,133
303.355,302.075,134
303.394,302.114,135
303.433,302.153,135
303.475,302.195,137
303.514,302.234,139
303.558,302.278,140
303.595,302.315,140
303.634,302.354,141
303.675,302.395,143
303.715,302.435,145
303.755,302.475,146
303.794,302.514,146
303.835,302.555,147
303.879,302.599,148
303.916,302.636,150
303.955,302.675,151
303.998,302.718,151
304.036,302.756,152
304.074,302.794,154
304.114,302.834,156
304.155,302.875,157
304.200,302.920,157
304.235,302.955,157
304.275,302.995,159
304.313,303.033,160
304.355,303.075,162
304.395,303.115,163
304.433,303.153,163
304.478,303.198,164
304.516,303.236,165
304.555,303.275,166
304.595,303.315,167
304.636,303.356,167
304.675,303.395,169
304.714,303.434,170
304.759,303.479,171
304.800,303.520,171
304.838,303.558,172
304.877,303.597,174
304.919,303.639,175
304.956,303.676,176
304.995,303.715,176
305.035,303.755,176
305.082,303.802,177
305.121,303.841,177
305.155,303.875,176
305.194,303.914,176
305.236,303.956,174
305.287,304.007,171
305.318,304.038,169
305.356,304.076,167
305.403,304.123,165
305.435,304.155,165
305.475,304.195,161
305.514,304.234,159
305.556,304.276,158
305.594,304.314,158
305.634,304.354,156
305.683,304.403,152
305.717,304.437,151
305.755,304.475,149
305.795,304.515,149
305.835,304.555,147
305.874,304.594,144
305.914,304.634,142
305.955,304.675,139
305.995,304.715,139
306.043,304.763,138
306.075,304.795,135
306.114,304.834,133
306.155,304.875,131
306.196,304.916,131
306.235,304.955,129
306.275,304.995,125
306.320,305.040,124
306.359,305.079,122
306.395,305.115,122
306.436,305.156,121
306.475,305.195,117
306.515,305.235,117
306.555,305.275,116
306.596,305.316,116
306.633,305.353,115
306.675,305.395,112
306.715,305.435,111
306.755,305.475,111
306.799,305.519,110
306.839,305.559,110
306.877,305.597,109
306.923,305.643,108
306.959,305.679,107
306.994,305.714,106
307.034,305.754,106
307.074,305.794,105
307.115,305.835,105
307.156,305.876,105
307.199,305.919,105
307.242,305.962,105
307.275,305.995,105
307.315,306.035,104
307.356,306.076,104
307.395,306.115,104
307.435,306.155,104
307.495,306.215,104
307.524,306.244,103
307.555,306.275,104
307.595,306.315,104
307.635,306.355,104
307.676,306.396,105
307.715,306.435,105
307.755,306.475,105
307.796,306.516,106
307.835,306.555,106
307.875,306.595,107
307.915,306.635,107
307.955,306.675,108
307.995,306.715,108
308.035,306.755,109
308.075,306.795,110
308.117,306.837,110
308.157,306.877,110
308.195,306.915,110
308.235,306.955,110
308.273,306.993,111
308.314,307.034,111
308.355,307.075,111
308.395,307.115,111
308.435,307.155,111
308.478,307.198,111
308.515,307.235,112
308.554,307.274,112
308.595,307.315,112
308.635,307.355,112
308.675,307.395,113
308.724,307.444,114
308.762,307.482,114
308.798,307.518,115
308.838,307.558,115
308.879,307.599,112
308.918,307.638,112
308.961,307.681,113
308.994,307.714,113
309.040,307.760,114
309.075,307.795,114
309.115,307.835,114
309.153,307.873,114
309.195,307.915,114
309.236,307.956,114
309.276,307.996,116
309.314,308.034,116
309.357,308.077,116
309.395,308.115,116
309.435,308.155,116
309.474,308.194,118
309.514,308.234,119
309.554,308.274,120
309.595,308.315,120
309.638,308.358,120
309.675,308.395,122
309.715,308.435,122
309.755,308.475,123
309.797,308.517,123
309.835,308.555,123
309.875,308.595,126
309.915,308.635,127
309.963,308.683,127
309.996,308.716,127
310.035,308.755,127
310.074,308.794,128
310.115,308.835,130
310.156,308.876,131
310.195,308.915,131
310.237,308.957,131
310.273,308.993,132
310.314,309.034,132
310.354,309.074,133
310.394,309.114,133
310.435,309.155,134
310.477,309.197,136
310.515,309.235,137
310.557,309.277,137
310.596,309.316,137
310.633,309.353,137
310.675,309.395,140
310.714,309.434,141
310.755,309.475,142
310.800,309.520,142
310.841,309.561,143
310.883,309.603,144
310.919,309.639,146
310.957,309.677,147
310.995,309.715,148
311.035,309.755,148
311.075,309.795,150
311.115,309.835,151
311.154,309.874,151
311.195,309.915,151
311.235,309.955,152
311.275,309.995,154
311.315,310.035,155
311.355,310.075,156
311.395,310.115,156
311.434,310.154,157
311.477,310.197,159
311.515,310.235,160
311.555,310.275,161
311.595,310.315,162
311.637,310.357,162
311.675,310.395,163
311.716,310.436,164
311.763,310.483,165
311.802,310.522,165
311.835,310.555,166
311.875,310.595,168
311.915,310.635,169
311.955,310.675,170
311.995,310.715,170
312.036,310.756,170
312.075,310.795,172
312.115,310.835,173
312.155,310.875,174
312.197,310.917,175
312.234,310.954,175
312.276,310.996,177
312.317,311.037,177
312.354,311.074,178
312.395,311.115,178
312.435,311.155,177
312.475,311.195,174
312.515,311.235,173
312.555,311.275,172
312.596,311.316,172
312.637,311.357,170
312.674,311.394,166
312.735,311.455,165
312.763,311.483,164
312.795,311.515,164
312.841,311.561,162
312.880,311.600,158
312.918,311.638,156
312.958,311.678,154
313.005,311.725,154
313.042,311.762,152
313.076,311.796,149
313.115,311.835,146
313.155,311.875,144
313.197,311.917,142
313.238,311.958,142
313.276,311.996,139
313.319,312.039,138
313.356,312.076,136
313.396,312.116,136
313.435,312.155,135
313.476,312.196,131
313.515,312.235,130
313.557,312.277,129
313.595,312.315,129
313.643,312.363,128
313.683,312.403,127
313.715,312.435,126
313.755,312.475,124
313.795,312.515,122
313.836,312.556,122
313.879,312.599,121
313.915,312.635,120
313.966,312.686,119
313.998,312.718,119
314.035,312.755,119
314.076,312.796,116
314.116,312.836,115
314.157,312.877,114
314.196,312.916,114
314.241,312.961,114
314.282,313.002,112
314.316,313.036,112
314.355,313.075,111
314.395,313.115,111
314.435,313.155,111
314.477,313.197,110
314.535,313.255,109
314.563,313.283,109
314.595,313.315,109
314.636,313.356,109
314.675,313.395,109
314.718,313.438,109
314.756,313.476,109
314.797,313.517,109
314.893,313.613,109
314.921,313.641,109
314.949,313.669,110
314.986,313.706,110
315.025,313.745,110
315.066,313.786,109
315.106,313.826,109
315.147,313.867,108
315.190,313.910,108
315.228,313.948,108
315.269,313.989,106
315.312,314.032,106
315.351,314.071,105
315.394,314.114,105
315.435,314.155,105
315.473,314.193,105
315.515,314.235,104
315.555,314.275,104
315.594,314.314,104
315.638,314.358,104
315.674,314.394,103
315.720,314.440,103
315.757,314.477,103
315.795,314.515,103
315.836,314.556,103
315.875,314.595,103
315.915,314.635,103
315.958,314.678,104
315.993,314.713,104
316.040,314.760,104
316.075,314.795,105
316.117,314.837,106
316.157,314.877,106
316.195,314.915,106
316.237,314.957,107
316.278,314.998,107
316.316,315.036,107
316.362,315.082,108
316.399,315.119,108
316.434,315.154,108
316.475,315.195,110
316.516,315.236,110
316.556,315.276,110
316.625,315.345,110
316.656,315.376,110
316.680,315.400,112
316.716,315.436,113
316.756,315.476,114
316.796,315.516,115
316.841,315.561,115
316.880,315.600,117
316.919,315.639,117
316.965,315.685,118
317.001,315.721,119
317.036,315.756,119
317.077,315.797,121
317.116,315.836,122
317.157,315.877,124
317.197,315.917,124
317.240,315.960,125
317.278,315.998,128
317.316,316.036,129
317.356,316.076,130
317.397,316.117,130
317.437,316.157,130
317.477,316.197,133
317.523,316.243,134
317.558,316.278,135
317.597,316.317,135
317.636,316.356,137
317.675,316.395,138
317.719,316.439,139
317.756,316.476,140
317.800,316.520,141
317.842,316.562,141
317.876,316.596,142
317.917,316.637,143
317.955,316.675,144
317.996,316.716,144
318.037,316.757,144
318.078,316.798,145
318.116,316.836,146
318.156,316.876,147
318.198,316.918,147
318.235,316.955,148
318.276,316.996,150
318.316,317.036,150
318.357,317.077,151
318.396,317.116,152
318.453,317.173,152
318.477,317.197,154
318.518,317.238,154
318.556,317.276,155
318.597,317.317,155
318.637,317.357,155
318.675,317.395,157
318.715,317.435,157
318.756,317.476,158
318.797,317.517,159
318.837,317.557,159
318.881,317.601,160
318.919,317.639,161
318.960,317.680,163
319.002,317.722,164
319.038,317.758,164
319.080,317.800,165
319.116,317.836,165
319.157,317.877,165
319.196,317.916,166
319.234,317.954,166
319.277,317.997,168
319.317,318.037,170
319.367,318.087,170
319.396,318.116,170
319.438,318.158,170
319.476,318.196,171
319.516,318.236,172
319.557,318.277,173
319.595,318.315,173
319.635,318.355,173
319.678,318.398,174
319.718,318.438,175
319.756,318.476,175
319.795,318.515,176
319.837,318.557,176
319.877,318.597,177
319.915,318.635,178
319.956,318.676,178
319.997,318.717,178
320.035,318.755,178
320.077,318.797,178
320.116,318.836,179
320.157,318.877,179
320.197,318.917,178
320.236,318.956,178
320.276,318.996,180
320.326,319.046,180
320.359,319.079,181
320.397,319.117,181
320.437,319.157,181
320.477,319.197,181
320.517,319.237,181
320.557,319.277,181
320.609,319.329,181
320.643,319.363,181
320.674,319.394,182
320.715,319.435,182
320.758,319.478,183
320.800,319.520,183
320.835,319.555,183
320.880,319.600,183
320.921,319.641,183
320.961,319.681,184
321.000,319.720,184
321.038,319.758,185
321.077,319.797,185
321.117,319.837,185
321.154,319.874,184
321.195,319.915,184
321.258,319.978,184
321.279,319.999,184
321.317,320.037,184
321.354,320.074,184
321.394,320.114,184
321.436,320.156,184
321.477,320.197,184
321.540,320.260,184
321.566,320.286,184
321.595,320.315,184
321.634,320.354,184
321.676,320.396,186
321.717,320.437,186
321.757,320.477,186
321.795,320.515,186
321.835,320.555,186
321.884,320.604,187
321.917,320.637,187
321.957,320.677,188
321.997,320.717,189
322.035,320.755,189
322.078,320.798,189
322.117,320.837,189
322.157,320.877,189
322.197,320.917,190
322.234,320.954,190
322.274,320.994,191
322.316,321.036,192
322.355,321.075,191
322.397,321.117,191
322.440,321.160,192
322.477,321.197,192
322.517,321.237,192
322.555,321.275,193
322.597,321.317,193
322.638,321.358,193
322.674,321.394,194
322.717,321.437,195
322.764,321.484,195
322.798,321.518,195
322.837,321.557,196
322.878,321.598,197
322.919,321.639,197
322.962,321.682,197
323.001,321.721,198
323.043,321.763,198
323.077,321.797,199
323.117,321.837,200
323.153,321.873,
323.194,321.914,201
323.235,321.955,201
323.275,321.995,202
323.315,322.035,204
323.357,322.077,204
323.395,322.115,204
323.434,322.154,205
323.473,322.193,206
323.516,322.236,207
323.556,322.276,207
323.595,322.315,207
323.634,322.354,209
323.679,322.399,209
323.717,322.437,210
323.754,322.474,210
323.795,322.515,210
323.835,322.555,211
323.876,322.596,212
323.913,322.633,213
323.955,322.675,214
323.993,322.713,214
324.035,322.755,215
324.074,322.794,216
324.115,322.835,217
324.154,322.874,218
324.195,322.915,218
324.235,322.955,219
324.275,322.995,221
324.317,323.037,222
324.355,323.075,222
324.394,323.114,222
324.674,323.394,222
324.703,323.423,221
324.723,323.443,221
324.742,323.462,214
324.786,323.506,214
324.830,323.550,213
324.867,323.587,210
324.911,323.631,208
324.954,323.674,206
324.996,323.716,206
325.033,323.753,205
325.072,323.792,204
325.110,323.830,203
325.151,323.871,202
325.193,323.913,202
325.233,323.953,200
325.273,323.993,199
325.313,324.033,198
325.353,324.073,198
325.393,324.113,196
325.433,324.153,196
325.472,324.192,193
325.513,324.233,192
325.557,324.277,190
325.595,324.315,190
325.634,324.354,188
325.675,324.395,184
325.714,324.434,183
325.754,324.474,181
325.792,324.512,181
325.834,324.554,180
325.873,324.593,178
325.916,324.636,178
325.954,324.674,178
325.994,324.714,178
326.034,324.754,178
326.075,324.795,178
326.114,324.834,178
326.154,324.874,176
326.193,324.913,176
326.235,324.955,175
326.275,324.995,175
326.314,325.034,173
326.355,325.075,172
326.396,325.116,170
326.434,325.154,170
326.478,325.198,168
326.515,325.235,166
326.554,325.274,164
326.592,325.312,163
326.634,325.354,163
326.674,325.394,160
326.715,325.435,158
326.755,325.475,156
326.806,325.526,156
326.840,325.560,155
326.874,325.594,152
326.919,325.639,152
326.961,325.681,151
326.997,325.717,151
327.039,325.759,151
327.076,325.796,150
327.115,325.835,149
327.155,325.875,148
327.194,325.914,148
327.235,325.955,148
327.275,325.995,148
327.315,326.035,146
327.371,326.091,146
327.397,326.117,146
327.434,326.154,145
327.473,326.193,145
327.515,326.235,145
327.556,326.276,145
327.594,326.314,145
327.635,326.355,145
327.678,326.398,146
327.717,326.437,147
327.755,326.475,147
327.795,326.515,147
327.834,326.554,147
327.875,326.595,147
327.914,326.634,148
327.955,326.675,148
327.997,326.717,148
328.035,326.755,148
328.075,326.795,148
328.114,326.834,149
328.154,326.874,149
328.194,326.914,149
328.234,326.954,149
328.275,326.995,148
328.318,327.038,149
328.356,327.076,150
328.394,327.114,150
328.435,327.155,150
328.475,327.195,150
328.515,327.235,149
328.554,327.274,149
328.595,327.315,149
328.638,327.358,149
328.675,327.395,150
328.715,327.435,149
328.755,327.475,149
328.794,327.514,149
328.834,327.554,149
328.875,327.595,149
328.917,327.637,150
328.957,327.677,150
328.999,327.719,150
329.037,327.757,150
329.076,327.796,150
329.116,327.836,150
329.155,327.875,150
329.194,327.914,150
329.239,327.959,151
329.276,327.996,152
329.314,328.034,151
329.355,328.075,151
329.394,328.114,151
329.435,328.155,151
329.474,328.194,152
329.517,328.237,153
329.562,328.282,153
329.597,328.317,153
329.635,328.355,152
329.675,328.395,152
329.715,328.435,153
329.755,328.475,153
329.795,328.515,153
329.835,328.555,153
329.879,328.599,153
329.919,328.639,152
329.955,328.675,152
329.994,328.714,152
330.035,328.755,152
330.074,328.794,152
330.115,328.835,152
330.154,328.874,152
330.200,328.920,152
330.237,328.957,153
330.274,328.994,152
330.315,329.035,152
330.354,329.074,152
330.394,329.114,152
330.435,329.155,152
330.479,329.199,152
330.519,329.239,152
330.555,329.275,152
330.595,329.315,152
330.633,329.353,152
330.674,329.394,153
330.715,329.435,153
330.757,329.477,153
330.795,329.515,152
330.839,329.559,152
330.875,329.595,154
330.915,329.635,154
330.957,329.677,154
330.997,329.717,154
331.037,329.757,154
331.077,329.797,155
331.119,329.839,155
331.155,329.875,156
331.195,329.915,156
331.235,329.955,156
331.274,329.994,156
331.314,330.034,156
331.354,330.074,157
331.395,330.115,157
331.441,330.161,157
331.474,330.194,158
331.515,330.235,158
331.553,330.273,158
331.595,330.315,159
331.636,330.356,159
331.674,330.394,159
331.717,330.437,159
331.756,330.476,159
331.795,330.515,159
331.834,330.554,159
331.875,330.595,159
331.915,330.635,159
331.955,330.675,159
332.011,330.731,159
332.043,330.763,159
332.075,330.795,159
332.115,330.835,159
332.156,330.876,159
332.194,330.914,159
332.234,330.954,159
332.275,330.995,160
332.317,331.037,160
332.355,331.075,160
332.395,331.115,160
332.434,331.154,160
332.475,331.195,161
332.514,331.234,161
332.554,331.274,162
332.599,331.319,162
332.638,331.358,162
332.674,331.394,163
332.714,331.434,163
332.755,331.475,163
332.795,331.515,163
332.835,331.555,163
332.874,331.594,163
332.919,331.639,163
332.956,331.676,164
332.997,331.717,164
333.037,331.757,164
333.077,331.797,164
333.117,331.837,164
333.154,331.874,164
333.194,331.914,164
333.234,331.954,164
333.274,331.994,165
333.314,332.034,165
333.354,332.074,166
333.395,332.115,166
333.434,332.154,166
333.478,332.198,167
333.514,332.234,168
333.555,332.275,168
333.595,332.315,168
333.634,332.354,168
333.675,332.395,170
333.714,332.434,171
333.758,332.478,171
333.795,332.515,171
333.835,332.555,172
333.874,332.594,174
333.915,332.635,175
333.954,332.674,176
334.273,332.993,176
334.297,333.017,176
334.316,333.036,179
334.349,333.069,183
334.389,333.109,183
334.431,333.151,184
334.470,333.190,186
334.512,333.232,187
334.552,333.272,188
334.591,333.311,188
334.634,333.354,188
334.672,333.392,189
334.712,333.432,190
334.754,333.474,191
334.792,333.512,191
334.834,333.554,192
334.874,333.594,194
334.913,333.633,194
334.961,333.681,195
334.995,333.715,195
335.036,333.756,196
335.078,333.798,198
335.117,333.837,198
335.154,333.874,198
335.193,333.913,198
335.242,333.962,198
335.274,333.994,198
335.313,334.033,198
335.355,334.075,198
335.394,334.114,198
335.435,334.155,197
335.473,334.193,198
335.514,334.234,198
335.554,334.274,198
335.594,334.314,198
335.634,334.354,198
335.675,334.395,198
335.714,334.434,198
335.755,334.475,198
335.794,334.514,198
335.842,334.562,198
335.878,334.598,198
335.915,334.635,197
335.954,334.674,198
335.995,334.715,198
336.037,334.757,197
336.074,334.794,198
336.114,334.834,198
336.153,334.873,198
336.195,334.915,198
336.235,334.955,199
336.274,334.994,199
336.314,335.034,199
336.355,335.075,199
336.394,335.114,199
336.435,335.155,199
336.477,335.197,199
336.517,335.237,199
336.555,335.275,200
336.595,335.315,200
336.634,335.354,200
336.675,335.395,200
336.715,335.435,200
336.755,335.475,200
336.809,335.529,200
336.834,335.554,200
336.876,335.596,
336.915,335.635,201
336.956,335.676,202
336.998,335.718,202
337.038,335.758,202
337.078,335.798,203
337.121,335.841,203
337.158,335.878,204
337.195,335.915,204
337.235,335.955,204
337.275,335.995,202
337.315,336.035,
337.354,336.074,202
337.396,336.116,202
337.435,336.155,203
337.475,336.195,203
337.514,336.234,203
337.554,336.274,202
337.596,336.316,202
337.634,336.354,200
337.690,336.410,199
337.717,336.437,199
337.755,336.475,199
337.795,336.515,199
337.835,336.555,199
337.876,336.596,198
337.915,336.635,198
337.963,336.683,198
337.998,336.718,198
338.035,336.755,198
338.075,336.795,198
338.113,336.833,197
338.155,336.875,196
338.194,336.914,196
338.235,336.955,196
338.279,336.999,196
338.316,337.036,195
338.353,337.073,195
338.395,337.115,195
338.434,337.154,194
338.475,337.195,193
338.515,337.235,192
338.559,337.279,191
338.603,337.323,191
338.635,337.355,191
338.674,337.394,190
338.716,337.436,189
338.755,337.475,189
338.795,337.515,189
338.835,337.555,188
338.882,337.602,188
338.915,337.635,187
338.955,337.675,187
338.997,337.717,187
339.039,337.759,187
339.077,337.797,187
339.118,337.838,187
339.160,337.880,187
339.196,337.916,187
339.236,337.956,188
339.275,337.995,189
339.314,338.034,188
339.355,338.075,188
339.395,338.115,188
339.435,338.155,188
339.486,338.206,190
339.515,338.235,190
339.554,338.274,190
339.596,338.316,190
339.634,338.354,190
339.675,338.395,190
339.716,338.436,190
339.755,338.475,190
339.799,338.519,190
339.839,338.559,191
339.875,338.595,191
339.915,338.635,191
339.954,338.674,192
339.994,338.714,192
340.035,338.755,192
340.073,338.793,193
340.125,338.845,193
340.155,338.875,194
340.195,338.915,194
340.234,338.954,194
340.275,338.995,194
340.315,339.035,194
340.355,339.075,194
340.395,339.115,194
340.435,339.155,195
340.475,339.195,195
340.515,339.235,195
340.554,339.274,195
340.595,339.315,196
340.637,339.357,196
340.675,339.395,197
340.721,339.441,197
340.757,339.477,198
340.795,339.515,198
340.834,339.554,198
340.875,339.595,199
340.915,339.635,200
340.955,339.675,200
340.998,339.718,200
341.043,339.763,
341.078,339.798,202
341.117,339.837,202
341.158,339.878,203
341.193,339.913,203
341.235,339.955,203
341.275,339.995,204
341.319,340.039,205
341.356,340.076,205
341.394,340.114,205
341.434,340.154,206
341.475,340.195,207
341.515,340.235,207
341.555,340.275,208
341.598,340.318,208
341.637,340.357,208
341.675,340.395,210
341.714,340.434,210
341.755,340.475,210
341.794,340.514,210
341.835,340.555,210
341.878,340.598,210
341.922,340.642,210
341.955,340.675,211
341.995,340.715,211
342.034,340.754,212
342.074,340.794,213
342.115,340.835,213
342.165,340.885,213
342.195,340.915,213
342.235,340.955,213
342.273,340.993,214
342.315,341.035,215
342.355,341.075,215
342.395,341.115,215
342.434,341.154,215
342.482,341.202,216
342.517,341.237,217
342.554,341.274,218
342.594,341.314,218
342.634,341.354,218
342.675,341.395,217
342.715,341.435,217
342.757,341.477,218
342.794,341.514,218
342.837,341.557,218
342.875,341.595,218
342.913,341.633,219
342.955,341.675,218
342.996,341.716,218
343.039,341.759,218
343.078,341.798,218
343.125,341.845,218
343.158,341.878,218
343.198,341.918,218
343.234,341.954,218
343.275,341.995,219
343.319,342.039,220
343.354,342.074,220
343.401,342.121,219
343.435,342.155,219
343.475,342.195,219
343.515,342.235,220
343.811,342.531,220
343.838,342.558,220
343.863,342.583,220
343.884,342.604,
343.915,342.635,222
343.957,342.677,222
343.997,342.717,222
344.034,342.754,222
344.074,342.794,224
344.114,342.834,224
344.154,342.874,224
344.196,342.916,224
344.234,342.954,
344.282,343.002,225
344.314,343.034,227
344.354,343.074,227
344.394,343.114,227
344.435,343.155,227
344.476,343.196,227
344.514,343.234,228
344.561,343.281,229
344.595,343.315,229
344.635,343.355,230
344.674,343.394,231
344.717,343.437,231
344.758,343.478,231
344.796,343.516,231
344.835,343.555,231
344.876,343.596,233
344.916,343.636,234
344.955,343.675,234
344.996,343.716,235
345.036,343.756,235
345.080,343.800,235
345.118,343.838,236
345.160,343.880,237
345.201,343.921,237
345.239,343.959,238
345.279,343.999,239
345.316,344.036,239
345.356,344.076,239
345.395,344.115,239
345.434,344.154,240
345.477,344.197,241
345.517,344.237,242
345.558,344.278,243
345.597,344.317,243
345.636,344.356,243
345.675,344.395,244
345.716,344.436,245
345.755,344.475,245
345.797,344.517,246
345.835,344.555,246
345.883,344.603,247
345.920,344.640,247
345.956,344.676,248
345.995,344.715,248
346.037,344.757,248
346.075,344.795,249
346.116,344.836,249
346.154,344.874,249
346.194,344.914,249
346.236,344.956,250
346.275,344.995,251
346.315,345.035,251
346.355,345.075,252
346.397,345.117,252
346.435,345.155,252
346.475,345.195,253
346.515,345.235,254
346.554,345.274,255
346.594,345.314,255
346.636,345.356,255
346.676,345.396,256
346.714,345.434,256
346.756,345.476,256
346.795,345.515,256
346.837,345.557,256
346.875,345.595,254
346.915,345.635,253
346.957,345.677,251
346.996,345.716,250
347.039,345.759,250
347.078,345.798,248
347.118,345.838,246
347.159,345.879,245
347.201,345.921,245
347.235,345.955,244
347.277,345.997,240
347.317,346.037,238
347.356,346.076,237
347.400,346.120,237
347.438,346.158,235
347.475,346.195,231
347.517,346.237,229
347.557,346.277,228
347.597,346.317,228
347.635,346.355,226
347.682,346.402,223
347.723,346.443,222
347.755,346.475,
347.794,346.514,221
347.836,346.556,219
347.876,346.596,215
347.917,346.637,213
347.956,346.676,212
348.004,346.724,212
348.038,346.758,211
348.077,346.797,209
348.115,346.835,208
348.159,346.879,207
348.196,346.916,207
348.236,346.956,205
348.279,346.999,
348.324,347.044,200
348.356,347.076,199
348.395,347.115,198
348.435,347.155,198
348.476,347.196,196
348.516,347.236,195
348.555,347.275,193
348.605,347.325,193
348.638,347.358,192
348.676,347.396,189
348.717,347.437,189
348.757,347.477,188
348.798,347.518,187
348.837,347.557,187
348.877,347.597,184
348.916,347.636,183
348.968,347.688,182
348.998,347.718,180
349.036,347.756,180
349.084,347.804,178
349.119,347.839,177
349.159,347.879,176
349.201,347.921,176
349.240,347.960,175
349.284,348.004,172
349.318,348.038,170
349.356,348.076,169
349.396,348.116,169
349.436,348.156,169
349.477,348.197,168
349.517,348.237,167
349.565,348.285,166
349.595,348.315,166
349.637,348.357,165
349.676,348.396,164
349.715,348.435,164
349.757,348.477,164
349.797,348.517,163
349.836,348.556,163
349.876,348.596,162
349.916,348.636,161
349.956,348.676,160
349.996,348.716,159
350.036,348.756,159
350.076,348.796,157
350.117,348.837,157
350.162,348.882,157
350.199,348.919,157
350.236,348.956,155
350.275,348.995,155
350.317,349.037,154
350.357,349.077,154
350.396,349.116,154
350.447,349.167,154
350.476,349.196,155
350.517,349.237,155
350.556,349.276,156
350.596,349.316,157
350.637,349.357,157
350.676,349.396,158
350.717,349.437,158
350.756,349.476,159
350.798,349.518,159
350.837,349.557,159
350.876,349.596,159
350.917,349.637,159
350.959,349.679,160
350.995,349.715,160
351.041,349.761,160
351.082,349.802,160
351.120,349.840,159
351.159,349.879,160
351.201,349.921,160
351.241,349.961,160
351.277,349.997,161
351.317,350.037,161
351.358,350.078,160
351.395,350.115,161
351.439,350.159,161
351.476,350.196,162
351.517,350.237,162
351.555,350.275,162
351.598,350.318,162
351.636,350.356,162
351.674,350.394,162
351.723,350.443,163
351.777,350.497,163
351.799,350.519,163
351.836,350.556,163
351.876,350.596,163
351.916,350.636,164
351.954,350.674,164
351.997,350.717,164
352.041,350.761,165
352.083,350.803,165
352.116,350.836,166
352.157,350.877,166
352.197,350.917,166
352.237,350.957,167
352.276,350.996,168
352.318,351.038,168
352.363,351.083,169
352.397,351.117,169
352.436,351.156,170
352.473,351.193,171
352.516,351.236,171
352.557,351.277,170
352.598,351.318,170
352.635,351.355,169
352.675,351.395,167
352.717,351.437,166
352.757,351.477,164
352.796,351.516,164
352.836,351.556,162
352.874,351.594,159
352.918,351.638,157
352.957,351.677,155
353.002,351.722,155
353.041,351.761,153
353.082,351.802,150
353.120,351.840,149
353.386,352.106,147
353.406,352.126,141
353.433,352.153,140
353.478,352.198,138
353.514,352.234,137
353.554,352.274,136
353.603,352.323,136
353.638,352.358,135
353.680,352.400,132
353.715,352.435,131
353.757,352.477,130
353.797,352.517,130
353.835,352.555,129
353.878,352.598,127
353.915,352.635,126
353.954,352.674,125
354.003,352.723,125
354.037,352.757,125
354.078,352.798,124
354.115,352.835,123
354.155,352.875,123
354.195,352.915,123
354.234,352.954,123
354.278,352.998,122
354.330,353.050,121
354.354,353.074,121
354.392,353.112,121
354.435,353.155,121
354.476,353.196,121
354.515,353.235,121
354.553,353.273,121
354.603,353.323,121
354.635,353.355,121
354.674,353.394,121
354.715,353.435,120
354.754,353.474,120
354.797,353.517,120
354.836,353.556,119
354.877,353.597,119
354.918,353.638,118
354.958,353.678,118
354.998,353.718,118
355.034,353.754,118
355.076,353.796,117
355.119,353.839,117
355.158,353.878,117
355.197,353.917,117
355.241,353.961,117
355.282,354.002,118
355.318,354.038,118
355.359,354.079,118
355.401,354.121,119
355.437,354.157,119
355.477,354.197,119
355.521,354.241,120
355.564,354.284,120
355.604,354.324,121
355.644,354.364,121
355.676,354.396,122
355.718,354.438,123
355.760,354.480,123
355.803,354.523,123
355.843,354.563,123
355.877,354.597,124
355.918,354.638,125
355.960,354.680,126
355.997,354.717,126
356.037,354.757,126
356.081,354.801,127
356.118,354.838,127
356.163,354.883,128
356.198,354.918,128
356.239,354.959,129
356.279,354.999,130
356.321,355.041,131
356.358,355.078,132
356.400,355.120,132
356.438,355.158,133
356.485,355.205,135
356.520,355.240,136
356.558,355.278,137
356.601,355.321,138
356.636,355.356,138
356.678,355.398,139
356.717,355.437,140
356.761,355.481,140
356.799,355.519,141
356.846,355.566,141
356.879,355.599,143
356.916,355.636,144
356.960,355.680,144
356.997,355.717,144
357.037,355.757,145
357.082,355.802,145
357.123,355.843,146
357.157,355.877,147
357.200,355.920,148
357.238,355.958,148
357.277,355.997,149
357.319,356.039,150
357.384,356.104,151
357.414,356.134,151
357.441,356.161,152
357.476,356.196,155
357.521,356.241,155
357.558,356.278,156
357.597,356.317,156
357.642,356.362,157
357.683,356.403,159
357.722,356.442,160
357.758,356.478,160
357.798,356.518,161
357.841,356.561,161
357.880,356.600,162
357.923,356.643,163
357.964,356.684,164
358.004,356.724,164
358.042,356.762,165
358.082,356.802,167
358.120,356.840,169
358.158,356.878,170
358.202,356.922,170
358.236,356.956,171
358.283,357.003,173
358.318,357.038,174
358.360,357.080,175
358.401,357.121,175
358.444,357.164,175
358.483,357.203,177
358.516,357.236,178
358.556,357.276,178
358.595,357.315,178
358.635,357.355,178
358.678,357.398,176
358.715,357.435,174
358.755,357.475,172
358.795,357.515,171
358.835,357.555,171
358.877,357.597,167
358.917,357.637,165
358.955,357.675,163
358.995,357.715,163
359.035,357.755,162
359.074,357.794,159
359.114,357.834,157
359.155,357.875,155
359.198,357.918,154
359.238,357.958,154
359.274,357.994,151
359.314,358.034,149
359.354,358.074,147
359.394,358.114,147
359.436,358.156,145
359.474,358.194,142
359.517,358.237,141
359.561,358.281,139
359.594,358.314,139
359.635,358.355,137
359.675,358.395,136
359.716,358.436,134
359.755,358.475,133
359.798,358.518,131
359.837,358.557,131
359.875,358.595,129
359.915,358.635,127
359.953,358.673,126
359.995,358.715,125
360.035,358.755,125
360.075,358.795,122
360.119,358.839,122
360.155,358.875,120
360.197,358.917,120
360.234,358.954,118
360.275,358.995,116
360.314,359.034,116
360.362,359.082,115
360.404,359.124,114
360.444,359.164,114
360.486,359.206,111
360.518,359.238,110
360.552,359.272,109
360.593,359.313,109
360.633,359.353,108
360.675,359.395,106
360.714,359.434,105
360.758,359.478,104
360.794,359.514,104
360.833,359.553,103
360.874,359.594,101
360.914,359.634,101
360.963,359.683,100
360.994,359.714,100
361.034,359.754,99
361.075,359.795,97
361.113,359.833,97
361.167,359.887,96
361.193,359.913,96
361.234,359.954,97
361.275,359.995,97
361.314,360.034,97
361.352,360.072,97
361.393,360.113,97
361.433,360.153,97
361.474,360.194,97
361.513,360.233,97
361.557,360.277,97
361.596,360.316,97
361.634,360.354,97
361.673,360.393,96
361.713,360.433,96
361.753,360.473,96
361.793,360.513,96
361.834,360.554,96
361.876,360.596,96
361.916,360.636,96
361.954,360.674,97
361.993,360.713,96
362.033,360.753,96
362.074,360.794,96
362.113,360.833,96
362.157,360.877,97
362.194,360.914,97
362.233,360.953,97
362.275,360.995,98
362.313,361.033,98
362.355,361.075,98
362.395,361.115,98
362.435,361.155,98
362.479,361.199,100
362.516,361.236,101
362.554,361.274,101
362.594,361.314,101
362.634,361.354,101
362.703,361.423,103
362.738,361.458,104
362.764,361.484,105
362.796,361.516,105
362.844,361.564,105
362.879,361.599,105
362.915,361.635,105
362.955,361.675,106
362.994,361.714,107
363.037,361.757,107
363.076,361.796,109
363.115,361.835,110
363.158,361.878,111
363.197,361.917,111
363.237,361.957,111
363.276,361.996,111
363.317,362.037,112
363.358,362.078,113
363.397,362.117,113
363.437,362.157,114
363.477,362.197,117
363.517,362.237,118
363.557,362.277,119
363.597,362.317,120
363.637,362.357,120
363.679,362.399,122
363.721,362.441,123
363.763,362.483,124
363.797,362.517,124
363.841,362.561,126
363.880,362.600,128
363.918,362.638,130
363.959,362.679,131
364.007,362.727,132
364.053,362.773,132
364.091,362.811,134
364.136,362.856,134
364.160,362.880,135
364.196,362.916,135
364.233,362.953,137
364.275,362.995,140
364.313,363.033,140
364.354,363.074,140
364.394,363.114,140
364.435,363.155,140
364.474,363.194,142
364.518,363.238,143
364.554,363.274,144
364.593,363.313,145
364.633,363.353,145
364.683,363.403,146
364.720,363.440,146
364.754,363.474,147
364.793,363.513,148
364.835,363.555,148
364.874,363.594,150
364.922,363.642,151
364.954,363.674,152
364.994,363.714,153
365.033,363.753,153
365.074,363.794,155
365.113,363.833,156
365.154,363.874,156
365.193,363.913,156
365.235,363.955,157
365.274,363.994,159
365.316,364.036,160
365.353,364.073,162
365.392,364.112,162
365.432,364.152,162
365.474,364.194,163
365.512,364.232,163
365.556,364.276,164
365.594,364.314,164
365.633,364.353,165
365.673,364.393,168
365.713,364.433,168
365.754,364.474,169
365.793,364.513,169
365.834,364.554,170
365.873,364.593,173
365.913,364.633,173
365.956,364.676,174
365.994,364.714,175
366.035,364.755,175
366.076,364.796,177
366.115,364.835,177
366.158,364.878,178
366.199,364.919,180
366.235,364.955,180
366.275,364.995,181
366.314,365.034,182
366.356,365.076,183
366.396,365.116,183
366.435,365.155,183
366.478,365.198,185
366.519,365.239,186
366.555,365.275,187
366.595,365.315,187
366.635,365.355,188
366.676,365.396,189
366.715,365.435,189
366.758,365.478,190
366.800,365.520,192
366.840,365.560,192
366.878,365.598,194
366.917,365.637,194
366.958,365.678,194
366.997,365.717,195
367.037,365.757,195
367.078,365.798,197
367.116,365.836,198
367.164,365.884,198
367.200,365.920,199
367.237,365.957,199
367.277,365.997,201
367.317,366.037,201
367.358,366.078,202
367.399,366.119,202
367.441,366.161,202
367.480,366.200,204
367.517,366.237,204
367.557,366.277,203
367.597,366.317,203
367.638,366.358,201
367.677,366.397,198
367.717,366.437,197
367.758,366.478,195
367.797,366.517,195
367.838,366.558,193
367.877,366.597,190
367.917,366.637,188
367.957,366.677,186
367.998,366.718,186
368.037,366.757,184
368.078,366.798,180
368.119,366.839,178
368.157,366.877,176
368.197,366.917,176
368.238,366.958,174
368.277,366.997,170
368.318,367.038,168
368.361,367.081,166
368.399,367.119,164
368.437,367.157,164
368.477,367.197,160
368.518,367.238,159
368.558,367.278,158
368.595,367.315,158
368.639,367.359,156
368.680,367.400,153
368.717,367.437,152
368.758,367.478,152
368.798,367.518,151
368.838,367.558,151
368.877,367.597,148
368.918,367.638,146
368.957,367.677,145
368.999,367.719,144
369.039,367.759,144
369.077,367.797,143
369.117,367.837,142
369.157,367.877,141
369.196,367.916,141
369.237,367.957,140
369.276,367.996,139
369.332,368.052,140
369.359,368.079,139
369.397,368.117,138
369.437,368.157,138
369.478,368.198,137
369.518,368.238,137
369.570,368.290,138
369.595,368.315,138
369.642,368.362,138
369.676,368.396,138
369.715,368.435,138
369.755,368.475,138
369.794,368.514,138
369.834,368.554,137
369.875,368.595,137
369.915,368.635,137
369.955,368.675,137
369.998,368.718,137
370.037,368.757,136
370.075,368.795,137
370.115,368.835,137
370.154,368.874,137
370.196,368.916,137
370.236,368.956,137
370.275,368.995,136
370.319,369.039,137
370.356,369.076,137
370.395,369.115,137
370.435,369.155,138
370.475,369.195,138
370.514,369.234,138
370.555,369.275,139
370.595,369.315,139
370.635,369.355,139
370.676,369.396,140
370.714,369.434,141
370.755,369.475,141
370.795,369.515,141
370.834,369.554,142
370.874,369.594,144
370.915,369.635,145
370.955,369.675,145
371.002,369.722,145
371.038,369.758,146
371.075,369.795,147
371.123,369.843,149
371.160,369.880,149
371.195,369.915,149
371.236,369.956,149
371.275,369.995,150
371.315,370.035,151
371.355,370.075,152
371.400,370.120,152
371.442,370.162,152
371.479,370.199,152
371.519,370.239,152
371.559,370.279,153
371.594,370.314,153
371.633,370.353,154
371.674,370.394,155
371.714,370.434,154
371.753,370.473,155
371.801,370.521,155
371.833,370.553,155
371.873,370.593,156
371.912,370.632,157
371.953,370.673,158
371.994,370.714,158
372.033,370.753,158
372.082,370.802,159
372.117,370.837,160
372.152,370.872,161
372.283,371.003,161
372.300,371.020,162
372.318,371.038,164
372.354,371.074,164
372.404,371.124,165
372.440,371.160,165
372.473,371.193,166
372.512,371.232,167
372.553,371.273,167
372.593,371.313,168
372.633,371.353,168
372.680,371.400,168
372.718,371.438,168
372.753,371.473,168
372.792,371.512,167
372.833,371.553,167
372.875,371.595,166
372.914,371.634,165
372.953,371.673,165
372.998,371.718,165
373.037,371.757,165
373.073,371.793,164
373.112,371.832,164
373.154,371.874,163
373.194,371.914,163
373.233,371.953,162
373.274,371.994,160
373.322,372.042,159
373.353,372.073,158
373.395,372.115,158
373.434,372.154,157
373.475,372.195,156
373.515,372.235,155
373.555,372.275,155
373.596,372.316,154
373.642,372.362,154
373.678,372.398,154
373.715,372.435,153
373.755,372.475,153
373.795,372.515,153
373.835,372.555,152
373.875,372.595,152
373.916,372.636,151
373.954,372.674,151
374.002,372.722,151
374.037,372.757,151
374.075,372.795,152
374.114,372.834,152
374.154,372.874,152
374.195,372.915,152
374.234,372.954,152
374.276,372.996,152
374.320,373.040,152
374.360,373.080,152
374.397,373.117,152
374.435,373.155,152
374.474,373.194,152
374.515,373.235,151
374.556,373.276,152
374.598,373.318,152
374.644,373.364,153
374.681,373.401,153
374.718,373.438,153
374.758,373.478,153
374.797,373.517,153
374.838,373.558,152
374.879,373.599,151
374.919,373.639,151
374.960,373.680,152
374.998,373.718,152
375.041,373.761,152
375.080,373.800,153
375.120,373.840,153
375.163,373.883,154
375.200,373.920,154
375.239,373.959,155
375.275,373.995,156
375.313,374.033,157
375.351,374.071,158
375.393,374.113,158
375.434,374.154,158
375.472,374.192,156
375.517,374.237,156
375.553,374.273,157
375.593,374.313,157
375.633,374.353,156
375.672,374.392,156
375.713,374.433,157
375.754,374.474,157
375.795,374.515,157
375.835,374.555,157
375.874,374.594,157
375.914,374.634,157
375.952,374.672,157
375.993,374.713,158
376.034,374.754,158
376.072,374.792,158
376.119,374.839,158
376.165,374.885,159
376.193,374.913,159
376.233,374.953,160
376.272,374.992,160
376.315,375.035,160
376.355,375.075,161
376.394,375.114,161
376.436,375.156,162
376.475,375.195,163
376.514,375.234,163
376.553,375.273,163
376.593,375.313,163
376.633,375.353,164
376.675,375.395,165
376.713,375.433,166
376.761,375.481,166
376.797,375.517,166
376.833,375.553,167
376.873,375.593,168
376.913,375.633,169
376.953,375.673,170
376.995,375.715,170
377.055,375.775,170
377.092,375.812,171
377.116,375.836,173
377.157,375.877,174
377.196,375.916,174
377.235,375.955,174
377.275,375.995,175
377.319,376.039,176
377.359,376.079,176
377.396,376.116,177
377.435,376.155,177
377.475,376.195,179
377.517,376.237,180
377.555,376.275,181
377.595,376.315,181
377.637,376.357,182
377.676,376.396,182
377.714,376.434,183
377.755,376.475,184
377.799,376.519,184
377.837,376.557,185
377.879,376.599,186
377.917,376.637,186
377.957,376.677,187
377.995,376.715,187
378.037,376.757,187
378.078,376.798,189
378.116,376.836,190
378.158,376.878,191
378.196,376.916,191
378.243,376.963,192
378.279,376.999,194
378.319,377.039,195
378.358,377.078,196
378.399,377.119,196
378.438,377.158,196
378.484,377.204,197
378.524,377.244,198
378.565,377.285,199
378.601,377.321,199
378.638,377.358,200
378.681,377.401,200
378.724,377.444,200
378.761,377.481,
378.801,377.521,
378.836,377.556,202
378.877,377.597,204
378.922,377.642,204
378.953,377.673,205
378.994,377.714,205
379.035,377.755,205
379.074,377.794,208
379.114,377.834,208
379.155,377.875,208
379.195,377.915,210
379.237,377.957,210
379.273,377.993,213
379.313,378.033,214
379.352,378.072,215
379.392,378.112,215
379.434,378.154,216
379.475,378.195,217
379.514,378.234,218
379.557,378.277,220
379.598,378.318,220
379.633,378.353,
379.672,378.392,223
379.715,378.435,
379.755,378.475,225
379.795,378.515,225
379.834,378.554,227
379.881,378.601,
379.914,378.634,230
379.953,378.673,
379.992,378.712,231
380.033,378.753,232
380.072,378.792,234
380.114,378.834,234
380.153,378.873,236
380.196,378.916,237
380.236,378.956,237
380.273,378.993,240
380.315,379.035,240
380.355,379.075,240
380.395,379.115,241
380.435,379.155,241
380.485,379.205,245
380.516,379.236,246
380.553,379.273,247
380.594,379.314,247
380.637,379.357,247
380.676,379.396,248
380.717,379.437,250
380.757,379.477,251
380.808,379.528,251
380.837,379.557,252
380.876,379.596,253
380.915,379.635,253
380.957,379.677,254
380.998,379.718,254
381.039,379.759,256
381.076,379.796,258
381.120,379.840,258
381.157,379.877,259
381.196,379.916,260
381.237,379.957,260
381.278,379.998,262
381.321,380.041,263
381.362,380.082,264
381.414,380.134,264
381.444,380.164,264
381.479,380.199,267
381.520,380.240,267
381.562,380.282,268
381.599,380.319,268
381.634,380.354,269
381.679,380.399,269
381.722,380.442,270
381.826,380.546,272
381.842,380.562,273
381.863,380.583,275
381.905,380.625,275
381.945,380.665,276
381.986,380.706,277
382.033,380.753,277
382.069,380.789,278
382.109,380.829,278
382.149,380.869,280
382.190,380.910,280
382.231,380.951,281
382.272,380.992,282
382.314,381.034,282
382.354,381.074,284
382.394,381.114,284
382.432,381.152,285
382.475,381.195,287
382.517,381.237,288
382.556,381.276,288
382.597,381.317,288
382.635,381.355,288
382.676,381.396,291
382.714,381.434,291
382.756,381.476,292
382.794,381.514,293
382.836,381.556,293
382.876,381.596,294
382.922,381.642,295
382.955,381.675,296
382.996,381.716,296
383.036,381.756,297
383.076,381.796,298
383.118,381.838,299
383.156,381.876,300
383.198,381.918,301
383.245,381.965,301
383.276,381.996,302
383.318,382.038,303
383.357,382.077,303
383.397,382.117,303
383.438,382.158,304
383.481,382.201,305
383.520,382.240,306
383.558,382.278,307
383.598,382.318,307
383.636,382.356,308
383.679,382.399,309
383.724,382.444,310
383.761,382.481,310
383.802,382.522,311
383.840,382.560,311
383.877,382.597,313
383.917,382.637,313
383.962,382.682,314
383.998,382.718,315
384.040,382.760,315
384.080,382.800,316
384.119,382.839,317
384.161,382.881,318
384.199,382.919,318
384.238,382.958,318
384.284,383.004,319
384.320,383.040,320
384.359,383.079,321
384.405,383.125,321
384.438,383.158,322
384.483,383.203,323
384.523,383.243,324
384.563,383.283,324
384.603,383.323,324
384.636,383.356,325
384.676,383.396,326
384.716,383.436,327
384.757,383.477,327
384.803,383.523,328
384.839,383.559,328
384.878,383.598,330
384.916,383.636,330
384.957,383.677,330
384.997,383.717,331
385.036,383.756,331
385.077,383.797,333
385.114,383.834,333
385.156,383.876,334
385.199,383.919,334
385.235,383.955,334
385.275,383.995,336
385.319,384.039,336
385.355,384.075,337
385.397,384.117,337
385.443,384.163,337
385.476,384.196,339
385.516,384.236,339
385.556,384.276,340
385.595,384.315,340
385.638,384.358,340
385.677,384.397,341
385.716,384.436,342
385.761,384.481,342
385.803,384.523,342
385.836,384.556,343
385.875,384.595,344
385.914,384.634,345
385.957,384.677,345
385.994,384.714,346
386.036,384.756,346
386.076,384.796,346
386.115,384.835,346
386.157,384.877,346
386.196,384.916,346
386.234,384.954,347
386.278,384.998,347
386.315,385.035,347
386.357,385.077,346
386.410,385.130,345
386.441,385.161,345
386.477,385.197,345
386.522,385.242,345
386.559,385.279,345
386.596,385.316,345
386.661,385.381,345
386.693,385.413,345
386.723,385.443,344
386.760,385.480,344
386.798,385.518,344
386.839,385.559,344
386.878,385.598,345
386.917,385.637,345
386.957,385.677,345
387.004,385.724,345
387.042,385.762,345
387.081,385.801,344
387.120,385.840,344
387.160,385.880,345
387.199,385.919,345
387.239,385.959,345
387.280,386.000,345
387.324,386.044,345
387.360,386.080,345
387.401,386.121,345
387.439,386.159,345
387.479,386.199,345
387.520,386.240,345
387.564,386.284,345
387.615,386.335,345
387.645,386.365,346
387.678,386.398,346
387.719,386.439,346
387.758,386.478,346
387.800,386.520,346
387.837,386.557,346
387.879,386.599,346
387.918,386.638,347
387.961,386.681,347
387.997,386.717,347
388.040,386.760,348
388.081,386.801,347
388.119,386.839,347
388.160,386.880,347
388.203,386.923,348
388.237,386.957,348
388.277,386.997,348
388.321,387.041,347
388.358,387.078,347
388.397,387.117,347
388.439,387.159,347
388.483,387.203,348
388.523,387.243,348
388.557,387.277,348
388.596,387.316,348
388.643,387.363,347
388.677,387.397,347
388.718,387.438,347
388.759,387.479,348
388.803,387.523,348
388.843,387.563,348
388.879,387.599,348
388.917,387.637,348
388.959,387.679,347
388.998,387.718,347
389.038,387.758,347
389.078,387.798,348
389.118,387.838,348
389.156,387.876,348
389.205,387.925,348
389.242,387.962,347
389.277,387.997,348
389.314,388.034,348
389.356,388.076,348
389.395,388.115,348
389.436,388.156,348
389.475,388.195,348
389.517,388.237,348
389.554,388.274,348
389.594,388.314,348
389.637,388.357,348
389.676,388.396,348
389.714,388.434,349
389.756,388.476,348
389.796,388.516,348
389.835,388.555,348
389.874,388.594,349
389.915,388.635,349
389.955,388.675,349
389.994,388.714,349
390.035,388.755,349
390.076,388.796,349
390.115,388.835,349
390.155,388.875,348
390.194,388.914,348
390.235,388.955,348
390.274,388.994,348
390.326,389.046,348
390.356,389.076,348
390.395,389.115,348
390.434,389.154,347
390.475,389.195,348
390.515,389.235,348
390.557,389.277,348
390.595,389.315,348
390.635,389.355,348
390.675,389.395,348
390.714,389.434,348
390.753,389.473,348
390.795,389.515,348
390.836,389.556,348
390.875,389.595,348
390.918,389.638,348
390.957,389.677,348
390.995,389.715,348
391.034,389.754,348
391.078,389.798,347
391.118,389.838,347
391.156,389.876,347
391.202,389.922,347
391.239,389.959,348
391.282,390.002,348
391.534,390.254,348
391.558,390.278,348
391.585,390.305,348
391.621,390.341,348
391.662,390.382,348
391.709,390.429,348
391.749,390.469,348
391.791,390.511,348
391.830,390.550,349
391.872,390.592,349
391.912,390.632,349
391.951,390.671,349
391.992,390.712,349
392.034,390.754,349
392.074,390.794,349
392.122,390.842,349
392.156,390.876,349
392.195,390.915,349
392.233,390.953,349
392.281,391.001,349
392.316,391.036,349
392.356,391.076,349
392.400,391.120,349
392.437,391.157,349
392.476,391.196,349
392.515,391.235,349
392.555,391.275,349
392.601,391.321,349
392.637,391.357,349
392.679,391.399,349
392.717,391.437,349
392.762,391.482,349
392.797,391.517,349
392.842,391.562,349
392.879,391.599,349
392.918,391.638,349
392.962,391.682,349
392.996,391.716,349
393.041,391.761,349
393.076,391.796,349
393.117,391.837,349
393.157,391.877,349
393.197,391.917,349
393.237,391.957,349
393.277,391.997,349
393.318,392.038,350
393.368,392.088,350
393.402,392.122,350
393.437,392.157,350
393.476,392.196,350
393.517,392.237,350
393.556,392.276,350
393.597,392.317,349
393.641,392.361,349
393.683,392.403,349
393.717,392.437,349
393.756,392.476,349
393.798,392.518,349
393.837,392.557,350
393.879,392.599,349
393.917,392.637,349
393.960,392.680,349
393.997,392.717,349
394.037,392.757,349
394.078,392.798,349
394.118,392.838,349
394.156,392.876,349
394.198,392.918,349
394.250,392.970,349
394.278,392.998,349
394.319,393.039,349
394.358,393.078,349
394.397,393.117,349
394.437,393.157,349
394.477,393.197,349
394.520,393.240,349
394.558,393.278,349
394.596,393.316,349
394.637,393.357,348
394.676,393.396,348
394.718,393.438,348
394.758,393.478,348
394.797,393.517,348
394.841,393.561,348
394.876,393.596,348
394.922,393.642,348
394.966,393.686,348
394.997,393.717,348
395.038,393.758,348
395.082,393.802,348
395.120,393.840,348
395.155,393.875,348
395.194,393.914,348
395.234,393.954,348
395.274,393.994,348
395.314,394.034,348
395.354,394.074,348
395.396,394.116,348
395.436,394.156,347
395.475,394.195,348
395.514,394.234,348
395.555,394.275,348
395.595,394.315,348
395.635,394.355,348
395.674,394.394,348
395.715,394.435,348
395.754,394.474,348
395.793,394.513,348
395.835,394.555,348
395.875,394.595,347
395.915,394.635,347
395.955,394.675,347
395.995,394.715,347
396.036,394.756,347
396.078,394.798,348
396.115,394.835,348
396.155,394.875,347
396.195,394.915,347
396.234,394.954,347
396.275,394.995,347
396.314,395.034,348
396.355,395.075,348
396.395,395.115,348
396.435,395.155,347
396.475,395.195,347
396.515,395.235,347
396.555,395.275,347
396.596,395.316,347
396.634,395.354,347
396.675,395.395,347
396.715,395.435,347
396.754,395.474,347
396.794,395.514,347
396.834,395.554,347
396.874,395.594,347
396.918,395.638,347
396.957,395.677,347
397.003,395.723,347
397.037,395.757,347
397.077,395.797,347
397.117,395.837,347
397.157,395.877,347
397.198,395.918,347
397.237,395.957,347
397.279,395.999,347
397.319,396.039,347
397.357,396.077,347
397.396,396.116,347
397.438,396.158,347
397.477,396.197,347
397.516,396.236,347
397.558,396.278,347
397.599,396.319,347
397.637,396.357,347
397.676,396.396,347
397.717,396.437,348
397.759,396.479,348
397.797,396.517,348
397.837,396.557,347
397.876,396.596,347
397.920,396.640,347
397.961,396.681,347
397.999,396.719,348
398.036,396.756,348
398.076,396.796,347
398.116,396.836,346
398.158,396.878,345
398.197,396.917,345
398.238,396.958,345
398.278,396.998,344
398.317,397.037,344
398.357,397.077,343
398.397,397.117,343
398.438,397.158,342
398.477,397.197,340
398.517,397.237,339
398.557,397.277,339
398.597,397.317,339
398.636,397.356,338
398.677,397.397,337
398.717,397.437,336
398.758,397.478,335
398.798,397.518,335
398.837,397.557,334
398.877,397.597,332
398.918,397.638,332
398.957,397.677,331
398.997,397.717,331
399.037,397.757,330
399.077,397.797,328
399.118,397.838,328
399.157,397.877,327
399.197,397.917,327
399.237,397.957,326
399.277,397.997,325
399.319,398.039,323
399.357,398.077,323
399.401,398.121,322
399.440,398.160,322
399.477,398.197,321
399.516,398.236,320
399.557,398.277,319
399.597,398.317,318
399.637,398.357,318
399.684,398.404,316
399.718,398.438,316
399.757,398.477,315
399.797,398.517,315
399.838,398.558,314
399.876,398.596,312
399.919,398.639,311
399.962,398.682,311
399.998,398.718,311
400.037,398.757,310
400.078,398.798,309
400.117,398.837,309
400.158,398.878,308
400.201,398.921,308
400.244,398.964,308
400.277,398.997,307
400.317,399.037,306
400.358,399.078,306
400.396,399.116,306
400.437,399.157,306
400.480,399.200,305
400.518,399.238,305
400.557,399.277,304
400.598,399.318,304
400.636,399.356,304
400.677,399.397,304
400.721,399.441,304
400.759,399.479,304
400.798,399.518,304
400.838,399.558,304
400.877,399.597,304
400.957,399.677,304
400.994,399.714,304
401.021,399.741,304
401.052,399.772,304
401.085,399.805,304
401.117,399.837,304
401.157,399.877,304
401.196,399.916,304
401.237,399.957,304
401.277,399.997,303
401.317,400.037,304
401.358,400.078,304
401.400,400.120,304
401.438,400.158,304
401.477,400.197,304
401.517,400.237,304
401.557,400.277,304
401.598,400.318,304
401.641,400.361,304
401.677,400.397,303
401.718,400.438,303
401.758,400.478,303
401.798,400.518,303
401.838,400.558,303
401.879,400.599,302
401.917,400.637,303
401.958,400.678,303
401.998,400.718,303
402.037,400.757,303
402.078,400.798,304
402.118,400.838,305
402.158,400.878,305
402.197,400.917,305
402.238,400.958,306
402.278,400.998,305
402.318,401.038,304
402.360,401.080,303
402.397,401.117,303
402.438,401.158,303
402.477,401.197,303
402.517,401.237,303
402.558,401.278,303
402.597,401.317,303
402.638,401.358,304
402.681,401.401,304
402.717,401.437,304
402.759,401.479,304
402.798,401.518,305
402.837,401.557,305
402.877,401.597,305
402.917,401.637,306
402.963,401.683,306
402.999,401.719,306
403.037,401.757,306
403.076,401.796,306
403.117,401.837,306
403.158,401.878,306
403.197,401.917,306
403.243,401.963,306
403.279,401.999,307
403.320,402.040,307
403.357,402.077,307
403.396,402.116,307
403.437,402.157,307
403.478,402.198,307
403.518,402.238,308
403.560,402.280,308
403.598,402.318,308
403.637,402.357,309
403.677,402.397,309
403.718,402.438,309
403.761,402.481,309
403.799,402.519,310
403.841,402.561,310
403.884,402.604,311
403.918,402.638,311
403.958,402.678,311
403.997,402.717,311
404.036,402.756,312
404.078,402.798,313
404.117,402.837,313
404.158,402.878,313
404.197,402.917,313
404.238,402.958,313
404.276,402.996,314
404.318,403.038,314
404.358,403.078,314
404.398,403.118,314
404.448,403.168,313
404.479,403.199,312
404.520,403.240,312
404.556,403.276,311
404.597,403.317,311
404.636,403.356,311
404.678,403.398,309
404.722,403.442,308
404.762,403.482,307
404.802,403.522,305
404.837,403.557,305
404.895,403.615,303
404.920,403.640,302
404.973,403.693,300
405.000,403.720,300
405.046,403.766,299
405.078,403.798,297
405.140,403.860,295
405.167,403.887,294
405.215,403.935,294
405.237,403.957,292
405.277,403.997,289
405.323,404.043,287
405.359,404.079,286
405.398,404.118,284
405.437,404.157,284
405.477,404.197,282
405.517,404.237,281
405.556,404.276,279
405.597,404.317,278
405.643,404.363,278
405.679,404.399,274
405.717,404.437,273
405.757,404.477,271
405.798,404.518,269
405.838,404.558,269
405.878,404.598,266
405.918,404.638,264
405.961,404.681,263
405.997,404.717,263
406.037,404.757,263
406.078,404.798,261
406.119,404.839,260
406.158,404.878,258
406.198,404.918,257
406.242,404.962,257
406.278,404.998,256
406.317,405.037,255
406.357,405.077,255
406.398,405.118,254
406.438,405.158,254
406.478,405.198,253
406.531,405.251,253
406.558,405.278,252
406.597,405.317,252
406.637,405.357,252
406.676,405.396,252
406.718,405.438,251
406.756,405.476,252
406.802,405.522,252
406.838,405.558,252
406.877,405.597,251
406.917,405.637,251
406.958,405.678,251
406.998,405.718,251
407.037,405.757,251
407.084,405.804,251
407.124,405.844,250
407.157,405.877,250
407.197,405.917,250
407.238,405.958,249
407.277,405.997,248
407.322,406.042,247
407.360,406.080,247
407.402,406.122,247
407.438,406.158,246
407.476,406.196,244
407.517,406.237,243
407.558,406.278,242
407.597,406.317,242
407.636,406.356,
407.681,406.401,239
407.721,406.441,238
407.758,406.478,237
407.798,406.518,236
407.838,406.558,236
407.876,406.596,234
407.918,406.638,233
407.958,406.678,232
407.998,406.718,232
408.043,406.763,
408.084,406.804,230
408.118,406.838,229
408.158,406.878,229
408.199,406.919,229
408.237,406.957,229
408.277,406.997,229
408.318,407.038,229
408.363,407.083,229
408.398,407.118,229
408.438,407.158,229
408.477,407.197,229
408.517,407.237,229
408.557,407.277,230
408.597,407.317,230
408.645,407.365,230
408.679,407.399,
408.719,407.439,230
408.757,407.477,
408.798,407.518,
408.837,407.557,230
408.877,407.597,231
408.922,407.642,231
408.965,407.685,232
408.997,407.717,232
409.038,407.758,232
409.077,407.797,232
409.118,407.838,232
409.159,407.879,232
409.197,407.917,232
409.239,407.959,232
409.279,407.999,232
409.321,408.041,232
409.358,408.078,232
409.398,408.118,232
409.438,408.158,232
409.478,408.198,232
409.522,408.242,232
409.562,408.282,232
409.598,408.318,232
409.637,408.357,232
409.676,408.396,232
409.719,408.439,231
409.758,408.478,231
409.798,408.518,231
409.839,408.559,230
409.879,408.599,228
409.917,408.637,226
409.958,408.678,225
409.998,408.718,224
410.047,408.767,224
410.080,408.800,
410.117,408.837,219
410.162,408.882,218
410.197,408.917,216
410.238,408.958,216
410.277,408.997,212
410.317,409.037,210
410.358,409.078,208
410.399,409.119,208
410.518,409.238,206
410.547,409.267,202
410.571,409.291,199
410.598,409.318,199
410.642,409.362,197
410.677,409.397,194
410.719,409.439,193
410.757,409.477,191
410.797,409.517,189
410.838,409.558,189
410.883,409.603,187
410.919,409.639,185
410.957,409.677,184
410.998,409.718,184
411.042,409.762,181
411.078,409.798,178
411.118,409.838,177
411.165,409.885,176
411.198,409.918,176
411.237,409.957,175
411.277,409.997,172
411.319,410.039,171
411.357,410.077,169
411.398,410.118,169
411.443,410.163,168
411.477,410.197,165
411.517,410.237,164
411.557,410.277,163
411.599,410.319,161
411.637,410.357,161
411.684,410.404,159
411.720,410.440,157
411.758,410.478,156
411.797,410.517,155
411.842,410.562,155
411.876,410.596,153
411.917,410.637,152
411.966,410.686,150
412.000,410.720,150
412.038,410.758,149
412.077,410.797,146
412.118,410.838,145
412.161,410.881,144
412.198,410.918,143
412.239,410.959,143
412.278,410.998,140
412.317,411.037,138
412.358,411.078,137
412.399,411.119,137
412.437,411.157,135
412.477,411.197,133
412.523,411.243,131
412.559,411.279,130
412.599,411.319,129
412.639,411.359,129
412.677,411.397,127
412.718,411.438,126
412.757,411.477,124
412.802,411.522,124
412.839,411.559,122
412.879,411.599,119
412.918,411.638,118
412.958,411.678,117
412.998,411.718,117
413.038,411.758,116
413.078,411.798,114
413.123,411.843,112
413.160,411.880,111
413.198,411.918,111
413.239,411.959,109
413.278,411.998,107
413.317,412.037,105
413.359,412.079,104
413.397,412.117,104
413.443,412.163,101
413.478,412.198,100
413.516,412.236,99
413.560,412.280,98
413.597,412.317,97
413.637,412.357,97
413.679,412.399,94
413.719,412.439,93
413.757,412.477,92
413.800,412.520,92
413.838,412.558,91
413.878,412.598,90
413.919,412.639,89
413.959,412.679,88
413.996,412.716,88
414.043,412.763,88
414.080,412.800,88
414.117,412.837,87
414.157,412.877,87
414.199,412.919,87
414.242,412.962,87
414.279,412.999,86
414.324,413.044,85
414.359,413.079,85
414.397,413.117,85
414.439,413.159,85
414.479,413.199,87
414.517,413.237,87
414.562,413.282,86
414.603,413.323,86
414.643,413.363,86
414.680,413.400,86
414.717,413.437,86
414.757,413.477,87
414.800,413.520,87
414.839,413.559,86
414.878,413.598,86
414.918,413.638,86
414.959,413.679,86
414.997,413.717,86
415.038,413.758,86
415.077,413.797,86
415.121,413.841,86
415.163,413.883,86
415.204,413.924,86
415.245,413.965,86
415.280,414.000,87
415.324,414.044,88
415.360,414.080,89
415.403,414.123,89
415.437,414.157,89
415.475,414.195,90
415.515,414.235,91
415.562,414.282,92
415.600,414.320,94
415.634,414.354,94
415.676,414.396,96
415.715,414.435,97
415.757,414.477,98
415.797,414.517,99
415.835,414.555,99
415.875,414.595,102
415.919,414.639,103
415.956,414.676,105
415.995,414.715,105
416.036,414.756,106
416.076,414.796,108
416.115,414.835,110
416.167,414.887,111
416.196,414.916,111
416.237,414.957,112
416.275,414.995,114
416.314,415.034,115
416.357,415.077,115
416.395,415.115,115
416.443,415.163,115
416.476,415.196,115
416.515,415.235,115
416.555,415.275,115
416.595,415.315,115
416.635,415.355,115
416.675,415.395,114
416.716,415.436,114
416.760,415.480,114
416.795,415.515,114
416.835,415.555,114
416.875,415.595,113
416.917,415.637,113
416.954,415.674,112
417.002,415.722,112
417.036,415.756,112
417.075,415.795,113
417.116,415.836,113
417.155,415.875,113
417.194,415.914,113
417.237,415.957,113
417.283,416.003,113
417.323,416.043,113
417.361,416.081,114
417.398,416.118,115
417.440,416.160,115
417.477,416.197,115
417.517,416.237,115
417.563,416.283,115
417.603,416.323,115
417.638,416.358,116
417.682,416.402,116
417.717,416.437,117
417.758,416.478,116
417.798,416.518,116
417.838,416.558,117
417.884,416.604,118
417.921,416.641,118
417.958,416.678,118
417.997,416.717,118
418.043,416.763,118
418.077,416.797,118
418.123,416.843,117
418.163,416.883,117
418.198,416.918,117
418.242,416.962,116
418.279,416.999,115
418.318,417.038,114
418.361,417.081,113
418.398,417.118,113
418.443,417.163,113
418.479,417.199,110
418.517,417.237,108
418.560,417.280,107
418.598,417.318,107
418.637,417.357,106
418.683,417.403,102
418.723,417.443,101
418.758,417.478,99
418.799,417.519,98
418.837,417.557,98
418.877,417.597,95
418.922,417.642,93
418.958,417.678,92
419.003,417.723,91
419.043,417.763,91
419.078,417.798,90
419.121,417.841,88
419.162,417.882,87
419.198,417.918,87
419.238,417.958,86
419.282,418.002,85
419.330,418.050,84
419.361,418.081,83
419.397,418.117,83
419.437,418.157,82
419.484,418.204,81
419.517,418.237,81
419.562,418.282,80
419.598,418.318,80
419.637,418.357,80
419.676,418.396,79
419.721,418.441,78
419.758,418.478,77
419.800,418.520,78
419.849,418.569,78
419.880,418.600,78
419.919,418.639,79
419.957,418.677,78
420.001,418.721,78
420.392,419.112,78
420.421,419.141,79
420.452,419.172,79
420.477,419.197,85
420.518,419.238,86
420.562,419.282,86
420.599,419.319,86
420.637,419.357,86
420.695,419.415,87
420.725,419.445,87
420.758,419.478,87
420.801,419.521,88
420.841,419.561,88
420.877,419.597,90
420.918,419.638,91
420.963,419.683,92
420.999,419.719,92
421.041,419.761,93
421.077,419.797,95
421.120,419.840,96
421.164,419.884,97
421.202,419.922,97
421.241,419.961,98
421.279,419.999,100
421.318,420.038,101
421.356,420.076,102
421.394,420.114,102
421.435,420.155,102
