lap_t,speed_kmh,s_m
1.290,104.0,0.0
1.322,106.0,0.9
1.356,114.0,2.0
1.396,115.0,3.2
1.434,117.0,4.5
1.478,117.0,5.9
1.516,118.0,7.1
1.555,120.0,8.4
1.596,121.0,9.8
1.638,124.0,11.2
1.678,124.0,12.6
1.719,125.0,14.0
1.759,126.0,15.4
1.797,127.0,16.8
1.834,128.0,18.1
1.873,130.0,19.5
1.914,131.0,20.9
1.954,132.0,22.4
1.994,134.0,23.9
2.035,136.0,25.4
2.080,136.0,27.1
2.113,137.0,28.4
2.154,138.0,29.9
2.194,139.0,31.5
2.234,141.0,33.0
2.275,141.0,34.6
2.314,143.0,36.2
2.360,144.0,38.0
2.400,145.0,39.6
2.433,147.0,41.0
2.475,148.0,42.7
2.516,148.0,44.4
2.555,149.0,46.0
2.595,150.0,47.6
2.634,153.0,49.3
2.674,153.0,51.0
2.723,154.0,53.1
2.759,155.0,54.6
2.794,155.0,56.1
2.836,157.0,57.9
2.875,157.0,59.6
2.915,158.0,61.4
2.955,159.0,63.1
3.000,160.0,65.1
3.037,162.0,66.8
3.074,163.0,68.5
3.115,163.0,70.3
3.155,164.0,72.1
3.194,165.0,73.9
3.234,167.0,75.8
3.274,167.0,77.6
3.319,167.0,79.7
3.355,168.0,81.4
3.396,169.0,83.3
3.436,171.0,85.2
3.474,172.0,87.0
3.520,172.0,89.2
3.556,173.0,90.9
3.596,173.0,92.8
3.633,174.0,94.6
3.675,176.0,96.7
3.715,176.0,98.6
3.755,177.0,100.6
3.795,177.0,102.6
3.835,176.0,104.5
3.874,176.0,106.4
3.916,174.0,108.5
3.956,173.0,110.4
4.002,171.0,112.6
4.039,166.0,114.3
4.078,164.0,116.1
4.118,164.0,117.9
4.158,162.0,119.7
4.198,161.0,121.5
4.234,159.0,123.1
4.276,157.0,125.0
4.315,157.0,126.7
4.355,155.0,128.4
4.395,154.0,130.1
4.434,151.0,131.8
4.475,150.0,133.5
4.515,150.0,135.2
4.555,148.0,136.8
4.594,146.0,138.4
4.638,144.0,140.2
4.675,144.0,141.7
4.715,143.0,143.3
4.756,142.0,144.9
4.795,140.0,146.4
4.835,138.0,148.0
4.875,136.0,149.5
4.917,136.0,151.1
4.956,135.0,152.5
4.995,134.0,154.0
5.036,131.0,155.5
5.074,130.0,156.9
5.115,130.0,158.4
5.154,129.0,159.8
5.195,128.0,161.2
5.242,125.0,162.9
5.275,124.0,164.0
5.314,124.0,165.4
5.355,123.0,166.8
5.394,121.0,168.1
5.434,119.0,169.4
5.476,118.0,170.8
5.523,118.0,172.3
5.555,116.0,173.4
5.596,115.0,174.7
5.634,113.0,175.9
5.675,113.0,177.2
5.715,111.0,178.4
5.755,110.0,179.7
5.799,110.0,181.0
5.844,108.0,182.4
5.875,108.0,183.3
5.914,106.0,184.5
5.955,105.0,185.7
5.996,104.0,186.8
6.035,103.0,188.0
6.075,102.0,189.1
6.123,102.0,190.5
6.157,101.0,191.4
6.195,100.0,192.5
6.239,98.0,193.7
6.279,98.0,194.8
6.325,96.0,196.0
6.359,96.0,196.9
6.399,96.0,198.0
6.442,95.0,199.1
6.481,95.0,200.2
6.515,94.0,201.1
6.555,93.0,202.1
6.595,92.0,203.1
6.635,91.0,204.1
6.675,91.0,205.2
6.720,90.0,206.3
6.756,90.0,207.2
6.804,89.0,208.4
6.840,87.0,209.3
6.875,87.0,210.1
6.915,86.0,211.1
6.955,86.0,212.0
6.995,85.0,213.0
7.035,84.0,213.9
7.075,83.0,214.8
7.125,83.0,216.0
7.155,83.0,216.7
7.196,83.0,217.6
7.235,81.0,218.5
7.275,81.0,219.4
7.316,81.0,220.3
7.355,81.0,221.2
7.403,81.0,222.3
7.436,80.0,223.0
7.475,80.0,223.9
7.515,80.0,224.8
7.557,80.0,225.7
7.595,79.0,226.6
7.636,79.0,227.5
7.675,79.0,228.3
7.717,79.0,229.2
7.764,79.0,230.3
7.796,79.0,231.0
7.834,79.0,231.8
7.876,79.0,232.7
7.915,79.0,233.6
7.954,79.0,234.4
7.998,78.0,235.4
8.042,78.0,236.4
8.074,78.0,237.0
8.114,78.0,237.9
8.155,78.0,238.8
8.194,78.0,239.6
8.238,78.0,240.6
8.279,78.0,241.5
8.318,79.0,242.3
8.357,79.0,243.2
8.397,79.0,244.1
8.435,80.0,244.9
8.475,80.0,245.8
8.515,80.0,246.7
8.554,81.0,247.6
8.595,81.0,248.5
8.640,82.0,249.5
8.675,82.0,250.3
8.714,82.0,251.2
8.754,83.0,252.1
8.795,84.0,253.1
8.835,85.0,254.0
8.874,86.0,254.9
8.921,86.0,256.0
8.954,86.0,256.8
8.994,87.0,257.8
9.035,88.0,258.8
9.074,89.0,259.8
9.121,89.0,260.9
9.160,90.0,261.9
9.194,91.0,262.7
9.233,93.0,263.7
9.274,94.0,264.8
9.314,96.0,265.9
9.354,96.0,266.9
9.393,97.0,268.0
9.437,99.0,269.2
9.478,101.0,270.3
9.514,101.0,271.3
9.555,102.0,272.5
9.594,103.0,273.6
9.635,105.0,274.8
9.676,106.0,276.0
9.715,106.0,277.1
9.760,108.0,278.5
9.796,109.0,279.5
9.834,111.0,280.7
9.873,113.0,281.9
9.913,113.0,283.2
9.955,114.0,284.5
9.995,115.0,285.8
10.035,118.0,287.1
10.084,118.0,288.7
10.121,120.0,289.9
10.155,121.0,291.0
10.195,122.0,292.4
10.234,125.0,293.7
10.276,126.0,295.2
10.317,126.0,296.6
10.355,128.0,298.0
10.402,129.0,299.6
10.445,131.0,301.2
10.479,131.0,302.4
10.518,132.0,303.8
10.558,134.0,305.3
10.599,136.0,306.9
10.653,139.0,308.9
10.689,139.0,310.3
10.716,140.0,311.4
10.757,141.0,313.0
10.804,142.0,314.8
10.833,144.0,316.0
10.872,146.0,317.5
10.913,146.0,319.2
10.955,147.0,320.9
10.993,148.0,322.5
11.034,151.0,324.2
11.074,151.0,325.8
11.114,152.0,327.5
11.152,154.0,329.1
11.193,155.0,330.9
11.232,157.0,332.6
11.274,157.0,334.4
11.314,158.0,336.2
11.353,159.0,337.9
11.393,161.0,339.7
11.434,163.0,341.5
11.474,163.0,343.3
11.513,164.0,345.1
11.553,165.0,346.9
11.595,166.0,348.8
11.634,168.0,350.7
11.674,168.0,352.5
11.720,169.0,354.7
11.764,170.0,356.7
11.794,171.0,358.2
11.832,173.0,360.0
11.872,173.0,361.9
11.913,174.0,363.9
11.953,175.0,365.8
11.995,175.0,367.9
12.036,176.0,369.9
12.076,176.0,371.8
12.114,176.0,373.7
12.154,176.0,375.6
12.193,177.0,377.5
12.234,177.0,379.6
12.273,177.0,381.5
12.313,177.0,383.4
12.353,177.0,385.4
12.396,176.0,387.5
12.435,176.0,389.4
12.476,176.0,391.4
12.514,176.0,393.3
12.555,176.0,395.3
12.599,176.0,397.4
12.636,176.0,399.3
12.679,176.0,401.4
12.724,176.0,403.6
12.757,176.0,405.2
12.797,176.0,407.1
12.836,177.0,409.0
12.876,177.0,411.0
12.919,178.0,413.1
12.959,179.0,415.1
12.999,179.0,417.1
13.038,179.0,419.0
13.077,179.0,421.0
13.118,179.0,423.0
13.159,180.0,425.1
13.197,181.0,427.0
13.237,181.0,429.0
13.281,181.0,431.2
13.319,181.0,433.1
13.356,181.0,435.0
13.397,181.0,437.0
13.436,183.0,439.0
13.479,183.0,441.2
13.519,184.0,443.2
13.557,184.0,445.2
13.597,184.0,447.2
13.637,186.0,449.3
13.685,186.0,451.7
13.718,187.0,453.4
13.756,187.0,455.4
13.797,188.0,457.6
13.836,188.0,459.6
13.877,188.0,461.7
13.916,188.0,463.8
13.956,188.0,465.9
13.995,188.0,467.9
14.036,186.0,470.0
14.079,186.0,472.2
14.122,185.0,474.5
14.159,185.0,476.4
14.207,184.0,478.8
14.241,182.0,480.6
14.285,181.0,482.8
14.319,181.0,484.5
14.362,180.0,486.6
14.399,179.0,488.5
14.441,177.0,490.6
14.475,177.0,492.2
14.519,176.0,494.4
14.555,175.0,496.1
14.595,174.0,498.1
14.640,173.0,500.2
14.675,173.0,501.9
14.715,172.0,503.8
14.756,170.0,505.8
14.797,170.0,507.7
14.837,168.0,509.6
14.875,167.0,511.4
14.918,166.0,513.4
14.961,166.0,515.3
14.996,165.0,517.0
15.035,164.0,518.7
15.073,163.0,520.5
15.118,163.0,522.5
15.154,162.0,524.1
15.196,162.0,526.0
15.235,160.0,527.8
15.283,159.0,529.9
15.317,159.0,531.4
15.356,158.0,533.1
15.395,158.0,534.8
15.436,157.0,536.6
15.478,157.0,538.4
15.517,157.0,540.1
15.557,157.0,541.9
15.600,157.0,543.8
15.636,158.0,545.3
15.677,158.0,547.1
15.716,158.0,548.9
15.756,158.0,550.6
15.797,158.0,552.4
15.836,159.0,554.1
15.876,159.0,555.9
15.918,159.0,557.7
15.956,160.0,559.4
15.995,160.0,561.2
16.037,160.0,563.0
16.076,161.0,564.8
16.114,161.0,566.5
16.156,161.0,568.3
16.194,162.0,570.0
16.241,162.0,572.2
16.277,162.0,573.8
16.317,162.0,575.6
16.356,163.0,577.3
16.396,163.0,579.2
16.437,164.0,581.0
16.480,165.0,583.0
16.520,165.0,584.8
16.558,165.0,586.6
16.598,165.0,588.4
16.642,167.0,590.4
16.677,168.0,592.0
16.717,168.0,593.9
16.756,168.0,595.7
16.803,168.0,597.9
16.838,168.0,599.6
16.877,169.0,601.4
16.918,169.0,603.3
16.957,169.0,605.1
16.999,170.0,607.1
17.037,170.0,608.9
17.079,171.0,610.9
17.117,171.0,612.7
17.164,171.0,614.9
17.202,172.0,616.8
17.238,173.0,618.5
17.277,174.0,620.4
17.317,174.0,622.3
17.356,174.0,624.2
17.398,174.0,626.2
17.438,176.0,628.1
17.480,177.0,630.2
17.519,177.0,632.1
17.558,177.0,634.0
17.598,178.0,636.0
17.637,178.0,637.9
17.677,179.0,639.9
17.716,179.0,641.9
17.758,180.0,644.0
17.797,181.0,645.9
17.837,181.0,647.9
17.887,181.0,650.4
17.917,181.0,651.9
17.956,182.0,653.9
17.998,183.0,656.0
18.038,184.0,658.1
18.078,185.0,660.1
18.116,185.0,662.1
18.158,186.0,664.3
18.198,186.0,666.3
18.244,188.0,668.7
18.281,189.0,670.6
18.318,189.0,672.6
18.359,190.0,674.7
18.398,191.0,676.8
18.439,192.0,679.0
18.483,193.0,681.3
18.516,194.0,683.1
18.569,194.0,686.0
18.599,196.0,687.6
18.636,196.0,689.6
18.677,197.0,691.8
18.718,197.0,694.1
18.758,198.0,696.3
18.799,199.0,698.5
19.198,200.0,720.7
19.236,200.0,722.8
19.276,200.0,725.0
19.316,200.0,727.2
19.358,200.0,729.5
19.398,200.0,731.8
19.436,200.0,733.9
19.479,200.0,736.3
19.522,200.0,738.7
19.564,200.0,741.0
19.601,200.0,743.0
19.644,200.0,745.4
19.682,200.0,747.5
19.717,200.0,749.5
19.756,200.0,751.7
19.797,200.0,753.9
19.850,200.0,756.9
19.878,200.0,758.4
19.918,200.0,760.7
19.956,200.0,762.8
19.997,201.0,765.1
20.038,201.0,767.3
20.076,201.0,769.5
20.119,201.0,771.9
20.158,201.0,774.0
20.216,200.0,777.3
20.243,200.0,778.8
20.279,200.0,780.8
20.318,201.0,782.9
20.357,200.0,785.1
20.396,199.0,787.3
20.437,200.0,789.6
20.478,200.0,791.8
20.524,200.0,794.4
20.561,200.0,796.4
20.638,201.0,800.7
20.677,201.0,802.9
20.718,201.0,805.2
20.758,200.0,807.4
20.797,200.0,809.6
20.840,201.0,812.0
20.877,201.0,814.0
20.918,201.0,816.3
20.956,201.0,818.5
20.998,202.0,820.8
21.036,202.0,822.9
21.078,201.0,825.3
21.117,201.0,827.5
21.198,200.0,832.0
21.235,200.0,834.0
21.276,200.0,836.3
21.318,200.0,838.6
21.358,200.0,840.9
21.398,200.0,843.1
21.435,198.0,845.1
21.486,197.0,847.9
21.516,197.0,849.6
21.562,196.0,852.1
21.595,195.0,853.9
21.637,193.0,856.1
21.676,193.0,858.2
21.719,190.0,860.5
21.753,190.0,862.3
21.796,189.0,864.6
21.841,187.0,866.9
21.884,187.0,869.2
21.922,186.0,871.1
21.956,184.0,872.9
22.001,183.0,875.2
22.038,180.0,877.0
22.080,179.0,879.1
22.119,179.0,881.1
22.156,178.0,882.9
22.197,177.0,884.9
22.240,174.0,887.0
22.280,174.0,889.0
22.314,173.0,890.6
22.356,172.0,892.6
22.396,170.0,894.5
22.439,166.0,896.5
22.477,166.0,898.3
22.518,165.0,900.2
22.561,163.0,902.1
22.595,162.0,903.6
22.643,159.0,905.8
22.677,159.0,907.3
22.717,157.0,909.0
22.754,156.0,910.7
22.795,154.0,912.4
22.834,152.0,914.1
22.877,151.0,915.9
22.916,150.0,917.5
22.964,149.0,919.5
22.995,148.0,920.8
23.035,145.0,922.4
23.074,144.0,924.0
23.115,144.0,925.6
23.160,143.0,927.4
23.196,142.0,928.8
23.237,140.0,930.4
23.283,140.0,932.2
23.318,140.0,933.6
23.358,139.0,935.1
23.395,139.0,936.6
23.434,138.0,938.1
23.474,138.0,939.6
23.517,138.0,941.3
23.555,137.0,942.7
23.604,137.0,944.6
23.640,137.0,945.9
23.678,137.0,947.4
23.717,137.0,948.9
23.757,136.0,950.4
23.795,135.0,951.8
23.834,134.0,953.3
23.874,134.0,954.8
23.927,134.0,956.7
23.960,133.0,958.0
23.998,132.0,959.4
24.037,131.0,960.8
24.075,130.0,962.2
24.115,130.0,963.6
24.154,129.0,965.0
24.198,128.0,966.6
24.234,126.0,967.9
24.281,126.0,969.5
24.317,125.0,970.8
24.360,124.0,972.2
24.399,122.0,973.6
24.441,121.0,975.0
24.485,121.0,976.5
24.520,121.0,977.6
24.558,120.0,978.9
24.595,119.0,980.1
24.635,117.0,981.5
24.674,117.0,982.7
24.714,116.0,984.0
24.755,115.0,985.3
24.796,114.0,986.6
24.834,112.0,987.8
24.883,111.0,989.3
24.922,110.0,990.5
24.954,109.0,991.5
24.997,109.0,992.8
25.036,107.0,994.0
25.075,105.0,995.1
25.115,105.0,996.3
25.156,104.0,997.5
25.198,104.0,998.7
25.236,103.0,999.8
25.274,103.0,1000.9
25.317,103.0,1002.1
25.354,102.0,1003.2
25.400,102.0,1004.5
25.435,102.0,1005.5
25.475,102.0,1006.6
25.517,102.0,1007.8
25.557,102.0,1008.9
25.597,102.0,1010.1
25.635,102.0,1011.1
25.675,102.0,1012.3
25.714,102.0,1013.4
25.756,102.0,1014.6
25.796,102.0,1015.7
25.835,101.0,1016.8
25.875,101.0,1017.9
25.915,101.0,1019.0
25.956,101.0,1020.2
25.996,102.0,1021.3
26.034,102.0,1022.4
26.075,102.0,1023.6
26.114,103.0,1024.7
26.154,103.0,1025.8
26.196,103.0,1027.0
26.236,105.0,1028.2
26.275,105.0,1029.3
26.313,105.0,1030.4
26.362,106.0,1031.8
26.400,106.0,1033.0
26.440,107.0,1034.2
26.483,107.0,1035.4
26.528,107.0,1036.8
26.555,108.0,1037.6
26.594,108.0,1038.7
26.635,109.0,1040.0
26.675,109.0,1041.2
26.715,109.0,1042.4
26.757,110.0,1043.7
26.795,111.0,1044.8
26.834,113.0,1046.1
26.875,113.0,1047.3
26.915,113.0,1048.6
26.955,114.0,1049.9
26.994,115.0,1051.1
27.035,117.0,1052.4
27.074,117.0,1053.7
27.113,118.0,1055.0
27.154,118.0,1056.3
27.210,119.0,1058.2
27.234,121.0,1059.0
27.275,122.0,1060.3
27.313,123.0,1061.6
27.354,123.0,1063.0
27.395,124.0,1064.4
27.435,126.0,1065.8
27.474,128.0,1067.2
27.518,128.0,1068.8
27.554,128.0,1070.0
27.593,129.0,1071.4
27.635,131.0,1073.0
27.673,132.0,1074.3
27.715,132.0,1075.9
27.755,133.0,1077.4
27.795,134.0,1078.8
27.836,136.0,1080.4
27.874,137.0,1081.8
27.946,137.0,1084.6
27.973,138.0,1085.6
28.006,139.0,1086.9
28.035,140.0,1088.0
28.075,141.0,1089.5
28.113,141.0,1091.0
28.154,142.0,1092.6
28.195,143.0,1094.3
28.235,145.0,1095.9
28.274,145.0,1097.4
28.319,146.0,1099.3
28.355,147.0,1100.7
28.394,148.0,1102.3
28.434,151.0,1104.0
28.476,151.0,1105.7
28.516,151.0,1107.4
28.555,152.0,1109.1
28.595,153.0,1110.8
28.637,155.0,1112.5
28.677,156.0,1114.3
28.715,156.0,1115.9
28.756,157.0,1117.7
28.795,157.0,1119.4
28.835,157.0,1121.2
28.874,156.0,1122.8
28.914,156.0,1124.6
28.956,156.0,1126.4
28.996,156.0,1128.1
29.037,155.0,1129.9
29.074,155.0,1131.5
29.114,154.0,1133.2
29.154,154.0,1134.9
29.194,153.0,1136.6
29.234,152.0,1138.3
29.277,152.0,1140.1
29.318,152.0,1141.9
29.355,151.0,1143.4
29.394,150.0,1145.1
29.435,149.0,1146.8
29.475,149.0,1148.4
29.513,148.0,1150.0
29.554,148.0,1151.7
29.610,148.0,1154.0
29.638,148.0,1155.1
29.673,148.0,1156.6
29.714,148.0,1158.2
29.755,147.0,1159.9
29.798,147.0,1161.7
29.836,148.0,1163.2
29.878,148.0,1165.0
29.917,148.0,1166.6
29.955,148.0,1168.1
29.994,148.0,1169.7
30.034,148.0,1171.4
30.074,149.0,1173.0
30.115,149.0,1174.7
30.154,149.0,1176.3
30.196,150.0,1178.1
30.235,149.0,1179.7
30.276,149.0,1181.4
30.314,148.0,1183.0
30.354,148.0,1184.6
30.395,148.0,1186.3
30.435,148.0,1187.9
30.474,147.0,1189.5
30.513,147.0,1191.1
30.555,146.0,1192.8
30.599,146.0,1194.6
30.637,144.0,1196.2
30.677,144.0,1197.8
30.715,144.0,1199.3
30.754,142.0,1200.8
30.795,141.0,1202.4
30.835,138.0,1204.0
30.875,137.0,1205.5
30.916,137.0,1207.1
30.957,136.0,1208.6
30.994,135.0,1210.0
31.035,133.0,1211.6
31.075,132.0,1213.0
31.115,131.0,1214.5
31.155,131.0,1215.9
31.196,129.0,1217.4
31.236,127.0,1218.8
31.274,125.0,1220.2
31.315,125.0,1221.6
31.355,124.0,1223.0
31.394,123.0,1224.3
31.435,121.0,1225.7
31.476,121.0,1227.1
31.518,119.0,1228.5
31.562,119.0,1229.9
31.595,118.0,1231.0
31.635,116.0,1232.3
31.675,116.0,1233.6
31.715,116.0,1234.9
31.754,116.0,1236.2
31.797,115.0,1237.5
31.838,115.0,1238.8
31.879,114.0,1240.2
31.919,114.0,1241.4
31.956,115.0,1242.6
31.995,114.0,1243.8
32.035,113.0,1245.1
32.073,113.0,1246.3
32.114,113.0,1247.6
32.159,113.0,1249.0
32.197,113.0,1250.2
32.236,114.0,1251.4
32.275,114.0,1252.6
32.314,115.0,1253.9
32.355,115.0,1255.2
32.394,115.0,1256.4
32.435,115.0,1257.8
32.481,115.0,1259.2
32.515,115.0,1260.3
32.555,116.0,1261.6
32.595,116.0,1262.9
32.634,116.0,1264.1
32.674,116.0,1265.4
32.715,116.0,1266.7
32.756,116.0,1268.1
32.796,117.0,1269.4
32.836,117.0,1270.7
32.875,118.0,1271.9
32.914,118.0,1273.2
32.954,118.0,1274.5
32.995,118.0,1275.9
33.036,119.0,1277.2
33.076,119.0,1278.5
33.118,120.0,1279.9
33.156,119.0,1281.2
33.196,119.0,1282.5
33.246,117.0,1284.2
33.274,117.0,1285.1
33.314,116.0,1286.4
33.355,116.0,1287.7
33.396,116.0,1289.0
33.433,114.0,1290.2
33.480,114.0,1291.7
33.517,113.0,1292.8
33.555,112.0,1294.0
33.594,112.0,1295.2
33.635,111.0,1296.5
33.675,111.0,1297.7
33.715,111.0,1299.0
33.754,111.0,1300.2
33.797,111.0,1301.5
33.839,110.0,1302.8
33.877,109.0,1304.0
33.917,109.0,1305.2
33.956,110.0,1306.3
33.994,110.0,1307.5
34.033,110.0,1308.7
34.074,110.0,1310.0
34.114,110.0,1311.2
34.157,109.0,1312.5
34.194,109.0,1313.6
34.235,110.0,1314.9
34.274,110.0,1316.0
34.314,110.0,1317.3
34.355,110.0,1318.5
34.395,110.0,1319.7
34.435,111.0,1321.0
34.476,111.0,1322.2
34.516,111.0,1323.5
34.554,112.0,1324.6
34.595,113.0,1325.9
34.634,114.0,1327.2
34.674,114.0,1328.4
34.714,115.0,1329.7
34.755,116.0,1331.0
34.793,116.0,1332.2
34.836,117.0,1333.6
34.876,117.0,1334.9
34.915,117.0,1336.2
34.953,118.0,1337.4
34.995,119.0,1338.8
35.035,120.0,1340.1
35.076,120.0,1341.5
35.113,121.0,1342.7
35.157,121.0,1344.2
35.197,122.0,1345.6
35.235,123.0,1346.9
35.274,123.0,1348.2
35.314,125.0,1349.6
35.357,126.0,1351.1
35.394,127.0,1352.4
35.434,129.0,1353.8
35.475,129.0,1355.3
35.515,130.0,1356.7
35.554,131.0,1358.1
35.595,132.0,1359.6
35.634,135.0,1361.1
35.675,135.0,1362.6
35.714,136.0,1364.1
35.755,137.0,1365.6
35.795,138.0,1367.2
35.835,140.0,1368.7
35.880,142.0,1370.5
35.915,142.0,1371.8
35.956,143.0,1373.5
35.995,144.0,1375.0
36.037,145.0,1376.7
36.077,147.0,1378.3
36.117,147.0,1380.0
36.157,148.0,1381.6
36.200,149.0,1383.4
36.236,151.0,1384.9
36.277,151.0,1386.6
36.315,152.0,1388.2
36.354,152.0,1389.8
36.394,154.0,1391.5
36.434,156.0,1393.3
36.475,156.0,1395.0
36.517,156.0,1396.9
36.555,157.0,1398.5
36.595,159.0,1400.3
36.635,161.0,1402.0
36.674,161.0,1403.8
36.715,161.0,1405.6
36.753,162.0,1407.3
36.795,162.0,1409.2
36.835,159.0,1411.0
36.875,159.0,1412.8
36.918,157.0,1414.7
36.958,155.0,1416.4
36.995,153.0,1418.0
37.034,151.0,1419.6
37.073,149.0,1421.2
37.114,149.0,1422.9
37.154,148.0,1424.6
37.195,146.0,1426.3
37.236,142.0,1427.9
37.279,140.0,1429.6
37.318,140.0,1431.1
37.354,138.0,1432.5
37.393,137.0,1434.0
37.434,136.0,1435.5
37.474,136.0,1437.0
37.514,135.0,1438.6
37.555,133.0,1440.1
37.596,131.0,1441.6
37.636,130.0,1443.0
37.674,129.0,1444.4
37.715,129.0,1445.9
37.754,128.0,1447.3
37.795,127.0,1448.7
37.835,124.0,1450.1
37.875,122.0,1451.5
37.917,122.0,1452.9
37.973,122.0,1454.8
38.000,121.0,1455.7
38.037,118.0,1456.9
38.077,117.0,1458.2
38.117,117.0,1459.5
38.172,115.0,1461.3
38.199,115.0,1462.2
38.237,114.0,1463.4
38.277,113.0,1464.6
38.320,112.0,1466.0
38.359,112.0,1467.2
38.397,110.0,1468.4
38.438,109.0,1469.6
38.481,109.0,1470.9
38.519,109.0,1472.1
38.556,109.0,1473.2
38.599,107.0,1474.5
38.635,104.0,1475.5
38.675,104.0,1476.7
38.715,104.0,1477.9
38.755,103.0,1479.0
38.794,103.0,1480.1
38.836,101.0,1481.3
38.877,100.0,1482.5
38.918,100.0,1483.6
38.955,99.0,1484.6
38.994,98.0,1485.7
39.035,97.0,1486.8
39.075,97.0,1487.9
39.114,97.0,1488.9
39.155,96.0,1490.0
39.196,96.0,1491.1
39.235,96.0,1492.2
39.273,96.0,1493.2
39.315,96.0,1494.3
39.355,95.0,1495.3
39.395,95.0,1496.4
39.448,95.0,1497.8
39.480,96.0,1498.6
39.515,96.0,1499.6
39.553,96.0,1500.6
39.596,96.0,1501.7
39.640,97.0,1502.9
39.677,96.0,1503.9
39.716,96.0,1505.0
39.761,97.0,1506.2
39.795,97.0,1507.1
39.834,98.0,1508.1
39.875,98.0,1509.2
39.915,98.0,1510.3
39.955,99.0,1511.4
39.994,99.0,1512.5
40.036,99.0,1513.7
40.076,99.0,1514.8
40.114,99.0,1515.8
40.154,100.0,1516.9
40.194,100.0,1518.0
40.234,101.0,1519.1
40.275,101.0,1520.3
40.314,102.0,1521.4
40.359,102.0,1522.7
40.396,103.0,1523.7
40.438,104.0,1524.9
40.478,105.0,1526.1
40.517,105.0,1527.2
40.558,105.0,1528.4
40.598,106.0,1529.6
40.642,108.0,1530.9
40.674,109.0,1531.9
40.721,109.0,1533.3
40.758,110.0,1534.4
40.794,111.0,1535.5
40.835,113.0,1536.8
40.874,114.0,1538.0
40.914,115.0,1539.3
40.954,115.0,1540.6
41.000,116.0,1542.0
41.037,119.0,1543.3
41.075,120.0,1544.5
41.115,120.0,1545.8
41.154,121.0,1547.2
41.193,121.0,1548.5
41.235,123.0,1549.9
41.284,125.0,1551.6
41.320,125.0,1552.8
41.355,126.0,1554.0
41.395,127.0,1555.5
41.436,129.0,1556.9
41.475,130.0,1558.3
41.515,130.0,1559.8
41.555,131.0,1561.2
41.595,132.0,1562.7
41.643,133.0,1564.4
41.677,134.0,1565.7
41.714,134.0,1567.1
41.755,134.0,1568.6
41.795,134.0,1570.1
41.834,136.0,1571.5
41.875,137.0,1573.1
41.916,137.0,1574.7
41.955,138.0,1576.2
41.998,140.0,1577.8
42.041,140.0,1579.5
42.074,141.0,1580.8
42.114,141.0,1582.3
42.156,143.0,1584.0
42.194,143.0,1585.5
42.235,144.0,1587.1
42.279,145.0,1588.9
42.320,146.0,1590.6
42.354,146.0,1591.9
42.395,147.0,1593.6
42.435,148.0,1595.3
42.477,149.0,1597.0
42.520,149.0,1598.8
42.557,149.0,1600.3
42.600,151.0,1602.1
42.637,153.0,1603.6
42.677,154.0,1605.4
42.719,154.0,1607.2
42.758,155.0,1608.8
42.798,156.0,1610.6
42.838,158.0,1612.3
42.879,158.0,1614.1
42.918,159.0,1615.8
42.959,160.0,1617.6
42.999,161.0,1619.4
43.038,163.0,1621.2
43.077,163.0,1622.9
43.117,164.0,1624.8
43.162,165.0,1626.8
43.199,166.0,1628.5
43.242,168.0,1630.5
43.280,168.0,1632.3
43.333,169.0,1634.8
43.359,169.0,1636.0
43.396,170.0,1637.7
43.438,171.0,1639.7
43.475,171.0,1641.5
43.514,172.0,1643.3
43.555,174.0,1645.3
43.603,175.0,1647.6
43.637,177.0,1649.3
43.674,178.0,1651.1
43.713,178.0,1653.0
43.754,179.0,1655.1
43.795,179.0,1657.1
43.835,181.0,1659.1
43.876,181.0,1661.2
43.917,182.0,1663.2
43.955,183.0,1665.2
43.994,184.0,1667.1
44.034,185.0,1669.2
44.075,186.0,1671.3
44.114,188.0,1673.3
44.160,188.0,1675.7
44.197,188.0,1677.7
44.235,190.0,1679.7
44.275,190.0,1681.8
44.313,191.0,1683.8
44.354,192.0,1686.0
44.396,193.0,1688.2
44.436,195.0,1690.4
44.477,195.0,1692.6
44.523,196.0,1695.1
44.555,197.0,1696.8
44.595,199.0,1699.0
44.636,202.0,1701.3
44.763,204.0,1708.5
44.803,205.0,1710.8
44.835,208.0,1712.6
44.875,208.0,1714.9
44.914,209.0,1717.2
44.955,211.0,1719.6
44.994,212.0,1721.8
45.039,215.0,1724.5
45.084,215.0,1727.2
45.115,217.0,1729.1
45.155,217.0,1731.5
45.195,219.0,1733.9
45.278,221.0,1739.0
45.324,223.0,1741.8
45.364,224.0,1744.3
45.398,225.0,1746.4
45.439,227.0,1749.0
45.479,227.0,1751.5
45.522,228.0,1754.2
45.559,230.0,1756.6
45.637,234.0,1761.6
45.689,234.0,1765.0
45.719,234.0,1766.9
45.758,236.0,1769.5
45.800,237.0,1772.2
45.837,240.0,1774.7
45.878,240.0,1777.4
45.916,241.0,1780.0
45.963,242.0,1783.1
46.001,243.0,1785.7
46.041,245.0,1788.4
46.080,245.0,1791.0
46.120,246.0,1793.8
46.161,247.0,1796.6
46.198,248.0,1799.1
46.237,250.0,1801.8
46.281,250.0,1804.9
46.317,251.0,1807.4
46.355,252.0,1810.0
46.395,254.0,1812.8
46.435,256.0,1815.7
46.475,256.0,1818.5
46.516,257.0,1821.4
46.555,257.0,1824.2
46.600,258.0,1827.4
46.638,259.0,1830.2
46.674,259.0,1832.8
46.715,260.0,1835.7
46.755,260.0,1838.6
46.836,262.0,1844.5
46.875,262.0,1847.3
46.921,262.0,1850.7
46.960,263.0,1853.5
46.995,263.0,1856.1
47.036,264.0,1859.1
47.075,264.0,1861.9
47.114,264.0,1864.8
47.155,264.0,1867.8
47.194,264.0,1870.6
47.239,264.0,1873.9
47.276,264.0,1876.7
47.319,264.0,1879.8
47.358,264.0,1882.7
47.399,265.0,1885.7
47.437,266.0,1888.5
47.481,266.0,1891.7
47.517,266.0,1894.4
47.564,266.0,1897.9
47.595,267.0,1900.2
47.635,267.0,1903.1
47.674,267.0,1906.0
47.715,267.0,1909.1
47.754,267.0,1912.0
47.794,267.0,1914.9
47.835,268.0,1918.0
47.876,268.0,1921.0
47.915,268.0,1923.9
47.954,267.0,1926.8
47.997,267.0,1930.0
48.035,267.0,1932.8
48.076,267.0,1935.9
48.115,267.0,1938.8
48.155,268.0,1941.7
48.217,268.0,1946.4
48.241,269.0,1948.1
48.275,269.0,1950.7
48.322,269.0,1954.2
48.359,269.0,1957.0
48.397,269.0,1959.8
48.438,269.0,1962.9
48.476,270.0,1965.7
48.514,270.0,1968.6
48.556,270.0,1971.7
48.595,270.0,1974.6
48.633,270.0,1977.5
48.675,272.0,1980.6
48.714,272.0,1983.6
48.753,272.0,1986.5
48.794,272.0,1989.6
48.832,273.0,1992.5
48.874,273.0,1995.7
48.914,273.0,1998.7
48.952,273.0,2001.6
48.993,274.0,2004.7
49.033,275.0,2007.8
49.073,274.0,2010.8
49.113,274.0,2013.9
49.154,274.0,2017.0
49.195,275.0,2020.1
49.233,276.0,2023.0
49.273,278.0,2026.1
49.314,278.0,2029.3
49.353,279.0,2032.3
49.394,279.0,2035.5
49.432,279.0,2038.4
49.484,279.0,2042.4
49.513,279.0,2044.7
49.554,279.0,2047.9
49.595,280.0,2051.1
49.633,280.0,2054.0
49.676,280.0,2057.4
49.714,279.0,2060.3
49.755,278.0,2063.5
49.796,278.0,2066.6
49.833,276.0,2069.5
49.875,275.0,2072.7
49.914,275.0,2075.7
49.954,274.0,2078.7
49.994,273.0,2081.8
50.034,270.0,2084.8
50.084,268.0,2088.5
50.114,268.0,2090.8
50.153,267.0,2093.7
50.194,265.0,2096.7
50.235,262.0,2099.7
50.274,261.0,2102.5
50.318,261.0,2105.7
50.370,259.0,2109.5
50.400,257.0,2111.6
50.434,253.0,2114.0
50.476,251.0,2117.0
50.517,251.0,2119.8
50.561,249.0,2122.9
50.596,247.0,2125.3
50.660,243.0,2129.6
50.685,241.0,2131.3
50.723,241.0,2133.9
50.760,239.0,2136.3
50.796,237.0,2138.7
50.837,236.0,2141.4
50.875,236.0,2143.9
50.919,235.0,2146.8
50.964,234.0,2149.7
51.001,233.0,2152.1
51.037,232.0,2154.4
51.163,230.0,2162.5
51.202,229.0,2165.0
51.239,227.0,2167.3
51.307,225.0,2171.6
51.339,225.0,2173.6
51.363,224.0,2175.1
51.397,224.0,2177.2
51.438,223.0,2179.8
51.477,223.0,2182.2
51.518,223.0,2184.7
51.558,221.0,2187.2
51.599,220.0,2189.7
51.644,218.0,2192.4
51.678,217.0,2194.5
51.718,217.0,2196.9
51.760,217.0,2199.4
51.800,215.0,2201.8
51.839,213.0,2204.2
51.878,212.0,2206.5
51.918,212.0,2208.8
51.961,211.0,2211.3
51.999,210.0,2213.6
52.043,207.0,2216.1
52.081,206.0,2218.3
52.118,206.0,2220.4
52.162,205.0,2222.9
52.201,204.0,2225.1
52.242,202.0,2227.4
52.295,200.0,2230.4
52.319,200.0,2231.7
52.359,199.0,2234.0
52.400,197.0,2236.2
52.438,196.0,2238.3
52.477,194.0,2240.4
52.514,194.0,2242.4
52.553,193.0,2244.5
52.594,192.0,2246.7
52.637,190.0,2249.0
52.674,189.0,2250.9
52.713,188.0,2253.0
52.755,188.0,2255.1
52.795,186.0,2257.2
52.833,184.0,2259.2
52.875,183.0,2261.3
52.914,183.0,2263.3
52.962,182.0,2265.7
52.994,181.0,2267.3
53.033,179.0,2269.3
53.072,178.0,2271.2
53.115,178.0,2273.4
53.156,178.0,2275.4
53.195,177.0,2277.3
53.232,175.0,2279.1
53.276,175.0,2281.3
53.321,174.0,2283.4
53.354,174.0,2285.0
53.394,174.0,2287.0
53.433,174.0,2288.9
53.474,174.0,2290.8
53.515,174.0,2292.8
53.553,174.0,2294.7
53.594,174.0,2296.6
53.645,174.0,2299.1
53.675,174.0,2300.5
53.719,174.0,2302.7
53.754,174.0,2304.4
53.796,174.0,2306.4
53.834,175.0,2308.2
53.872,175.0,2310.1
53.914,176.0,2312.1
53.952,176.0,2314.0
53.996,176.0,2316.1
54.033,176.0,2317.9
54.073,177.0,2319.9
54.115,177.0,2322.0
54.155,177.0,2323.9
54.194,177.0,2325.9
54.243,178.0,2328.3
54.277,178.0,2330.0
54.317,178.0,2331.9
54.358,179.0,2334.0
54.396,179.0,2335.9
54.436,180.0,2337.9
54.475,180.0,2339.8
54.516,180.0,2341.9
54.558,180.0,2344.0
54.602,180.0,2346.2
54.636,183.0,2347.9
54.675,184.0,2349.9
54.717,184.0,2352.0
54.757,184.0,2354.0
54.794,185.0,2355.9
54.838,186.0,2358.2
54.881,187.0,2360.4
54.922,187.0,2362.6
54.958,187.0,2364.4
54.996,188.0,2366.4
55.037,189.0,2368.6
55.079,189.0,2370.8
55.118,189.0,2372.8
55.164,189.0,2375.2
55.200,189.0,2377.1
55.237,190.0,2379.1
55.274,190.0,2381.0
55.324,190.0,2383.7
55.356,190.0,2385.3
55.398,190.0,2387.6
55.437,190.0,2389.6
55.476,190.0,2391.7
55.517,191.0,2393.9
55.556,191.0,2395.9
55.598,191.0,2398.1
55.638,192.0,2400.3
55.678,192.0,2402.4
55.730,192.0,2405.2
55.761,193.0,2406.8
55.800,193.0,2408.9
55.849,194.0,2411.6
55.887,194.0,2413.6
55.918,195.0,2415.3
55.958,195.0,2417.5
56.002,195.0,2419.8
56.042,195.0,2422.0
56.083,195.0,2424.2
56.121,196.0,2426.3
56.165,196.0,2428.7
56.205,197.0,2430.9
56.246,199.0,2433.1
56.284,199.0,2435.2
56.324,199.0,2437.4
56.355,199.0,2439.1
56.395,200.0,2441.4
56.434,201.0,2443.5
56.473,201.0,2445.7
56.513,201.0,2447.9
56.593,202.0,2452.4
56.635,203.0,2454.8
56.672,203.0,2456.9
56.713,203.0,2459.2
56.753,204.0,2461.4
56.793,205.0,2463.7
56.833,205.0,2466.0
56.873,206.0,2468.3
56.913,206.0,2470.6
56.954,206.0,2472.9
56.993,207.0,2475.2
57.034,208.0,2477.5
57.072,208.0,2479.7
57.114,209.0,2482.1
57.153,209.0,2484.4
57.193,210.0,2486.7
57.233,211.0,2489.1
57.274,211.0,2491.5
57.324,212.0,2494.4
57.357,212.0,2496.4
57.393,213.0,2498.5
57.433,215.0,2500.9
57.474,215.0,2503.3
57.513,215.0,2505.6
57.553,216.0,2508.0
57.593,217.0,2510.4
57.635,217.0,2513.0
57.675,217.0,2515.4
57.714,218.0,2517.7
57.753,219.0,2520.1
57.794,220.0,2522.6
57.873,222.0,2527.5
57.918,222.0,2530.2
57.958,222.0,2532.7
57.993,223.0,2534.9
58.032,225.0,2537.3
58.072,225.0,2539.8
58.114,226.0,2542.4
58.155,226.0,2545.0
58.196,226.0,2547.6
58.239,226.0,2550.3
58.274,226.0,2552.5
58.357,228.0,2557.7
58.395,228.0,2560.1
58.440,229.0,2563.0
58.475,229.0,2565.2
58.515,230.0,2567.7
58.554,230.0,2570.2
58.649,232.0,2576.3
58.677,232.0,2578.1
58.717,232.0,2580.7
58.754,233.0,2583.1
58.795,233.0,2585.7
58.839,233.0,2588.6
58.877,233.0,2591.1
58.915,233.0,2593.5
58.956,233.0,2596.2
59.003,233.0,2599.2
59.039,234.0,2601.5
59.074,234.0,2603.8
59.118,234.0,2606.7
59.158,234.0,2609.3
59.197,234.0,2611.8
59.234,234.0,2614.2
59.276,234.0,2616.9
59.316,234.0,2619.5
59.363,235.0,2622.6
59.403,235.0,2625.2
59.440,235.0,2627.6
59.485,235.0,2630.6
59.530,235.0,2633.5
59.564,235.0,2635.7
59.617,235.0,2639.2
59.655,236.0,2641.7
59.689,237.0,2643.9
59.724,237.0,2646.2
59.754,237.0,2648.2
59.795,238.0,2650.9
59.834,240.0,2653.5
59.874,240.0,2656.2
59.914,241.0,2658.8
59.954,241.0,2661.5
60.035,242.0,2666.9
60.078,243.0,2669.8
60.117,243.0,2672.5
60.155,243.0,2675.0
60.194,244.0,2677.7
60.234,245.0,2680.4
60.275,245.0,2683.2
60.315,245.0,2685.9
60.355,246.0,2688.6
60.395,247.0,2691.4
60.434,248.0,2694.0
60.475,248.0,2696.9
60.515,248.0,2699.6
60.554,248.0,2702.3
60.594,249.0,2705.1
60.636,250.0,2708.0
60.674,251.0,2710.6
60.834,252.0,2721.8
60.875,253.0,2724.7
60.915,253.0,2727.5
60.954,253.0,2730.2
60.997,254.0,2733.3
61.035,255.0,2735.9
61.075,255.0,2738.8
61.114,255.0,2741.5
61.155,255.0,2744.4
61.201,256.0,2747.7
61.234,257.0,2750.1
61.275,258.0,2753.0
61.314,258.0,2755.8
61.355,258.0,2758.7
61.395,258.0,2761.6
61.434,259.0,2764.4
61.475,260.0,2767.4
61.514,260.0,2770.2
61.556,260.0,2773.2
61.636,262.0,2779.0
61.676,262.0,2781.9
61.714,262.0,2784.7
61.755,263.0,2787.7
61.796,263.0,2790.7
61.835,264.0,2793.5
61.875,265.0,2796.5
61.919,265.0,2799.7
61.955,265.0,2802.3
61.995,266.0,2805.3
62.035,266.0,2808.2
62.075,266.0,2811.2
62.114,267.0,2814.1
62.207,267.0,2821.0
62.233,268.0,2822.9
62.257,269.0,2824.7
62.281,269.0,2826.5
62.315,269.0,2829.0
62.354,270.0,2832.0
62.396,270.0,2835.1
62.435,271.0,2838.0
62.475,271.0,2841.1
62.515,271.0,2844.1
62.564,272.0,2847.8
62.598,272.0,2850.3
62.636,273.0,2853.2
62.677,273.0,2856.3
62.717,273.0,2859.4
62.757,274.0,2862.4
62.797,274.0,2865.4
62.834,275.0,2868.3
62.874,276.0,2871.3
62.914,276.0,2874.4
62.954,276.0,2877.5
62.996,277.0,2880.7
63.035,277.0,2883.7
63.074,278.0,2886.7
63.155,279.0,2892.9
63.196,279.0,2896.1
63.234,280.0,2899.1
63.275,280.0,2902.3
63.316,280.0,2905.5
63.355,281.0,2908.5
63.395,282.0,2911.6
63.435,283.0,2914.8
63.475,283.0,2917.9
63.515,283.0,2921.0
63.556,283.0,2924.3
63.595,283.0,2927.3
63.640,286.0,2930.9
63.679,287.0,2934.0
63.715,287.0,2936.9
63.755,287.0,2940.1
63.794,288.0,2943.2
63.834,289.0,2946.4
63.875,290.0,2949.7
63.914,290.0,2952.8
63.953,291.0,2956.0
63.995,290.0,2959.4
64.035,290.0,2962.6
64.076,289.0,2965.9
64.114,289.0,2968.9
64.154,289.0,2972.1
64.194,290.0,2975.3
64.235,291.0,2978.7
64.274,291.0,2981.8
64.313,291.0,2985.0
64.355,291.0,2988.4
64.435,292.0,2994.8
64.475,293.0,2998.1
64.515,293.0,3001.3
64.555,294.0,3004.6
64.594,295.0,3007.8
64.635,296.0,3011.2
64.675,297.0,3014.5
64.716,298.0,3017.8
64.757,298.0,3021.2
64.795,298.0,3024.4
64.835,298.0,3027.7
64.923,298.0,3035.0
64.943,298.0,3036.6
64.971,298.0,3038.9
64.996,299.0,3041.0
65.035,300.0,3044.3
65.074,300.0,3047.5
65.114,300.0,3050.9
65.154,300.0,3054.2
65.194,300.0,3057.5
65.235,301.0,3060.9
65.278,301.0,3064.5
65.318,301.0,3067.9
65.355,302.0,3071.0
65.397,303.0,3074.5
65.437,304.0,3077.9
65.475,305.0,3081.1
65.517,305.0,3084.7
65.557,305.0,3088.0
65.606,305.0,3092.2
65.637,305.0,3094.8
65.678,306.0,3098.3
65.717,307.0,3101.6
65.756,307.0,3104.9
65.797,308.0,3108.4
65.838,308.0,3112.0
65.877,308.0,3115.3
65.916,308.0,3118.6
65.958,309.0,3122.2
65.997,310.0,3125.6
66.037,310.0,3129.0
66.076,310.0,3132.4
66.117,311.0,3135.9
66.158,311.0,3139.5
66.196,312.0,3142.7
66.239,313.0,3146.5
66.277,313.0,3149.8
66.321,314.0,3153.6
66.357,314.0,3156.8
66.395,315.0,3160.1
66.435,316.0,3163.6
66.473,316.0,3166.9
66.515,316.0,3170.6
66.561,315.0,3174.6
66.594,314.0,3177.5
66.634,313.0,3181.0
66.675,312.0,3184.6
66.715,312.0,3188.0
66.754,312.0,3191.4
66.796,311.0,3195.0
66.840,308.0,3198.8
66.876,308.0,3201.9
66.914,307.0,3205.2
66.955,307.0,3208.6
66.994,306.0,3212.0
67.035,303.0,3215.4
67.075,303.0,3218.8
67.114,302.0,3222.1
67.159,300.0,3225.8
67.199,299.0,3229.2
67.235,296.0,3232.1
67.274,296.0,3235.4
67.316,295.0,3238.8
67.355,294.0,3242.0
67.394,293.0,3245.2
67.439,290.0,3248.8
67.474,290.0,3251.6
67.514,288.0,3254.8
67.554,288.0,3258.0
67.594,287.0,3261.2
67.635,286.0,3264.5
67.675,285.0,3267.7
67.715,285.0,3270.8
67.755,284.0,3274.0
67.797,284.0,3277.3
67.840,284.0,3280.7
67.875,284.0,3283.5
67.915,283.0,3286.6
67.955,283.0,3289.8
67.995,282.0,3292.9
68.035,281.0,3296.0
68.075,281.0,3299.1
68.114,281.0,3302.2
68.155,280.0,3305.4
68.197,280.0,3308.7
68.238,280.0,3311.8
68.277,280.0,3314.9
68.316,280.0,3317.9
68.357,279.0,3321.1
68.396,279.0,3324.1
68.437,279.0,3327.3
68.479,279.0,3330.5
68.515,278.0,3333.3
68.555,277.0,3336.4
68.596,275.0,3339.6
68.636,272.0,3342.6
68.755,269.0,3351.5
68.825,267.0,3356.8
68.850,265.0,3358.6
68.878,265.0,3360.7
68.916,264.0,3363.5
68.955,262.0,3366.3
68.995,259.0,3369.2
69.035,256.0,3372.1
69.075,256.0,3374.9
69.116,254.0,3377.8
69.158,253.0,3380.8
69.196,252.0,3383.4
69.236,248.0,3386.2
69.275,248.0,3388.9
69.314,246.0,3391.6
69.355,244.0,3394.4
69.395,243.0,3397.1
69.436,240.0,3399.8
69.476,240.0,3402.5
69.515,238.0,3405.1
69.562,237.0,3408.2
69.596,235.0,3410.4
69.636,232.0,3413.0
69.674,231.0,3415.4
69.714,230.0,3418.0
69.755,230.0,3420.6
69.794,229.0,3423.1
69.840,226.0,3426.0
69.875,225.0,3428.2
69.914,225.0,3430.6
69.955,224.0,3433.2
69.995,223.0,3435.7
70.075,220.0,3440.6
70.119,218.0,3443.3
70.158,218.0,3445.6
70.195,217.0,3447.9
70.236,215.0,3450.3
70.277,213.0,3452.8
70.318,213.0,3455.2
70.357,212.0,3457.5
70.397,211.0,3459.9
70.440,209.0,3462.4
70.478,208.0,3464.6
70.517,208.0,3466.8
70.557,207.0,3469.1
70.597,207.0,3471.4
70.638,206.0,3473.8
70.676,206.0,3475.9
70.715,206.0,3478.2
70.762,206.0,3480.9
70.798,206.0,3482.9
70.837,206.0,3485.2
70.876,206.0,3487.4
70.916,206.0,3489.7
70.959,206.0,3492.1
70.997,206.0,3494.3
71.080,207.0,3499.1
71.122,207.0,3501.5
71.197,207.0,3505.8
71.235,208.0,3508.0
71.275,208.0,3510.3
71.316,208.0,3512.7
71.356,208.0,3515.0
71.396,208.0,3517.3
71.436,208.0,3519.6
71.476,208.0,3521.9
71.517,208.0,3524.3
71.555,208.0,3526.5
71.597,208.0,3528.9
71.635,208.0,3531.1
71.675,208.0,3533.4
71.715,208.0,3535.7
71.756,208.0,3538.1
71.795,207.0,3540.3
71.839,207.0,3542.9
71.876,208.0,3545.0
71.922,208.0,3547.7
71.956,207.0,3549.6
71.995,207.0,3551.9
72.034,207.0,3554.1
72.076,207.0,3556.5
72.115,207.0,3558.8
72.156,207.0,3561.1
72.195,207.0,3563.4
72.240,207.0,3566.0
72.281,207.0,3568.3
72.313,207.0,3570.2
72.354,206.0,3572.5
72.394,206.0,3574.8
72.435,206.0,3577.1
72.475,207.0,3579.4
72.519,207.0,3582.0
72.559,206.0,3584.3
72.595,207.0,3586.3
72.634,207.0,3588.6
72.755,208.0,3595.5
72.794,209.0,3597.8
72.837,210.0,3600.3
72.876,210.0,3602.6
72.915,210.0,3604.9
72.955,211.0,3607.2
72.993,212.0,3609.4
73.037,213.0,3612.0
73.079,213.0,3614.5
73.118,213.0,3616.8
73.164,214.0,3619.5
73.204,214.0,3621.9
73.236,217.0,3623.8
73.277,217.0,3626.3
73.317,218.0,3628.7
73.358,218.0,3631.2
73.399,219.0,3633.7
73.439,220.0,3636.1
73.479,221.0,3638.6
73.557,222.0,3643.4
73.597,223.0,3645.9
73.637,223.0,3648.3
73.721,224.0,3653.5
73.764,224.0,3656.2
73.797,225.0,3658.3
74.035,228.0,3673.3
74.075,228.0,3675.8
74.115,228.0,3678.3
74.155,227.0,3680.8
74.202,226.0,3683.8
74.243,223.0,3686.4
74.356,219.0,3693.3
74.395,218.0,3695.7
74.740,215.0,3716.4
74.768,214.0,3718.1
74.785,203.0,3719.1
74.828,200.0,3721.5
74.873,200.0,3724.0
74.919,198.0,3726.5
74.951,197.0,3728.3
74.994,195.0,3730.6
75.033,192.0,3732.7
75.071,191.0,3734.7
75.113,191.0,3737.0
75.152,190.0,3739.0
75.202,189.0,3741.7
75.237,186.0,3743.5
75.276,184.0,3745.5
75.314,184.0,3747.4
75.356,183.0,3749.6
75.394,182.0,3751.5
75.437,179.0,3753.6
75.474,177.0,3755.5
75.516,177.0,3757.5
75.564,175.0,3759.9
75.597,174.0,3761.5
75.633,170.0,3763.2
75.673,168.0,3765.1
75.715,168.0,3767.0
75.755,166.0,3768.9
75.795,165.0,3770.7
75.835,161.0,3772.6
75.877,159.0,3774.4
75.919,159.0,3776.3
75.958,156.0,3778.0
76.000,155.0,3779.8
76.039,151.0,3781.5
76.078,150.0,3783.1
76.118,148.0,3784.7
76.157,148.0,3786.3
76.198,146.0,3788.0
76.243,142.0,3789.8
76.275,141.0,3791.1
76.315,141.0,3792.6
76.355,139.0,3794.2
76.395,137.0,3795.7
76.437,134.0,3797.3
76.475,132.0,3798.7
76.515,132.0,3800.2
76.555,132.0,3801.6
76.595,130.0,3803.1
76.637,127.0,3804.6
76.676,125.0,3806.0
76.715,125.0,3807.3
76.755,124.0,3808.7
76.795,123.0,3810.1
76.834,122.0,3811.4
76.875,120.0,3812.8
76.915,120.0,3814.1
76.956,119.0,3815.5
76.996,117.0,3816.8
77.036,116.0,3818.1
77.091,116.0,3819.9
77.120,116.0,3820.8
77.155,115.0,3821.9
77.197,115.0,3823.3
77.235,112.0,3824.4
77.275,111.0,3825.7
77.318,111.0,3827.0
77.354,110.0,3828.1
77.401,109.0,3829.5
77.442,108.0,3830.8
77.475,107.0,3831.8
77.515,107.0,3833.0
77.556,106.0,3834.2
77.594,104.0,3835.3
77.634,103.0,3836.4
77.676,101.0,3837.6
77.715,100.0,3838.7
77.754,100.0,3839.8
77.799,99.0,3841.0
77.837,98.0,3842.1
77.875,98.0,3843.1
77.914,98.0,3844.2
77.955,98.0,3845.3
77.996,97.0,3846.4
78.036,97.0,3847.5
78.081,96.0,3848.7
78.138,96.0,3850.2
78.173,96.0,3851.1
78.202,96.0,3851.9
78.240,97.0,3852.9
78.275,97.0,3853.9
78.314,97.0,3854.9
78.356,97.0,3856.1
78.395,97.0,3857.1
78.436,98.0,3858.2
78.476,99.0,3859.3
78.520,99.0,3860.5
78.555,99.0,3861.5
78.594,99.0,3862.6
78.634,100.0,3863.7
78.678,100.0,3864.9
78.715,100.0,3865.9
78.758,100.0,3867.1
78.796,100.0,3868.2
78.834,101.0,3869.2
78.875,101.0,3870.4
78.914,102.0,3871.5
78.957,102.0,3872.7
78.996,102.0,3873.8
79.048,103.0,3875.3
79.074,103.0,3876.0
79.123,103.0,3877.4
79.157,104.0,3878.4
79.195,104.0,3879.5
79.237,104.0,3880.7
79.276,104.0,3881.8
79.316,105.0,3883.0
79.357,105.0,3884.2
79.405,106.0,3885.6
79.437,106.0,3886.5
79.478,106.0,3887.7
79.517,106.0,3888.9
79.556,106.0,3890.0
79.596,106.0,3891.2
79.638,106.0,3892.5
79.678,106.0,3893.6
79.717,106.0,3894.8
79.765,106.0,3896.2
79.809,106.0,3897.5
79.836,106.0,3898.3
79.875,106.0,3899.4
79.915,106.0,3900.6
79.955,105.0,3901.8
79.995,105.0,3903.0
80.036,105.0,3904.1
80.076,105.0,3905.3
80.117,105.0,3906.5
80.155,105.0,3907.6
80.197,105.0,3908.8
80.237,105.0,3910.0
80.276,105.0,3911.1
80.318,106.0,3912.4
80.356,107.0,3913.5
80.398,107.0,3914.8
80.436,107.0,3915.9
80.479,107.0,3917.2
80.517,108.0,3918.3
80.564,109.0,3919.7
80.596,110.0,3920.7
80.636,112.0,3921.9
80.677,112.0,3923.2
80.716,112.0,3924.4
80.756,113.0,3925.7
80.797,113.0,3926.9
80.837,115.0,3928.2
80.884,116.0,3929.7
80.919,116.0,3930.8
80.955,117.0,3932.0
80.996,117.0,3933.3
81.037,119.0,3934.7
81.082,119.0,3936.2
81.121,120.0,3937.5
81.161,121.0,3938.8
81.203,122.0,3940.2
81.240,124.0,3941.5
81.276,124.0,3942.7
81.316,125.0,3944.1
81.355,125.0,3945.5
81.396,126.0,3946.9
81.436,127.0,3948.3
81.479,128.0,3949.8
81.519,130.0,3951.3
81.581,130.0,3953.5
81.634,131.0,3955.4
81.667,132.0,3956.6
81.693,132.0,3957.6
81.719,134.0,3958.5
81.759,135.0,3960.0
81.796,136.0,3961.4
81.835,138.0,3962.9
81.878,138.0,3964.6
81.917,138.0,3966.1
81.972,139.0,3968.2
82.000,141.0,3969.3
82.035,143.0,3970.6
82.076,143.0,3972.3
82.115,144.0,3973.8
82.157,146.0,3975.5
82.198,146.0,3977.2
82.237,148.0,3978.8
82.277,148.0,3980.4
82.324,149.0,3982.4
82.363,151.0,3984.0
82.396,152.0,3985.4
82.437,154.0,3987.1
82.476,154.0,3988.8
82.519,155.0,3990.6
82.555,156.0,3992.2
82.596,158.0,3994.0
82.642,160.0,3996.0
82.677,160.0,3997.6
82.715,161.0,3999.2
82.755,162.0,4001.0
82.798,163.0,4003.0
82.835,165.0,4004.7
82.875,166.0,4006.5
82.923,166.0,4008.7
82.958,168.0,4010.3
82.995,168.0,4012.1
83.037,169.0,4014.0
83.078,169.0,4016.0
83.117,169.0,4017.8
83.156,169.0,4019.6
83.197,170.0,4021.6
83.245,172.0,4023.8
83.277,173.0,4025.4
83.324,174.0,4027.6
83.359,174.0,4029.3
83.402,175.0,4031.4
83.442,179.0,4033.4
83.485,180.0,4035.5
83.516,180.0,4037.1
83.563,180.0,4039.4
83.597,182.0,4041.1
83.636,185.0,4043.1
83.677,186.0,4045.2
83.715,186.0,4047.2
83.758,187.0,4049.4
83.797,188.0,4051.5
83.837,191.0,4053.6
83.877,192.0,4055.7
83.924,192.0,4058.2
83.958,194.0,4060.0
83.998,194.0,4062.2
84.309,195.0,4079.0
84.334,196.0,4080.3
84.362,201.0,4081.9
84.396,202.0,4083.8
84.439,205.0,4086.2
84.478,205.0,4088.4
84.518,205.0,4090.7
84.557,206.0,4092.9
84.599,207.0,4095.3
84.636,208.0,4097.5
84.676,209.0,4099.8
84.718,209.0,4102.2
84.757,210.0,4104.5
84.797,211.0,4106.8
84.837,212.0,4109.2
84.878,213.0,4111.6
84.917,214.0,4113.9
84.958,214.0,4116.4
84.999,215.0,4118.8
85.036,215.0,4121.0
85.075,216.0,4123.3
85.117,216.0,4125.9
85.156,217.0,4128.2
85.198,218.0,4130.7
85.237,219.0,4133.1
85.281,220.0,4135.8
85.321,220.0,4138.2
85.360,220.0,4140.6
85.441,223.0,4145.6
85.482,223.0,4148.1
85.521,223.0,4150.6
85.557,224.0,4152.8
85.597,225.0,4155.3
85.641,226.0,4158.0
85.679,227.0,4160.4
85.715,228.0,4162.7
85.757,228.0,4165.4
85.797,228.0,4167.9
85.837,229.0,4170.4
85.877,230.0,4173.0
85.918,230.0,4175.6
85.956,231.0,4178.1
86.043,233.0,4183.7
86.076,233.0,4185.8
86.117,233.0,4188.4
86.158,234.0,4191.1
86.197,234.0,4193.6
86.236,236.0,4196.2
86.277,236.0,4198.9
86.319,237.0,4201.6
86.359,237.0,4204.3
86.396,238.0,4206.7
86.437,239.0,4209.4
86.477,240.0,4212.1
86.518,240.0,4214.8
86.557,240.0,4217.4
86.598,241.0,4220.2
86.683,242.0,4225.9
86.721,242.0,4228.4
86.759,243.0,4231.0
86.795,244.0,4233.4
86.836,246.0,4236.2
86.879,245.0,4239.1
86.917,245.0,4241.7
86.959,246.0,4244.6
86.998,247.0,4247.3
87.039,249.0,4250.1
87.078,250.0,4252.8
87.116,250.0,4255.4
87.158,250.0,4258.3
87.197,250.0,4261.0
87.237,252.0,4263.8
87.278,253.0,4266.7
87.318,253.0,4269.5
87.357,253.0,4272.3
87.399,254.0,4275.2
87.440,255.0,4278.1
87.480,255.0,4280.9
87.522,255.0,4283.9
87.556,256.0,4286.3
87.594,256.0,4289.0
87.636,258.0,4292.0
87.676,259.0,4294.9
87.719,259.0,4298.0
87.761,260.0,4301.0
87.796,261.0,4303.6
87.837,262.0,4306.5
87.878,262.0,4309.5
87.918,263.0,4312.4
87.955,263.0,4315.1
87.994,264.0,4318.0
88.038,264.0,4321.2
88.077,265.0,4324.1
88.118,265.0,4327.1
88.158,266.0,4330.1
88.195,266.0,4332.8
88.236,267.0,4335.8
88.278,268.0,4338.9
88.315,268.0,4341.7
88.354,268.0,4344.6
88.399,268.0,4348.0
88.438,269.0,4350.9
88.476,270.0,4353.7
88.522,270.0,4357.2
88.563,270.0,4360.2
88.602,270.0,4363.2
88.645,270.0,4366.4
88.679,270.0,4368.9
88.724,270.0,4372.3
88.754,271.0,4374.6
88.798,272.0,4377.9
88.838,273.0,4380.9
88.874,274.0,4383.6
88.913,274.0,4386.6
88.952,274.0,4389.6
88.994,274.0,4392.8
89.034,276.0,4395.8
89.236,278.0,4411.4
89.273,278.0,4414.2
89.312,278.0,4417.2
89.353,279.0,4420.4
89.394,279.0,4423.6
89.434,280.0,4426.7
89.473,280.0,4429.7
89.525,281.0,4433.8
89.554,281.0,4436.1
89.594,281.0,4439.2
89.633,283.0,4442.2
89.673,283.0,4445.4
89.714,284.0,4448.6
89.753,284.0,4451.7
89.794,285.0,4454.9
89.832,285.0,4457.9
89.873,286.0,4461.2
89.916,286.0,4464.6
89.957,286.0,4467.9
89.994,287.0,4470.8
90.034,288.0,4474.0
90.073,289.0,4477.1
90.113,289.0,4480.3
90.153,289.0,4483.5
90.196,290.0,4487.0
90.272,291.0,4493.1
90.313,291.0,4496.4
90.352,292.0,4499.6
90.393,293.0,4502.9
90.434,293.0,4506.3
90.521,293.0,4513.3
90.550,294.0,4515.7
90.576,294.0,4517.8
90.637,293.0,4522.8
90.675,292.0,4525.9
90.714,292.0,4529.1
90.756,291.0,4532.5
90.795,291.0,4535.6
90.834,289.0,4538.8
90.877,289.0,4542.2
90.918,288.0,4545.5
90.955,287.0,4548.4
90.994,286.0,4551.6
91.035,284.0,4554.8
91.080,283.0,4558.3
91.118,282.0,4561.3
91.161,281.0,4564.7
91.196,280.0,4567.4
91.234,278.0,4570.4
91.274,277.0,4573.4
91.315,277.0,4576.6
91.359,277.0,4580.0
91.399,275.0,4583.0
91.438,272.0,4586.0
91.481,272.0,4589.3
91.521,272.0,4592.3
91.555,271.0,4594.8
91.599,270.0,4598.2
91.640,268.0,4601.2
91.678,267.0,4604.0
91.719,267.0,4607.1
91.756,265.0,4609.8
91.796,263.0,4612.7
91.961,259.0,4624.7
92.005,258.0,4627.9
92.045,255.0,4630.7
92.080,254.0,4633.2
92.123,254.0,4636.2
92.155,253.0,4638.5
92.195,252.0,4641.3
92.238,250.0,4644.3
92.275,250.0,4646.9
92.314,248.0,4649.6
92.354,247.0,4652.3
92.394,246.0,4655.0
92.435,245.0,4657.8
92.474,245.0,4660.5
92.515,244.0,4663.3
92.559,243.0,4666.3
92.595,242.0,4668.7
92.634,241.0,4671.3
92.675,241.0,4674.0
92.714,241.0,4676.6
92.756,240.0,4679.5
92.795,240.0,4682.1
92.835,240.0,4684.7
92.879,240.0,4687.7
92.914,240.0,4690.0
92.956,240.0,4692.8
92.995,240.0,4695.4
93.035,240.0,4698.1
93.076,241.0,4700.8
93.116,241.0,4703.5
93.194,242.0,4708.7
93.234,242.0,4711.4
93.275,242.0,4714.1
93.315,242.0,4716.8
93.354,243.0,4719.5
93.407,243.0,4723.0
93.435,243.0,4724.9
93.474,244.0,4727.6
93.515,244.0,4730.3
93.555,244.0,4733.1
93.595,244.0,4735.8
93.896,245.0,4756.2
93.922,246.0,4758.0
93.946,246.0,4759.6
93.980,247.0,4762.0
94.007,247.0,4763.8
94.044,245.0,4766.3
94.087,244.0,4769.3
94.123,244.0,4771.7
94.156,243.0,4773.9
94.195,242.0,4776.6
94.273,240.0,4781.8
94.314,240.0,4784.5
94.377,240.0,4788.7
94.400,239.0,4790.2
94.435,238.0,4792.6
94.475,237.0,4795.2
94.514,237.0,4797.8
94.555,236.0,4800.5
94.595,235.0,4803.1
94.635,233.0,4805.7
94.714,230.0,4810.8
94.754,230.0,4813.3
94.794,229.0,4815.9
94.834,226.0,4818.4
94.913,223.0,4823.3
94.956,223.0,4826.0
95.002,222.0,4828.8
95.035,220.0,4830.8
95.074,218.0,4833.2
95.113,218.0,4835.6
95.155,216.0,4838.1
95.194,214.0,4840.4
95.233,212.0,4842.8
95.278,210.0,4845.4
95.318,210.0,4847.7
95.354,209.0,4849.8
95.393,207.0,4852.1
95.434,204.0,4854.4
95.474,203.0,4856.7
95.515,203.0,4859.0
95.595,199.0,4863.5
95.634,196.0,4865.6
95.675,194.0,4867.8
95.714,194.0,4869.9
95.754,192.0,4872.1
95.795,191.0,4874.2
95.835,188.0,4876.3
95.876,186.0,4878.5
95.919,186.0,4880.7
95.958,185.0,4882.7
95.997,183.0,4884.7
96.041,182.0,4886.9
96.076,181.0,4888.7
96.116,180.0,4890.7
96.162,180.0,4893.0
96.194,178.0,4894.6
96.234,177.0,4896.6
96.276,176.0,4898.6
96.314,176.0,4900.5
96.353,175.0,4902.4
96.394,175.0,4904.4
96.434,174.0,4906.3
96.473,174.0,4908.2
96.514,174.0,4910.2
96.558,173.0,4912.3
96.595,173.0,4914.1
96.634,173.0,4916.0
96.675,173.0,4917.9
96.715,173.0,4919.8
96.754,173.0,4921.7
96.795,173.0,4923.7
96.838,173.0,4925.8
96.878,173.0,4927.7
96.918,174.0,4929.6
96.954,174.0,4931.3
96.994,174.0,4933.3
97.035,175.0,4935.3
97.074,174.0,4937.2
97.114,174.0,4939.1
97.156,174.0,4941.1
97.194,175.0,4943.0
97.234,175.0,4944.9
97.274,176.0,4946.9
97.315,176.0,4948.9
97.355,176.0,4950.8
97.395,175.0,4952.8
97.435,176.0,4954.7
97.479,175.0,4956.9
97.515,176.0,4958.6
97.554,176.0,4960.5
97.595,176.0,4962.5
97.634,176.0,4964.4
97.675,176.0,4966.4
97.715,176.0,4968.4
97.757,176.0,4970.4
97.797,177.0,4972.4
97.834,177.0,4974.2
97.874,177.0,4976.2
97.915,177.0,4978.2
97.955,177.0,4980.2
97.998,177.0,4982.3
98.038,177.0,4984.3
98.077,176.0,4986.2
98.117,175.0,4988.1
98.156,175.0,4990.0
98.192,174.0,4991.8
98.234,171.0,4993.8
98.274,170.0,4995.7
98.312,170.0,4997.5
98.355,168.0,4999.5
98.394,167.0,5001.3
98.434,164.0,5003.1
98.473,162.0,5004.9
98.514,160.0,5006.7
98.554,160.0,5008.5
98.592,158.0,5010.2
98.633,155.0,5012.0
98.674,152.0,5013.7
98.717,152.0,5015.5
98.753,151.0,5017.1
98.794,149.0,5018.8
98.834,145.0,5020.4
98.873,144.0,5022.0
98.913,142.0,5023.5
98.953,142.0,5025.1
98.992,140.0,5026.7
99.034,137.0,5028.3
99.073,136.0,5029.7
99.113,136.0,5031.3
99.152,135.0,5032.7
99.194,134.0,5034.3
99.235,131.0,5035.8
99.273,130.0,5037.2
99.315,129.0,5038.7
99.355,129.0,5040.1
99.399,129.0,5041.7
99.433,128.0,5042.9
99.474,128.0,5044.4
99.514,128.0,5045.8
99.553,127.0,5047.2
99.592,127.0,5048.6
99.637,127.0,5050.1
99.675,127.0,5051.5
99.719,127.0,5053.0
99.755,127.0,5054.3
99.793,127.0,5055.6
99.832,128.0,5057.0
99.873,127.0,5058.5
99.913,127.0,5059.9
99.955,126.0,5061.4
99.996,126.0,5062.8
100.037,127.0,5064.2
100.075,128.0,5065.6
100.116,128.0,5067.0
100.155,128.0,5068.4
100.195,128.0,5069.9
100.235,127.0,5071.3
100.276,127.0,5072.7
100.317,128.0,5074.2
100.355,128.0,5075.5
100.395,128.0,5076.9
100.435,129.0,5078.4
100.475,128.0,5079.8
100.524,128.0,5081.5
100.555,128.0,5082.6
100.594,128.0,5084.0
100.638,128.0,5085.6
100.679,128.0,5087.0
100.715,129.0,5088.3
100.755,129.0,5089.8
100.795,129.0,5091.2
100.835,130.0,5092.6
100.875,130.0,5094.1
100.917,131.0,5095.6
100.966,131.0,5097.4
100.997,131.0,5098.5
101.037,130.0,5100.0
101.076,131.0,5101.4
101.119,131.0,5102.9
101.157,132.0,5104.3
101.199,132.0,5105.9
101.239,133.0,5107.3
101.279,133.0,5108.8
101.317,133.0,5110.2
101.357,134.0,5111.7
101.396,135.0,5113.2
101.435,136.0,5114.6
101.475,136.0,5116.1
101.521,136.0,5117.9
101.555,137.0,5119.2
101.595,137.0,5120.7
101.635,140.0,5122.2
101.674,140.0,5123.8
101.715,140.0,5125.3
101.756,141.0,5126.9
101.794,141.0,5128.4
101.834,141.0,5130.0
101.878,141.0,5131.7
101.915,139.0,5133.2
101.954,139.0,5134.7
101.994,138.0,5136.2
102.035,136.0,5137.8
102.074,135.0,5139.2
102.118,134.0,5140.9
102.155,134.0,5142.3
102.195,132.0,5143.7
102.235,129.0,5145.2
102.275,128.0,5146.6
102.314,128.0,5148.0
102.355,127.0,5149.5
102.395,125.0,5150.9
102.436,122.0,5152.3
102.476,121.0,5153.6
102.516,121.0,5155.0
102.555,120.0,5156.3
102.594,119.0,5157.6
102.633,116.0,5158.8
102.675,114.0,5160.2
102.716,114.0,5161.5
102.753,113.0,5162.6
102.797,112.0,5164.0
102.835,109.0,5165.2
102.876,109.0,5166.4
102.913,108.0,5167.5
102.954,106.0,5168.7
102.996,105.0,5170.0
103.034,102.0,5171.1
103.074,101.0,5172.2
103.116,100.0,5173.4
103.163,100.0,5174.7
103.245,99.0,5176.9
103.262,96.0,5177.4
103.279,95.0,5177.9
103.315,95.0,5178.8
103.355,94.0,5179.9
103.395,93.0,5180.9
103.438,92.0,5182.0
103.476,91.0,5183.0
103.515,91.0,5184.0
103.555,91.0,5185.0
103.595,90.0,5186.0
103.634,89.0,5186.9
103.675,89.0,5188.0
103.715,89.0,5188.9
103.754,88.0,5189.9
103.798,88.0,5191.0
103.835,87.0,5191.9
103.875,87.0,5192.8
103.914,87.0,5193.8
103.955,87.0,5194.8
103.994,86.0,5195.7
104.035,86.0,5196.7
104.075,85.0,5197.6
104.117,85.0,5198.6
104.156,85.0,5199.6
104.195,84.0,5200.5
104.237,84.0,5201.4
104.277,84.0,5202.4
104.320,84.0,5203.4
104.358,84.0,5204.3
104.402,84.0,5205.3
104.435,84.0,5206.1
104.473,83.0,5206.9
104.512,83.0,5207.8
104.554,83.0,5208.8
104.594,83.0,5209.7
104.633,84.0,5210.6
104.674,83.0,5211.6
104.713,83.0,5212.5
104.756,83.0,5213.5
104.794,83.0,5214.4
104.833,83.0,5215.3
104.872,83.0,5216.2
104.914,83.0,5217.1
104.954,83.0,5218.1
104.994,82.0,5219.0
105.032,82.0,5219.8
105.079,81.0,5220.9
105.113,81.0,5221.7
105.153,81.0,5222.6
105.193,81.0,5223.5
105.234,82.0,5224.4
105.274,82.0,5225.3
105.314,82.0,5226.2
105.355,82.0,5227.1
105.396,82.0,5228.1
105.440,83.0,5229.1
105.475,84.0,5229.9
105.514,84.0,5230.8
105.552,84.0,5231.7
105.593,85.0,5232.7
105.634,86.0,5233.6
105.672,87.0,5234.5
105.715,87.0,5235.6
105.754,87.0,5236.5
105.794,88.0,5237.5
105.834,89.0,5238.5
105.874,90.0,5239.5
105.912,90.0,5240.4
105.952,91.0,5241.4
105.993,92.0,5242.5
106.033,93.0,5243.5
106.074,93.0,5244.6
106.113,94.0,5245.6
106.156,94.0,5246.7
106.193,94.0,5247.7
106.236,95.0,5248.8
106.275,96.0,5249.8
106.315,96.0,5250.9
106.355,97.0,5252.0
106.395,97.0,5253.0
106.442,98.0,5254.3
106.482,98.0,5255.4
106.515,98.0,5256.3
106.555,98.0,5257.4
106.596,98.0,5258.5
106.636,97.0,5259.6
106.676,96.0,5260.7
106.715,96.0,5261.7
106.759,95.0,5262.9
106.796,95.0,5263.8
106.836,94.0,5264.9
106.874,93.0,5265.9
106.914,93.0,5266.9
106.956,92.0,5268.0
106.995,90.0,5269.0
107.037,89.0,5270.0
107.082,89.0,5271.1
107.119,89.0,5272.1
107.155,88.0,5272.9
107.196,88.0,5273.9
107.235,88.0,5274.9
107.275,88.0,5275.9
107.317,88.0,5276.9
107.357,87.0,5277.9
107.404,87.0,5279.0
107.441,87.0,5279.9
107.476,87.0,5280.7
107.516,87.0,5281.7
107.556,88.0,5282.7
107.595,89.0,5283.6
107.638,90.0,5284.7
107.678,90.0,5285.7
107.719,91.0,5286.7
107.761,91.0,5287.8
107.801,92.0,5288.8
107.844,93.0,5289.9
107.878,94.0,5290.8
107.917,94.0,5291.8
107.960,94.0,5293.0
108.007,95.0,5294.2
108.039,96.0,5295.0
108.073,97.0,5295.9
108.115,97.0,5297.1
108.153,98.0,5298.1
108.197,98.0,5299.3
108.232,99.0,5300.3
108.274,99.0,5301.4
108.314,100.0,5302.5
108.354,101.0,5303.6
108.395,102.0,5304.8
108.433,104.0,5305.9
108.479,104.0,5307.2
108.522,104.0,5308.5
108.553,105.0,5309.4
108.594,106.0,5310.6
108.634,108.0,5311.7
108.672,108.0,5312.9
108.713,109.0,5314.1
108.752,111.0,5315.3
108.795,111.0,5316.6
108.835,114.0,5317.9
108.873,114.0,5319.1
108.913,115.0,5320.4
108.954,116.0,5321.7
108.993,117.0,5322.9
109.034,119.0,5324.3
109.084,119.0,5325.9
109.117,121.0,5327.0
109.154,122.0,5328.3
109.194,123.0,5329.6
109.233,125.0,5331.0
109.272,126.0,5332.4
109.313,127.0,5333.8
109.353,127.0,5335.2
109.393,129.0,5336.6
109.435,131.0,5338.1
109.473,131.0,5339.5
109.513,132.0,5341.0
109.553,133.0,5342.5
109.595,134.0,5344.0
109.634,137.0,5345.5
109.673,137.0,5347.0
109.720,138.0,5348.8
109.753,139.0,5350.0
109.793,139.0,5351.6
109.835,141.0,5353.2
109.876,141.0,5354.8
109.914,142.0,5356.3
109.956,144.0,5358.0
110.000,145.0,5359.7
110.046,147.0,5361.6
110.075,147.0,5362.8
110.116,149.0,5364.5
110.155,150.0,5366.1
110.197,151.0,5367.9
110.237,153.0,5369.5
110.275,154.0,5371.2
110.323,154.0,5373.2
110.359,156.0,5374.8
110.395,157.0,5376.3
110.436,158.0,5378.1
110.476,159.0,5379.9
110.517,159.0,5381.7
110.556,160.0,5383.4
110.598,162.0,5385.3
110.636,164.0,5387.0
110.684,164.0,5389.2
110.718,166.0,5390.8
110.756,166.0,5392.5
110.795,168.0,5394.3
110.836,171.0,5396.3
110.880,172.0,5398.4
110.917,172.0,5400.1
110.956,174.0,5402.0
110.998,175.0,5404.0
111.036,178.0,5405.9
111.083,180.0,5408.2
111.117,180.0,5409.9
111.155,181.0,5411.8
111.194,183.0,5413.8
111.236,186.0,5416.0
111.290,188.0,5418.8
111.337,188.0,5421.2
111.376,190.0,5423.3
111.411,191.0,5425.1
111.442,194.0,5426.8
111.476,196.0,5428.6
111.515,196.0,5430.7
111.554,197.0,5432.9
111.594,199.0,5435.1
111.638,202.0,5437.5
111.676,203.0,5439.7
111.714,203.0,5441.8
111.757,205.0,5444.2
111.794,206.0,5446.4
111.835,209.0,5448.7
111.874,210.0,5451.0
111.914,210.0,5453.3
111.957,212.0,5455.8
111.994,213.0,5458.0
112.045,216.0,5461.1
112.074,217.0,5462.8
112.115,217.0,5465.3
112.155,218.0,5467.7
112.198,219.0,5470.3
112.235,222.0,5472.6
112.275,223.0,5475.0
112.323,225.0,5478.0
112.358,225.0,5480.2
112.395,226.0,5482.5
112.434,229.0,5485.0
112.475,230.0,5487.6
112.516,231.0,5490.2
112.554,231.0,5492.7
112.594,232.0,5495.2
112.635,234.0,5497.9
112.676,235.0,5500.6
112.716,235.0,5503.2
112.763,237.0,5506.3
112.794,238.0,5508.3
112.837,240.0,5511.2
112.874,242.0,5513.6
112.914,243.0,5516.3
112.957,243.0,5519.2
112.997,244.0,5521.9
113.038,245.0,5524.7
113.074,246.0,5527.2
113.114,246.0,5529.9
113.155,248.0,5532.7
113.196,249.0,5535.6
113.237,250.0,5538.4
113.283,251.0,5541.6
113.325,251.0,5544.5
113.361,253.0,5547.1
113.402,254.0,5549.9
113.440,257.0,5552.6
113.475,257.0,5555.1
113.515,257.0,5558.0
113.555,259.0,5560.9
113.596,260.0,5563.8
113.638,261.0,5566.9
113.679,262.0,5569.8
113.717,262.0,5572.6
113.758,263.0,5575.6
113.795,264.0,5578.3
113.837,266.0,5581.4
113.877,266.0,5584.3
113.916,268.0,5587.2
113.955,268.0,5590.1
113.996,269.0,5593.2
114.035,272.0,5596.1
114.078,273.0,5599.4
114.122,273.0,5602.7
114.156,274.0,5605.3
114.197,274.0,5608.4
114.236,275.0,5611.4
114.275,277.0,5614.4
114.317,278.0,5617.6
114.357,278.0,5620.7
114.396,279.0,5623.7
114.437,280.0,5626.9
114.475,280.0,5629.9
114.522,280.0,5633.5
114.564,279.0,5636.8
114.595,278.0,5639.2
114.635,279.0,5642.3
114.674,278.0,5645.3
114.716,278.0,5648.5
114.755,277.0,5651.5
114.796,276.0,5654.7
114.843,275.0,5658.3
114.875,274.0,5660.7
114.915,274.0,5663.8
114.954,273.0,5666.7
114.995,272.0,5669.8
115.038,270.0,5673.1
115.074,269.0,5675.8
115.115,268.0,5678.8
115.154,268.0,5681.7
115.195,266.0,5684.8
115.234,263.0,5687.6
115.277,262.0,5690.8
115.321,261.0,5694.0
115.358,261.0,5696.7
115.403,260.0,5699.9
115.450,256.0,5703.3
115.480,255.0,5705.4
115.517,255.0,5708.0
115.559,254.0,5711.0
115.597,253.0,5713.7
115.638,249.0,5716.5
115.678,248.0,5719.3
115.717,248.0,5722.0
115.763,246.0,5725.1
115.803,245.0,5727.9
115.837,242.0,5730.2
115.877,241.0,5732.8
115.920,241.0,5735.7
115.962,240.0,5738.5
116.002,238.0,5741.2
116.040,236.0,5743.7
116.085,235.0,5746.6
116.119,235.0,5748.8
116.156,234.0,5751.3
116.198,233.0,5754.0
116.236,231.0,5756.4
116.278,229.0,5759.1
116.317,229.0,5761.6
116.356,228.0,5764.1
116.395,227.0,5766.5
116.437,224.0,5769.2
116.485,222.0,5772.1
116.517,222.0,5774.1
116.596,219.0,5779.0
116.637,218.0,5781.4
116.676,217.0,5783.8
116.716,217.0,5786.2
116.762,217.0,5789.0
116.797,216.0,5791.1
116.836,215.0,5793.4
116.874,215.0,5795.7
116.915,214.0,5798.1
116.957,214.0,5800.6
116.995,214.0,5802.9
117.045,213.0,5805.9
117.084,211.0,5808.2
117.114,210.0,5809.9
117.156,210.0,5812.4
117.195,209.0,5814.6
117.235,207.0,5816.9
117.277,207.0,5819.4
117.317,206.0,5821.6
117.364,204.0,5824.3
117.398,203.0,5826.2
117.556,200.0,5835.1
117.596,200.0,5837.3
117.635,197.0,5839.5
117.677,196.0,5841.8
117.715,196.0,5843.8
117.762,195.0,5846.4
117.796,194.0,5848.2
117.836,192.0,5850.4
117.876,192.0,5852.5
117.920,191.0,5854.8
117.958,190.0,5856.8
118.004,189.0,5859.3
118.039,187.0,5861.1
118.084,186.0,5863.4
118.124,185.0,5865.5
118.159,185.0,5867.3
118.201,184.0,5869.4
118.239,182.0,5871.4
118.278,181.0,5873.3
118.323,181.0,5875.6
118.357,180.0,5877.3
118.401,179.0,5879.5
118.438,178.0,5881.3
118.478,177.0,5883.3
118.523,176.0,5885.5
118.563,175.0,5887.5
118.600,174.0,5889.2
118.641,172.0,5891.2
118.683,170.0,5893.2
118.723,170.0,5895.1
118.759,170.0,5896.8
118.797,169.0,5898.6
118.837,168.0,5900.5
118.877,167.0,5902.3
118.915,167.0,5904.1
118.958,167.0,5906.1
118.996,166.0,5907.8
119.043,165.0,5910.0
119.085,166.0,5911.9
119.117,166.0,5913.4
119.158,166.0,5915.3
119.199,165.0,5917.2
119.235,165.0,5918.8
119.277,165.0,5920.8
119.320,165.0,5922.7
119.369,165.0,5925.0
119.400,166.0,5926.4
119.438,166.0,5928.2
119.477,165.0,5929.9
119.515,165.0,5931.7
119.558,166.0,5933.7
119.599,166.0,5935.6
119.639,167.0,5937.4
119.678,167.0,5939.2
119.720,167.0,5941.2
119.758,168.0,5942.9
119.796,168.0,5944.7
119.836,169.0,5946.6
119.875,169.0,5948.4
119.915,169.0,5950.3
119.956,170.0,5952.2
120.003,170.0,5954.4
120.040,170.0,5956.2
120.077,170.0,5957.9
120.117,170.0,5959.8
120.158,171.0,5961.8
120.198,171.0,5963.7
120.236,171.0,5965.5
120.277,171.0,5967.4
120.333,171.0,5970.1
120.363,172.0,5971.5
120.397,172.0,5973.1
120.447,173.0,5975.5
120.475,174.0,5976.9
120.521,174.0,5979.1
120.563,174.0,5981.1
120.600,174.0,5982.9
120.645,174.0,5985.1
120.686,175.0,5987.1
120.716,175.0,5988.5
120.755,175.0,5990.4
120.795,175.0,5992.4
120.837,177.0,5994.4
120.875,177.0,5996.3
120.918,177.0,5998.4
120.954,177.0,6000.2
120.998,178.0,6002.3
121.035,178.0,6004.2
121.073,178.0,6006.1
121.115,179.0,6008.1
121.154,179.0,6010.1
121.194,178.0,6012.1
121.233,179.0,6014.0
121.277,179.0,6016.2
121.316,179.0,6018.1
121.355,179.0,6020.1
121.393,179.0,6021.9
121.432,178.0,6023.9
121.473,178.0,6025.9
121.513,178.0,6027.9
121.554,179.0,6029.9
121.592,180.0,6031.8
121.647,181.0,6034.6
121.676,181.0,6036.0
121.714,181.0,6037.9
121.756,182.0,6040.1
121.793,183.0,6041.9
121.834,185.0,6044.0
121.872,185.0,6046.0
121.913,185.0,6048.1
121.954,186.0,6050.2
121.993,187.0,6052.2
122.034,187.0,6054.4
122.073,188.0,6056.4
122.112,189.0,6058.4
122.153,189.0,6060.6
122.195,189.0,6062.8
122.233,190.0,6064.8
122.280,191.0,6067.3
122.550,191.0,6081.6
122.575,191.0,6082.9
122.600,191.0,6084.2
122.634,188.0,6086.0
122.662,178.0,6087.5
122.700,176.0,6089.3
122.748,176.0,6091.7
122.785,175.0,6093.5
122.828,172.0,6095.6
122.866,172.0,6097.4
122.907,169.0,6099.3
122.954,169.0,6101.5
123.005,167.0,6103.9
123.030,163.0,6105.0
123.071,161.0,6106.9
123.112,161.0,6108.7
123.151,159.0,6110.5
123.192,158.0,6112.3
123.234,154.0,6114.1
123.273,152.0,6115.7
123.313,150.0,6117.4
123.353,150.0,6119.1
123.393,148.0,6120.7
123.433,145.0,6122.4
123.474,144.0,6124.0
123.515,144.0,6125.7
123.553,142.0,6127.2
123.596,140.0,6128.8
123.637,136.0,6130.4
123.676,135.0,6131.9
123.714,135.0,6133.3
123.753,133.0,6134.8
123.794,132.0,6136.3
123.836,129.0,6137.8
123.881,127.0,6139.4
123.917,126.0,6140.7
123.962,126.0,6142.2
124.003,125.0,6143.7
124.048,122.0,6145.2
124.085,121.0,6146.5
124.114,121.0,6147.4
124.154,120.0,6148.8
124.195,119.0,6150.1
124.235,117.0,6151.4
124.279,116.0,6152.9
124.323,115.0,6154.3
124.360,115.0,6155.5
124.395,114.0,6156.6
124.434,113.0,6157.8
124.474,113.0,6159.1
124.514,113.0,6160.3
124.554,112.0,6161.6
124.593,112.0,6162.8
124.637,111.0,6164.1
124.674,111.0,6165.3
124.714,111.0,6166.5
124.755,110.0,6167.8
124.794,110.0,6169.0
124.834,109.0,6170.2
124.873,108.0,6171.4
124.914,108.0,6172.6
124.956,108.0,6173.8
124.996,107.0,6175.0
125.035,106.0,6176.2
125.075,106.0,6177.4
125.113,106.0,6178.5
125.154,105.0,6179.7
125.195,105.0,6180.9
125.236,105.0,6182.1
125.274,105.0,6183.2
125.326,105.0,6184.7
125.358,105.0,6185.6
125.395,104.0,6186.7
125.434,103.0,6187.8
125.474,103.0,6189.0
125.514,103.0,6190.1
125.555,103.0,6191.3
125.595,103.0,6192.4
125.634,103.0,6193.6
125.676,104.0,6194.8
125.714,104.0,6195.9
125.754,104.0,6197.0
125.793,105.0,6198.2
125.834,105.0,6199.3
125.875,106.0,6200.5
125.914,106.0,6201.7
125.973,106.0,6203.4
126.006,106.0,6204.4
126.044,108.0,6205.5
126.082,108.0,6206.7
126.121,108.0,6207.8
126.155,109.0,6208.9
126.194,109.0,6210.1
126.235,111.0,6211.3
126.275,111.0,6212.5
126.314,111.0,6213.7
126.358,112.0,6215.1
126.394,113.0,6216.2
126.434,114.0,6217.5
126.475,115.0,6218.8
126.515,116.0,6220.1
126.555,116.0,6221.4
126.595,117.0,6222.7
126.636,118.0,6224.0
126.676,119.0,6225.3
126.714,120.0,6226.6
126.754,120.0,6227.9
126.796,121.0,6229.3
126.833,123.0,6230.6
126.875,124.0,6232.0
126.913,125.0,6233.3
126.959,125.0,6234.9
126.999,126.0,6236.3
127.034,128.0,6237.5
127.074,129.0,6239.0
127.115,129.0,6240.4
127.155,130.0,6241.9
127.195,131.0,6243.3
127.234,133.0,6244.8
127.275,134.0,6246.3
127.314,134.0,6247.7
127.355,135.0,6249.3
127.396,136.0,6250.8
127.434,138.0,6252.3
127.475,139.0,6253.8
127.514,139.0,6255.3
127.558,140.0,6257.0
127.596,141.0,6258.5
127.635,142.0,6260.1
127.675,143.0,6261.6
127.714,144.0,6263.2
127.755,144.0,6264.8
127.795,145.0,6266.4
127.834,146.0,6268.0
127.875,147.0,6269.7
127.916,147.0,6271.4
127.963,147.0,6273.3
127.997,147.0,6274.7
128.037,148.0,6276.3
128.076,149.0,6277.9
128.117,149.0,6279.6
128.155,149.0,6281.2
128.194,150.0,6282.8
128.238,150.0,6284.6
128.278,151.0,6286.3
128.314,151.0,6287.8
128.354,152.0,6289.5
128.393,153.0,6291.2
128.434,154.0,6292.9
128.475,155.0,6294.7
128.515,155.0,6296.4
128.555,156.0,6298.1
128.595,158.0,6299.9
128.635,159.0,6301.6
128.675,160.0,6303.4
128.714,160.0,6305.1
128.755,160.0,6307.0
128.795,161.0,6308.7
128.834,163.0,6310.5
128.876,164.0,6312.4
128.919,165.0,6314.4
128.959,165.0,6316.2
128.995,166.0,6317.9
129.034,168.0,6319.7
129.074,169.0,6321.5
129.114,169.0,6323.4
129.154,169.0,6325.3
129.194,170.0,6327.2
129.237,172.0,6329.2
129.279,173.0,6331.2
129.315,174.0,6333.0
129.354,174.0,6334.8
129.394,174.0,6336.8
129.435,175.0,6338.8
129.474,175.0,6340.7
129.514,174.0,6342.6
129.554,174.0,6344.5
129.598,173.0,6346.7
129.635,172.0,6348.4
129.675,171.0,6350.3
129.713,170.0,6352.1
129.755,170.0,6354.1
129.795,168.0,6356.0
129.835,168.0,6357.9
129.874,166.0,6359.7
129.918,164.0,6361.7
129.955,164.0,6363.4
129.995,162.0,6365.2
130.034,160.0,6366.9
130.073,159.0,6368.7
130.115,159.0,6370.5
130.156,157.0,6372.3
130.197,156.0,6374.1
130.239,154.0,6375.9
130.278,153.0,6377.6
130.319,152.0,6379.3
130.355,152.0,6380.8
130.395,151.0,6382.5
130.433,148.0,6384.1
130.475,147.0,6385.8
130.515,147.0,6387.4
130.555,146.0,6389.1
130.595,145.0,6390.7
130.635,142.0,6392.3
130.674,141.0,6393.8
130.716,141.0,6395.5
130.755,139.0,6397.0
130.795,138.0,6398.5
130.835,136.0,6400.0
130.877,134.0,6401.6
130.917,134.0,6403.1
130.955,132.0,6404.5
130.994,131.0,6405.9
131.034,128.0,6407.4
131.074,127.0,6408.8
131.115,127.0,6410.2
131.155,125.0,6411.6
131.197,124.0,6413.1
131.237,122.0,6414.4
131.275,120.0,6415.7
131.315,120.0,6417.1
131.355,119.0,6418.4
131.393,117.0,6419.6
131.435,115.0,6421.0
131.475,114.0,6422.3
131.516,113.0,6423.5
131.558,113.0,6424.9
131.597,112.0,6426.1
131.636,109.0,6427.3
131.675,107.0,6428.5
131.714,107.0,6429.6
131.755,106.0,6430.8
131.794,105.0,6432.0
131.835,103.0,6433.1
131.903,102.0,6435.1
131.928,102.0,6435.8
131.954,101.0,6436.5
131.995,100.0,6437.7
132.034,98.0,6438.7
132.075,97.0,6439.9
132.114,97.0,6440.9
132.155,97.0,6442.0
132.199,96.0,6443.2
132.239,95.0,6444.3
132.275,94.0,6445.2
132.315,94.0,6446.2
132.354,94.0,6447.3
132.398,93.0,6448.4
132.436,92.0,6449.4
132.476,92.0,6450.4
132.516,93.0,6451.4
132.560,93.0,6452.6
132.598,93.0,6453.5
132.634,93.0,6454.5
132.675,93.0,6455.5
132.715,93.0,6456.6
132.755,92.0,6457.6
132.794,92.0,6458.6
132.834,91.0,6459.6
132.877,91.0,6460.7
132.915,91.0,6461.7
132.953,91.0,6462.6
132.994,91.0,6463.7
133.036,91.0,6464.7
133.075,91.0,6465.7
133.115,91.0,6466.7
133.154,91.0,6467.7
133.198,91.0,6468.8
133.235,91.0,6469.7
133.273,91.0,6470.7
133.313,91.0,6471.7
133.355,91.0,6472.8
133.395,92.0,6473.8
133.435,93.0,6474.8
133.477,93.0,6475.9
133.517,93.0,6476.9
133.555,94.0,6477.9
133.594,93.0,6478.9
133.636,94.0,6480.0
133.675,94.0,6481.1
133.714,94.0,6482.1
133.756,95.0,6483.2
133.800,95.0,6484.3
133.841,95.0,6485.4
133.874,95.0,6486.3
133.914,95.0,6487.3
133.954,95.0,6488.4
133.995,95.0,6489.5
134.034,95.0,6490.5
134.075,95.0,6491.6
134.123,95.0,6492.9
134.157,95.0,6493.8
134.201,96.0,6494.9
134.234,97.0,6495.8
134.275,97.0,6496.9
134.315,98.0,6498.0
134.354,98.0,6499.1
134.395,98.0,6500.2
134.435,100.0,6501.3
134.480,101.0,6502.5
134.515,101.0,6503.5
134.556,102.0,6504.7
134.597,103.0,6505.8
134.637,104.0,6507.0
134.677,105.0,6508.1
134.717,105.0,6509.3
134.759,106.0,6510.5
134.799,107.0,6511.7
134.835,109.0,6512.8
134.875,110.0,6514.0
134.914,110.0,6515.2
134.955,112.0,6516.5
134.995,113.0,6517.7
135.035,115.0,6519.0
135.081,116.0,6520.5
135.117,116.0,6521.6
135.155,118.0,6522.9
135.194,119.0,6524.1
135.235,122.0,6525.5
135.275,123.0,6526.9
135.315,124.0,6528.3
135.356,124.0,6529.7
135.395,125.0,6531.0
135.440,128.0,6532.6
135.475,129.0,6533.8
135.514,129.0,6535.2
135.555,130.0,6536.7
135.594,132.0,6538.1
135.636,134.0,6539.7
135.675,135.0,6541.1
135.715,135.0,6542.6
135.755,136.0,6544.2
135.799,137.0,6545.8
135.839,140.0,6547.4
135.874,140.0,6548.7
135.913,142.0,6550.2
135.955,142.0,6551.9
135.994,144.0,6553.5
136.035,146.0,6555.1
136.075,147.0,6556.7
136.115,147.0,6558.4
136.155,148.0,6560.0
136.195,149.0,6561.7
136.235,152.0,6563.3
136.275,153.0,6565.0
136.315,154.0,6566.7
136.355,154.0,6568.4
136.395,155.0,6570.2
136.435,158.0,6571.9
136.475,159.0,6573.7
136.515,160.0,6575.4
136.554,160.0,6577.2
136.595,161.0,6579.0
136.636,163.0,6580.8
136.682,164.0,6582.9
136.720,164.0,6584.7
136.757,165.0,6586.3
136.798,166.0,6588.2
136.835,169.0,6590.0
136.875,170.0,6591.8
136.914,170.0,6593.7
136.954,171.0,6595.6
136.995,172.0,6597.5
137.035,174.0,6599.4
137.079,175.0,6601.6
137.115,176.0,6603.3
137.154,176.0,6605.2
137.194,177.0,6607.2
137.235,179.0,6609.2
137.275,180.0,6611.2
137.314,180.0,6613.2
137.355,180.0,6615.2
137.394,182.0,6617.2
137.435,183.0,6619.3
137.475,184.0,6621.3
137.515,184.0,6623.3
137.555,185.0,6625.4
137.594,185.0,6627.4
137.635,184.0,6629.5
137.675,183.0,6631.5
137.721,183.0,6633.9
137.755,182.0,6635.6
137.795,182.0,6637.6
137.834,179.0,6639.6
137.874,178.0,6641.6
137.914,178.0,6643.5
137.955,178.0,6645.6
137.996,177.0,6647.6
138.035,175.0,6649.5
138.074,174.0,6651.4
138.113,174.0,6653.3
138.155,173.0,6655.3
138.195,172.0,6657.2
138.234,170.0,6659.1
138.280,169.0,6661.2
138.316,168.0,6662.9
138.355,168.0,6664.7
138.395,167.0,6666.6
138.433,164.0,6668.3
138.474,163.0,6670.2
138.514,162.0,6672.0
138.555,162.0,6673.9
138.601,161.0,6675.9
138.638,160.0,6677.6
138.677,159.0,6679.3
138.717,158.0,6681.1
138.757,158.0,6682.8
138.797,157.0,6684.6
138.835,155.0,6686.2
138.875,154.0,6687.9
138.917,153.0,6689.7
138.956,153.0,6691.4
138.994,153.0,6693.0
139.034,152.0,6694.7
139.075,152.0,6696.4
139.116,151.0,6698.1
139.154,151.0,6699.7
139.197,151.0,6701.5
139.237,151.0,6703.2
139.275,151.0,6704.8
139.314,151.0,6706.4
139.353,151.0,6708.1
139.395,151.0,6709.8
139.435,152.0,6711.5
139.476,152.0,6713.3
139.516,152.0,6714.9
139.556,152.0,6716.6
139.599,153.0,6718.5
139.636,153.0,6720.0
139.676,154.0,6721.7
139.714,154.0,6723.4
139.755,154.0,6725.1
139.795,154.0,6726.8
139.836,155.0,6728.6
139.874,155.0,6730.2
139.921,155.0,6732.2
139.955,156.0,6733.7
139.995,156.0,6735.4
140.035,156.0,6737.2
140.074,157.0,6738.9
140.114,157.0,6740.6
140.155,157.0,6742.4
140.195,157.0,6744.2
140.234,157.0,6745.9
140.277,157.0,6747.7
140.317,157.0,6749.5
140.354,157.0,6751.1
140.394,157.0,6752.8
140.435,158.0,6754.6
140.474,158.0,6756.3
140.515,158.0,6758.1
140.557,158.0,6760.0
140.595,159.0,6761.7
140.635,160.0,6763.4
140.674,161.0,6765.2
140.715,161.0,6767.0
140.755,161.0,6768.8
140.796,161.0,6770.6
140.835,161.0,6772.4
140.876,162.0,6774.2
140.920,163.0,6776.2
140.956,163.0,6777.8
140.997,163.0,6779.7
141.036,163.0,6781.4
141.076,164.0,6783.3
141.117,164.0,6785.1
141.156,164.0,6786.9
141.204,165.0,6789.1
141.240,166.0,6790.8
141.276,166.0,6792.4
141.316,166.0,6794.3
141.355,167.0,6796.1
141.395,168.0,6797.9
141.602,169.0,6807.6
141.627,170.0,6808.8
141.669,171.0,6810.8
141.707,176.0,6812.6
141.734,176.0,6813.9
141.776,176.0,6816.0
141.828,178.0,6818.5
141.860,178.0,6820.1
141.901,178.0,6822.1
141.943,178.0,6824.2
141.988,178.0,6826.4
142.024,179.0,6828.2
142.065,180.0,6830.3
142.106,180.0,6832.3
142.148,180.0,6834.4
142.188,181.0,6836.4
142.230,182.0,6838.6
142.273,182.0,6840.7
142.310,182.0,6842.6
142.350,183.0,6844.6
142.392,184.0,6846.8
142.431,185.0,6848.8
142.475,185.0,6851.0
142.515,186.0,6853.1
142.552,186.0,6855.0
142.596,185.0,6857.3
142.636,185.0,6859.3
142.673,184.0,6861.2
142.712,184.0,6863.2
142.752,183.0,6865.2
142.792,182.0,6867.3
142.832,180.0,6869.3
142.873,178.0,6871.3
142.913,178.0,6873.3
142.953,177.0,6875.3
142.992,175.0,6877.2
143.032,173.0,6879.1
143.072,173.0,6881.0
143.115,172.0,6883.1
143.154,172.0,6885.0
143.193,171.0,6886.8
143.234,167.0,6888.7
143.281,166.0,6890.9
143.313,166.0,6892.4
143.353,166.0,6894.2
143.393,165.0,6896.1
143.433,163.0,6897.9
143.474,162.0,6899.7
143.513,161.0,6901.5
143.555,161.0,6903.4
143.595,159.0,6905.2
143.633,157.0,6906.8
143.677,156.0,6908.7
143.715,156.0,6910.4
143.754,155.0,6912.1
143.799,155.0,6914.0
143.839,152.0,6915.7
143.875,150.0,6917.2
143.915,150.0,6918.9
143.955,150.0,6920.6
143.994,150.0,6922.2
144.037,148.0,6924.0
144.075,147.0,6925.5
144.116,146.0,6927.2
144.154,146.0,6928.7
144.202,145.0,6930.7
144.236,145.0,6932.0
144.277,144.0,6933.7
144.316,144.0,6935.2
144.357,144.0,6936.9
144.399,143.0,6938.6
144.439,143.0,6940.1
144.476,143.0,6941.6
144.517,143.0,6943.2
144.564,143.0,6945.1
144.597,143.0,6946.4
144.635,143.0,6947.9
144.677,143.0,6949.6
144.715,143.0,6951.1
144.758,143.0,6952.8
144.796,143.0,6954.3
144.838,143.0,6956.0
144.874,143.0,6957.4
144.915,143.0,6959.1
144.960,144.0,6960.8
144.997,144.0,6962.3
145.038,144.0,6964.0
145.079,144.0,6965.6
145.124,144.0,6967.4
145.161,144.0,6968.9
145.202,144.0,6970.5
145.245,144.0,6972.2
145.285,145.0,6973.8
145.315,145.0,6975.1
145.355,145.0,6976.7
145.394,145.0,6978.2
145.436,145.0,6979.9
145.476,145.0,6981.5
145.515,145.0,6983.1
145.559,145.0,6984.9
145.595,146.0,6986.3
145.635,147.0,6988.0
145.676,147.0,6989.6
145.715,147.0,6991.2
145.755,147.0,6992.9
145.795,147.0,6994.5
145.839,148.0,6996.3
145.884,148.0,6998.2
145.917,148.0,6999.5
145.957,148.0,7001.2
145.996,148.0,7002.8
146.037,148.0,7004.4
146.075,148.0,7006.0
146.117,147.0,7007.7
146.157,147.0,7009.4
146.197,147.0,7011.0
146.279,148.0,7014.4
146.303,148.0,7015.3
146.322,148.0,7016.1
146.355,148.0,7017.5
146.395,148.0,7019.1
146.437,148.0,7020.8
146.476,148.0,7022.5
146.523,148.0,7024.4
146.561,148.0,7025.9
146.595,148.0,7027.3
146.635,149.0,7029.0
146.678,149.0,7030.8
146.715,149.0,7032.3
146.755,149.0,7034.0
146.798,149.0,7035.7
146.835,149.0,7037.3
146.875,149.0,7038.9
146.920,150.0,7040.8
146.956,150.0,7042.3
146.995,150.0,7043.9
147.036,151.0,7045.6
147.080,151.0,7047.5
147.120,152.0,7049.2
147.159,152.0,7050.8
147.209,152.0,7052.9
147.239,153.0,7054.2
147.275,154.0,7055.7
147.316,154.0,7057.5
147.355,154.0,7059.2
147.395,155.0,7060.9
147.439,156.0,7062.8
147.494,157.0,7065.2
147.520,157.0,7066.3
147.555,157.0,7067.8
147.595,158.0,7069.6
147.635,159.0,7071.3
147.679,160.0,7073.3
147.718,160.0,7075.0
147.756,160.0,7076.7
147.799,161.0,7078.6
147.845,162.0,7080.7
147.878,162.0,7082.2
147.917,162.0,7083.9
147.955,162.0,7085.6
147.996,163.0,7087.5
148.038,164.0,7089.4
148.077,165.0,7091.2
148.123,166.0,7093.3
148.157,166.0,7094.9
148.198,166.0,7096.7
148.237,167.0,7098.6
148.277,168.0,7100.4
148.315,170.0,7102.2
148.355,170.0,7104.1
148.401,171.0,7106.3
148.443,172.0,7108.3
148.476,172.0,7109.8
148.516,172.0,7111.8
148.557,173.0,7113.7
148.596,174.0,7115.6
148.638,176.0,7117.6
148.677,177.0,7119.5
148.727,177.0,7122.0
148.758,177.0,7123.5
148.797,177.0,7125.4
148.835,178.0,7127.3
148.877,178.0,7129.4
148.917,179.0,7131.4
148.957,181.0,7133.4
149.004,182.0,7135.8
149.044,183.0,7137.8
149.079,183.0,7139.6
149.120,183.0,7141.6
149.162,183.0,7143.8
149.204,184.0,7145.9
149.241,187.0,7147.8
149.281,188.0,7149.9
149.319,188.0,7151.9
149.357,189.0,7153.9
149.397,189.0,7156.0
149.437,190.0,7158.1
149.477,191.0,7160.2
149.543,191.0,7163.7
149.576,192.0,7165.5
149.598,193.0,7166.6
149.637,195.0,7168.7
149.677,196.0,7170.9
149.717,196.0,7173.1
149.756,196.0,7175.2
149.795,197.0,7177.3
149.852,200.0,7180.5
149.880,200.0,7182.0
149.916,200.0,7184.0
149.956,201.0,7186.3
149.997,201.0,7188.6
150.036,203.0,7190.7
150.078,204.0,7193.1
150.117,204.0,7195.3
150.180,205.0,7198.9
150.202,206.0,7200.2
150.236,206.0,7202.1
150.276,205.0,7204.4
150.318,205.0,7206.8
150.357,204.0,7209.0
150.397,203.0,7211.3
150.454,199.0,7214.4
150.484,197.0,7216.1
150.515,197.0,7217.8
150.560,195.0,7220.2
150.597,193.0,7222.2
150.637,190.0,7224.4
150.679,189.0,7226.6
150.724,188.0,7228.9
150.757,188.0,7230.7
150.798,186.0,7232.8
150.836,182.0,7234.7
150.877,181.0,7236.8
150.918,181.0,7238.9
150.957,179.0,7240.8
151.016,177.0,7243.7
151.044,174.0,7245.1
151.076,172.0,7246.6
151.123,172.0,7248.9
151.161,170.0,7250.7
151.203,168.0,7252.6
151.240,165.0,7254.4
151.285,164.0,7256.4
151.325,162.0,7258.2
151.357,162.0,7259.7
151.396,161.0,7261.4
151.438,157.0,7263.3
151.478,155.0,7265.0
151.515,155.0,7266.6
151.557,153.0,7268.4
151.597,152.0,7270.1
151.637,151.0,7271.8
151.686,149.0,7273.8
151.718,149.0,7275.1
151.758,148.0,7276.8
151.796,146.0,7278.3
151.836,143.0,7279.9
151.878,142.0,7281.6
151.920,141.0,7283.3
151.957,141.0,7284.7
152.015,140.0,7287.0
152.042,138.0,7288.0
152.076,138.0,7289.3
152.117,137.0,7290.9
152.159,136.0,7292.5
152.197,135.0,7293.9
152.238,134.0,7295.4
152.286,134.0,7297.2
152.326,132.0,7298.7
152.357,132.0,7299.8
152.396,131.0,7301.3
152.436,129.0,7302.7
152.477,128.0,7304.2
152.516,128.0,7305.6
152.558,128.0,7307.0
152.598,127.0,7308.5
152.643,127.0,7310.1
152.676,127.0,7311.2
152.717,127.0,7312.7
152.756,126.0,7314.0
152.799,126.0,7315.5
152.836,124.0,7316.8
152.877,123.0,7318.2
152.926,123.0,7319.9
152.972,123.0,7321.5
152.997,123.0,7322.3
153.038,123.0,7323.7
153.076,122.0,7325.0
153.123,122.0,7326.6
153.163,121.0,7328.0
153.205,120.0,7329.4
153.245,119.0,7330.7
153.286,119.0,7332.1
153.318,119.0,7333.1
153.357,119.0,7334.4
153.393,118.0,7335.6
153.434,116.0,7336.9
153.475,115.0,7338.2
153.515,115.0,7339.5
153.557,115.0,7340.9
153.600,114.0,7342.2
153.641,112.0,7343.5
153.678,112.0,7344.7
153.717,112.0,7345.9
153.755,111.0,7347.1
153.798,110.0,7348.4
153.839,108.0,7349.6
153.876,107.0,7350.7
153.918,107.0,7352.0
153.967,106.0,7353.4
153.996,105.0,7354.3
154.037,103.0,7355.5
154.075,102.0,7356.5
154.113,102.0,7357.6
154.155,101.0,7358.8
154.196,100.0,7359.9
154.236,98.0,7361.0
154.276,97.0,7362.1
154.317,97.0,7363.2
154.356,96.0,7364.3
154.397,95.0,7365.4
154.437,94.0,7366.4
154.475,93.0,7367.4
154.519,93.0,7368.5
154.558,92.0,7369.5
154.596,91.0,7370.5
154.636,89.0,7371.5
154.674,89.0,7372.4
154.715,88.0,7373.4
154.755,88.0,7374.4
154.819,87.0,7376.0
154.849,86.0,7376.7
154.876,86.0,7377.3
154.916,86.0,7378.3
154.955,85.0,7379.2
154.994,84.0,7380.1
155.035,83.0,7381.1
155.076,83.0,7382.0
155.116,83.0,7383.0
155.155,82.0,7383.9
155.198,82.0,7384.8
155.237,81.0,7385.7
155.277,80.0,7386.6
155.319,80.0,7387.5
155.359,79.0,7388.4
155.399,79.0,7389.3
155.439,78.0,7390.2
155.480,77.0,7391.1
155.517,77.0,7391.9
155.557,76.0,7392.7
155.597,75.0,7393.5
155.634,72.0,7394.3
155.677,72.0,7395.2
155.717,72.0,7396.0
155.798,70.0,7397.6
155.836,68.0,7398.3
155.876,68.0,7399.0
155.914,68.0,7399.8
155.956,67.0,7400.5
155.995,67.0,7401.3
156.038,66.0,7402.1
156.077,66.0,7402.8
156.116,66.0,7403.5
156.156,65.0,7404.2
156.195,65.0,7404.9
156.235,64.0,7405.6
156.277,64.0,7406.4
156.316,64.0,7407.1
156.360,64.0,7407.9
156.396,64.0,7408.5
156.435,64.0,7409.2
156.477,64.0,7409.9
156.518,64.0,7410.7
156.554,64.0,7411.3
156.597,65.0,7412.1
156.634,65.0,7412.8
156.674,66.0,7413.5
156.716,66.0,7414.3
156.763,67.0,7415.1
156.797,68.0,7415.8
156.835,69.0,7416.5
156.876,69.0,7417.3
156.915,70.0,7418.0
156.954,70.0,7418.8
156.997,70.0,7419.6
157.034,72.0,7420.3
157.094,72.0,7421.5
157.119,72.0,7422.0
157.154,73.0,7422.7
157.195,74.0,7423.6
157.235,76.0,7424.4
157.274,77.0,7425.2
157.314,77.0,7426.1
157.363,78.0,7427.2
157.400,79.0,7428.0
157.442,81.0,7428.9
157.481,83.0,7429.8
157.523,83.0,7430.8
157.555,84.0,7431.5
157.596,86.0,7432.5
157.635,89.0,7433.4
157.679,90.0,7434.5
157.723,90.0,7435.6
157.755,92.0,7436.4
157.795,93.0,7437.4
157.835,96.0,7438.5
157.875,98.0,7439.6
157.915,100.0,7440.7
157.955,100.0,7441.8
158.005,102.0,7443.2
158.036,105.0,7444.1
158.075,107.0,7445.2
158.114,107.0,7446.4
158.155,109.0,7447.6
158.194,110.0,7448.8
158.237,113.0,7450.1
158.276,114.0,7451.4
158.316,114.0,7452.6
158.354,115.0,7453.8
158.394,116.0,7455.1
158.435,118.0,7456.5
158.475,118.0,7457.8
158.519,119.0,7459.2
158.557,119.0,7460.5
158.597,120.0,7461.8
158.635,120.0,7463.1
158.675,121.0,7464.4
158.715,121.0,7465.7
158.755,121.0,7467.1
158.794,122.0,7468.4
158.835,122.0,7469.8
158.878,123.0,7471.3
158.915,123.0,7472.5
158.955,123.0,7473.9
158.994,123.0,7475.2
159.034,124.0,7476.6
159.075,125.0,7478.0
159.115,125.0,7479.4
159.155,126.0,7480.8
159.196,126.0,7482.2
159.235,127.0,7483.6
159.274,128.0,7485.0
159.314,129.0,7486.4
159.358,129.0,7488.0
159.399,129.0,7489.5
159.444,130.0,7491.1
159.478,131.0,7492.3
159.518,132.0,7493.8
159.555,132.0,7495.1
159.595,133.0,7496.6
159.635,134.0,7498.1
159.675,135.0,7499.6
159.715,135.0,7501.1
159.754,136.0,7502.5
159.795,137.0,7504.1
159.833,139.0,7505.6
159.875,140.0,7507.2
159.915,140.0,7508.7
159.953,141.0,7510.2
159.993,142.0,7511.8
160.034,143.0,7513.4
160.075,144.0,7515.0
160.115,146.0,7516.7
160.158,146.0,7518.4
160.196,147.0,7520.0
160.234,148.0,7521.5
160.274,149.0,7523.2
160.315,150.0,7524.9
160.355,150.0,7526.5
160.395,151.0,7528.2
160.439,154.0,7530.1
160.474,155.0,7531.6
160.514,155.0,7533.3
160.599,156.0,7537.0
160.617,157.0,7537.7
160.644,159.0,7538.9
160.675,160.0,7540.3
160.715,161.0,7542.1
160.770,161.0,7544.5
160.795,162.0,7545.7
160.835,163.0,7547.5
160.874,164.0,7549.2
160.913,166.0,7551.0
160.954,166.0,7552.9
160.994,167.0,7554.8
161.037,169.0,7556.8
161.075,170.0,7558.6
161.116,170.0,7560.5
161.154,170.0,7562.3
161.193,172.0,7564.1
161.234,174.0,7566.1
161.275,175.0,7568.1
161.314,175.0,7570.0
161.353,175.0,7571.9
161.401,176.0,7574.2
161.436,179.0,7576.0
161.476,180.0,7578.0
161.517,180.0,7580.0
161.561,181.0,7582.2
161.598,182.0,7584.1
161.635,184.0,7586.0
161.676,185.0,7588.1
161.716,185.0,7590.1
161.754,185.0,7592.1
161.793,186.0,7594.1
161.834,188.0,7596.2
161.872,189.0,7598.2
161.913,189.0,7600.4
161.953,190.0,7602.5
161.996,191.0,7604.7
162.034,193.0,7606.8
162.072,193.0,7608.8
162.113,193.0,7611.0
162.154,194.0,7613.2
162.194,195.0,7615.4
162.233,197.0,7617.5
162.279,198.0,7620.0
162.319,198.0,7622.2
162.353,199.0,7624.1
162.393,200.0,7626.3
162.434,201.0,7628.6
162.474,202.0,7630.8
162.514,202.0,7633.1
162.555,203.0,7635.4
162.594,204.0,7637.6
162.634,205.0,7639.8
162.674,206.0,7642.1
162.713,207.0,7644.4
162.755,207.0,7646.8
162.793,208.0,7649.0
162.833,209.0,7651.3
162.873,210.0,7653.6
162.913,210.0,7656.0
162.959,211.0,7658.6
162.993,212.0,7660.6
163.033,213.0,7663.0
163.074,214.0,7665.4
163.114,214.0,7667.8
163.154,215.0,7670.2
163.193,216.0,7672.5
163.235,215.0,7675.0
163.273,215.0,7677.3
163.313,215.0,7679.7
163.354,214.0,7682.1
163.394,214.0,7684.5
163.435,212.0,7686.9
163.485,211.0,7689.9
163.515,211.0,7691.6
163.556,210.0,7694.0
163.595,209.0,7696.3
163.635,208.0,7698.6
163.675,207.0,7700.9
163.715,207.0,7703.2
163.755,205.0,7705.5
163.797,204.0,7707.9
163.835,202.0,7710.0
163.877,201.0,7712.4
163.915,201.0,7714.5
163.995,200.0,7719.0
164.035,198.0,7721.2
164.075,197.0,7723.4
164.115,197.0,7725.6
164.154,196.0,7727.7
164.198,195.0,7730.1
164.235,193.0,7732.1
164.275,192.0,7734.2
164.315,192.0,7736.4
164.354,190.0,7738.4
164.395,189.0,7740.6
164.435,186.0,7742.7
164.475,185.0,7744.7
164.515,185.0,7746.8
164.556,183.0,7748.9
164.595,182.0,7750.9
164.635,179.0,7752.9
164.674,177.0,7754.8
164.714,177.0,7756.8
164.755,176.0,7758.8
164.795,174.0,7760.7
164.840,171.0,7762.9
164.880,170.0,7764.8
164.915,170.0,7766.4
164.954,169.0,7768.2
164.997,168.0,7770.3
165.037,166.0,7772.1
165.077,165.0,7774.0
165.116,165.0,7775.7
165.157,164.0,7777.6
165.197,163.0,7779.4
165.237,161.0,7781.2
165.277,160.0,7783.0
165.317,160.0,7784.8
165.356,158.0,7786.5
165.393,157.0,7788.1
165.434,156.0,7789.9
165.473,155.0,7791.6
165.514,155.0,7793.4
165.553,155.0,7795.0
165.594,153.0,7796.8
165.634,151.0,7798.5
165.675,149.0,7800.2
165.713,149.0,7801.8
165.755,148.0,7803.5
165.794,148.0,7805.1
165.833,146.0,7806.7
165.873,145.0,7808.3
165.914,145.0,7810.0
165.953,144.0,7811.5
165.994,142.0,7813.2
166.035,140.0,7814.8
166.074,140.0,7816.3
166.113,140.0,7817.8
166.152,139.0,7819.3
166.192,138.0,7820.9
166.233,136.0,7822.4
166.272,134.0,7823.9
166.319,134.0,7825.6
166.353,133.0,7826.9
166.393,132.0,7828.4
166.433,129.0,7829.8
166.475,128.0,7831.3
166.514,128.0,7832.7
166.554,128.0,7834.1
166.594,127.0,7835.5
166.633,125.0,7836.9
166.679,124.0,7838.5
166.714,124.0,7839.7
166.752,122.0,7841.0
166.792,121.0,7842.3
166.833,120.0,7843.7
166.874,119.0,7845.1
166.914,119.0,7846.4
166.953,118.0,7847.7
166.998,117.0,7849.1
167.033,115.0,7850.3
167.072,114.0,7851.5
167.112,114.0,7852.8
167.153,114.0,7854.1
167.194,113.0,7855.4
167.234,112.0,7856.6
167.278,112.0,7858.0
167.316,112.0,7859.2
167.355,111.0,7860.4
167.394,111.0,7861.6
167.434,111.0,7862.8
167.476,111.0,7864.1
167.515,111.0,7865.3
167.555,111.0,7866.6
167.601,111.0,7868.0
167.640,111.0,7869.2
167.674,111.0,7870.2
167.715,111.0,7871.5
167.755,111.0,7872.7
167.795,111.0,7874.0
167.835,112.0,7875.2
167.874,112.0,7876.4
167.920,112.0,7877.8
167.955,112.0,7878.9
167.994,113.0,7880.1
168.035,113.0,7881.4
168.075,113.0,7882.7
168.115,113.0,7883.9
168.155,113.0,7885.2
168.201,113.0,7886.6
168.237,113.0,7887.8
168.275,113.0,7889.0
168.314,113.0,7890.2
168.356,113.0,7891.5
168.394,113.0,7892.7
168.435,113.0,7894.0
168.481,113.0,7895.4
168.517,113.0,7896.6
168.555,113.0,7897.8
168.598,113.0,7899.1
168.637,114.0,7900.3
168.679,114.0,7901.7
168.717,115.0,7902.9
168.757,115.0,7904.1
168.798,115.0,7905.5
168.835,115.0,7906.6
168.874,116.0,7907.9
168.915,116.0,7909.2
168.954,117.0,7910.5
168.996,117.0,7911.8
169.035,119.0,7913.1
169.075,119.0,7914.4
169.120,119.0,7915.9
169.159,120.0,7917.2
169.195,121.0,7918.4
169.235,122.0,7919.8
169.274,123.0,7921.1
169.314,123.0,7922.5
169.354,124.0,7923.8
169.395,125.0,7925.3
169.436,126.0,7926.7
169.476,127.0,7928.1
169.515,127.0,7929.5
169.554,127.0,7930.8
169.595,128.0,7932.3
169.636,129.0,7933.8
169.674,130.0,7935.1
169.714,130.0,7936.6
169.755,130.0,7938.1
169.802,131.0,7939.8
169.835,132.0,7941.0
169.875,132.0,7942.4
169.915,134.0,7943.9
169.955,134.0,7945.4
169.995,134.0,7946.9
170.034,136.0,7948.3
170.304,137.0,7958.6
170.327,137.0,7959.5
170.355,138.0,7960.5
170.385,141.0,7961.7
170.422,143.0,7963.2
170.465,144.0,7964.9
170.506,144.0,7966.5
170.546,143.0,7968.1
170.588,144.0,7969.8
170.637,145.0,7971.7
170.681,146.0,7973.5
170.718,146.0,7975.0
170.755,148.0,7976.5
170.795,149.0,7978.2
170.834,148.0,7979.8
170.874,149.0,7981.4
170.915,149.0,7983.1
170.960,150.0,7985.0
170.995,151.0,7986.5
171.034,153.0,7988.1
171.073,153.0,7989.8
171.113,154.0,7991.5
171.153,154.0,7993.2
171.194,154.0,7994.9
171.234,156.0,7996.7
171.274,157.0,7998.4
171.316,157.0,8000.2
171.355,157.0,8001.9
171.395,157.0,8003.7
171.434,158.0,8005.4
171.475,159.0,8007.2
171.514,159.0,8008.9
171.555,159.0,8010.7
171.595,160.0,8012.5
171.636,160.0,8014.3
171.675,160.0,8016.1
171.715,160.0,8017.8
171.753,159.0,8019.5
171.795,159.0,8021.4
171.835,157.0,8023.1
171.875,157.0,8024.9
171.921,156.0,8026.9
171.960,155.0,8028.6
171.995,154.0,8030.1
172.035,152.0,8031.8
172.075,151.0,8033.4
172.114,149.0,8035.1
172.154,149.0,8036.7
172.198,148.0,8038.5
172.238,146.0,8040.2
172.275,145.0,8041.7
172.315,145.0,8043.3
172.354,143.0,8044.8
172.394,140.0,8046.4
172.433,134.0,8047.9
172.472,134.0,8049.3
172.515,134.0,8050.9
172.555,134.0,8052.4
172.594,133.0,8053.9
172.634,129.0,8055.3
172.674,128.0,8056.8
172.717,126.0,8058.3
172.755,126.0,8059.6
172.795,125.0,8061.0
172.841,123.0,8062.6
172.881,121.0,8063.9
172.918,121.0,8065.2
172.957,119.0,8066.5
172.998,118.0,8067.8
173.035,118.0,8069.0
173.074,118.0,8070.3
173.114,117.0,8071.6
173.158,117.0,8073.1
173.195,116.0,8074.3
173.235,115.0,8075.5
173.275,115.0,8076.8
173.316,115.0,8078.1
173.355,115.0,8079.4
173.395,115.0,8080.7
173.438,115.0,8082.0
173.481,114.0,8083.4
173.514,114.0,8084.4
173.555,113.0,8085.7
173.595,113.0,8087.0
173.636,113.0,8088.3
173.675,113.0,8089.5
173.718,113.0,8090.9
173.760,112.0,8092.2
173.795,111.0,8093.2
173.835,111.0,8094.5
173.874,112.0,8095.7
173.915,112.0,8097.0
173.955,112.0,8098.2
173.995,112.0,8099.5
174.037,111.0,8100.8
174.080,111.0,8102.1
174.116,111.0,8103.2
174.154,111.0,8104.4
174.195,111.0,8105.6
174.235,111.0,8106.9
174.275,111.0,8108.1
174.319,111.0,8109.4
174.355,112.0,8110.6
174.394,112.0,8111.8
174.434,113.0,8113.0
174.474,113.0,8114.3
174.515,113.0,8115.6
174.557,113.0,8116.9
174.594,114.0,8118.1
174.643,115.0,8119.6
174.675,116.0,8120.6
174.715,116.0,8121.9
174.754,116.0,8123.2
174.795,117.0,8124.5
174.837,118.0,8125.9
174.877,119.0,8127.2
174.919,120.0,8128.6
174.961,120.0,8130.0
174.998,121.0,8131.2
175.035,122.0,8132.5
175.075,122.0,8133.8
175.115,122.0,8135.2
175.156,122.0,8136.6
175.195,123.0,8137.9
175.235,125.0,8139.3
175.275,126.0,8140.7
175.315,126.0,8142.1
175.354,126.0,8143.4
175.395,127.0,8144.9
175.435,129.0,8146.3
175.476,129.0,8147.8
175.515,129.0,8149.2
175.556,130.0,8150.6
175.596,131.0,8152.1
175.635,133.0,8153.5
175.675,134.0,8155.0
175.715,135.0,8156.5
175.755,135.0,8158.0
175.795,136.0,8159.5
175.834,137.0,8161.0
175.884,138.0,8162.9
175.914,138.0,8164.1
175.955,139.0,8165.6
175.995,140.0,8167.2
176.033,142.0,8168.7
176.075,143.0,8170.3
176.114,143.0,8171.9
176.155,144.0,8173.5
176.201,144.0,8175.4
176.235,146.0,8176.7
176.275,147.0,8178.4
176.315,147.0,8180.0
176.354,149.0,8181.6
176.396,150.0,8183.3
176.436,151.0,8185.0
176.475,152.0,8186.6
176.518,153.0,8188.5
176.555,153.0,8190.0
176.594,153.0,8191.7
176.636,156.0,8193.5
176.674,157.0,8195.2
176.715,157.0,8196.9
176.762,158.0,8199.0
176.795,158.0,8200.4
176.837,160.0,8202.3
176.877,160.0,8204.1
176.919,162.0,8206.0
176.958,162.0,8207.7
176.998,163.0,8209.5
177.042,165.0,8211.5
177.076,166.0,8213.1
177.115,167.0,8214.9
177.155,167.0,8216.7
177.195,168.0,8218.6
177.235,170.0,8220.5
177.275,172.0,8222.4
177.315,172.0,8224.3
177.364,173.0,8226.6
177.400,175.0,8228.4
177.435,177.0,8230.1
177.475,178.0,8232.1
177.515,178.0,8234.0
177.555,179.0,8236.0
177.595,181.0,8238.0
177.635,183.0,8240.0
177.678,185.0,8242.2
177.724,185.0,8244.6
177.756,186.0,8246.3
177.794,187.0,8248.2
177.835,187.0,8250.4
177.875,188.0,8252.4
177.915,188.0,8254.5
177.955,189.0,8256.6
178.004,191.0,8259.2
178.034,193.0,8260.8
178.077,194.0,8263.1
178.114,194.0,8265.1
178.155,194.0,8267.3
178.196,194.0,8269.5
178.234,196.0,8271.6
178.280,197.0,8274.1
178.316,197.0,8276.1
178.354,198.0,8278.2
178.395,199.0,8280.4
178.436,201.0,8282.7
178.477,202.0,8285.0
178.515,204.0,8287.1
178.557,204.0,8289.5
178.595,205.0,8291.7
178.635,207.0,8294.0
178.675,207.0,8296.3
178.945,207.0,8311.8
178.975,208.0,8313.5
179.000,210.0,8315.0
179.028,216.0,8316.6
179.066,217.0,8318.9
179.107,217.0,8321.4
179.148,218.0,8323.9
179.192,219.0,8326.5
179.230,220.0,8328.8
179.269,221.0,8331.2
179.308,221.0,8333.6
179.350,222.0,8336.2
179.390,223.0,8338.7
179.431,226.0,8341.2
179.473,226.0,8343.9
179.525,226.0,8347.1
179.555,227.0,8349.0
179.594,228.0,8351.5
179.898,231.0,8370.9
179.917,232.0,8372.1
179.937,232.0,8373.4
179.955,239.0,8374.6
179.995,240.0,8377.2
180.037,242.0,8380.0
180.075,243.0,8382.6
180.115,243.0,8385.3
180.156,243.0,8388.1
180.196,244.0,8390.8
180.235,247.0,8393.4
180.276,249.0,8396.2
180.316,250.0,8399.0
180.355,250.0,8401.7
180.395,250.0,8404.5
180.438,251.0,8407.5
180.476,252.0,8410.2
180.516,252.0,8413.0
180.557,253.0,8415.8
180.597,254.0,8418.6
180.635,253.0,8421.3
180.676,253.0,8424.2
180.717,253.0,8427.1
180.758,252.0,8430.0
180.795,250.0,8432.5
180.836,249.0,8435.4
180.875,249.0,8438.1
180.918,249.0,8441.1
180.957,248.0,8443.7
180.996,246.0,8446.4
181.044,244.0,8449.7
181.080,243.0,8452.1
181.119,242.0,8454.8
181.161,242.0,8457.6
181.201,242.0,8460.3
181.240,239.0,8462.9
181.282,237.0,8465.6
181.322,237.0,8468.3
181.365,236.0,8471.1
181.400,235.0,8473.4
181.439,233.0,8475.9
181.479,231.0,8478.5
181.557,230.0,8483.5
181.595,229.0,8485.9
181.635,227.0,8488.5
181.683,226.0,8491.5
181.723,226.0,8494.0
181.755,225.0,8496.0
181.796,224.0,8498.5
181.835,222.0,8501.0
181.919,221.0,8506.1
181.956,220.0,8508.4
181.995,220.0,8510.8
182.048,219.0,8514.0
182.076,218.0,8515.7
182.115,218.0,8518.1
182.156,217.0,8520.6
182.196,216.0,8523.0
182.236,215.0,8525.4
182.276,215.0,8527.7
182.318,215.0,8530.2
182.356,214.0,8532.5
182.395,214.0,8534.8
182.436,211.0,8537.3
182.477,211.0,8539.7
182.517,211.0,8542.0
182.557,211.0,8544.3
182.608,210.0,8547.3
182.636,208.0,8549.0
182.676,208.0,8551.3
182.715,207.0,8553.5
182.757,207.0,8555.9
182.796,206.0,8558.2
182.836,205.0,8560.4
182.900,205.0,8564.1
182.927,205.0,8565.6
182.956,204.0,8567.3
182.996,204.0,8569.5
183.036,204.0,8571.8
183.076,203.0,8574.1
183.117,203.0,8576.4
183.155,202.0,8578.5
183.206,202.0,8581.4
183.322,202.0,8587.9
183.360,202.0,8590.0
183.400,202.0,8592.3
183.443,201.0,8594.7
183.561,202.0,8601.3
183.597,202.0,8603.3
183.636,202.0,8605.5
183.676,202.0,8607.7
183.716,203.0,8610.0
183.758,203.0,8612.3
183.796,203.0,8614.5
183.837,203.0,8616.8
183.877,203.0,8619.1
183.916,203.0,8621.3
183.955,204.0,8623.5
183.996,204.0,8625.8
184.036,204.0,8628.1
184.077,205.0,8630.4
184.116,205.0,8632.6
184.157,205.0,8634.9
184.203,206.0,8637.6
184.236,206.0,8639.5
184.276,206.0,8641.7
184.318,206.0,8644.1
184.356,207.0,8646.3
184.397,207.0,8648.7
184.436,208.0,8650.9
184.483,208.0,8653.6
184.518,208.0,8655.7
184.558,208.0,8658.0
184.596,208.0,8660.2
184.636,208.0,8662.5
184.676,209.0,8664.8
184.715,209.0,8667.1
184.757,209.0,8669.5
184.819,210.0,8673.1
184.848,211.0,8674.8
184.877,211.0,8676.5
184.917,211.0,8678.9
184.957,211.0,8681.2
184.997,212.0,8683.5
185.037,212.0,8685.9
185.076,211.0,8688.2
185.119,211.0,8690.7
185.160,211.0,8693.1
185.197,210.0,8695.3
185.236,210.0,8697.6
185.275,210.0,8699.8
185.324,209.0,8702.7
185.360,209.0,8704.8
185.400,208.0,8707.1
185.439,206.0,8709.3
185.480,206.0,8711.7
185.518,206.0,8713.9
185.556,205.0,8716.0
185.597,204.0,8718.3
185.638,202.0,8720.7
185.677,202.0,8722.8
185.722,202.0,8725.4
185.797,199.0,8729.6
185.835,196.0,8731.6
185.877,195.0,8733.9
185.916,195.0,8736.0
185.957,193.0,8738.2
185.996,191.0,8740.3
186.037,189.0,8742.5
186.078,187.0,8744.6
186.116,187.0,8746.6
186.156,186.0,8748.7
186.198,185.0,8750.8
186.235,181.0,8752.7
186.276,180.0,8754.8
186.319,180.0,8756.9
186.359,179.0,8758.9
186.396,178.0,8760.7
186.434,176.0,8762.6
186.476,174.0,8764.7
186.515,174.0,8766.5
186.557,173.0,8768.6
186.603,171.0,8770.8
186.643,168.0,8772.7
186.677,167.0,8774.2
186.716,167.0,8776.0
186.756,165.0,8777.9
186.797,164.0,8779.8
186.835,161.0,8781.5
186.877,160.0,8783.3
186.923,159.0,8785.4
186.956,159.0,8786.8
186.993,157.0,8788.5
187.034,154.0,8790.2
187.078,153.0,8792.1
187.117,153.0,8793.8
187.157,152.0,8795.5
187.195,150.0,8797.1
187.235,149.0,8798.7
187.276,148.0,8800.4
187.323,148.0,8802.3
187.360,147.0,8803.9
187.400,146.0,8805.5
187.442,143.0,8807.2
187.480,142.0,8808.7
187.516,142.0,8810.1
187.556,141.0,8811.7
187.596,140.0,8813.2
187.637,137.0,8814.8
187.676,137.0,8816.3
187.718,137.0,8817.9
187.755,136.0,8819.3
187.796,135.0,8820.8
187.836,133.0,8822.3
187.894,132.0,8824.5
187.923,132.0,8825.5
187.957,130.0,8826.8
187.996,129.0,8828.2
188.036,127.0,8829.6
188.077,126.0,8831.0
188.118,125.0,8832.5
188.157,125.0,8833.8
188.196,124.0,8835.2
188.236,122.0,8836.5
188.276,122.0,8837.9
188.314,121.0,8839.2
188.357,121.0,8840.6
188.395,120.0,8841.9
188.437,119.0,8843.3
188.484,119.0,8844.8
188.517,118.0,8845.9
188.558,118.0,8847.3
188.594,117.0,8848.4
188.635,116.0,8849.8
188.677,115.0,8851.1
188.716,114.0,8852.3
188.754,114.0,8853.6
188.795,114.0,8854.9
188.838,113.0,8856.2
188.875,112.0,8857.4
188.916,112.0,8858.6
188.954,111.0,8859.8
188.995,111.0,8861.1
189.044,111.0,8862.6
189.074,111.0,8863.5
189.114,110.0,8864.7
189.155,110.0,8866.0
189.195,109.0,8867.2
189.238,109.0,8868.5
189.278,109.0,8869.7
189.323,109.0,8871.1
189.360,109.0,8872.2
189.399,109.0,8873.4
189.442,108.0,8874.7
189.478,108.0,8875.8
189.523,108.0,8877.1
189.557,108.0,8878.1
189.604,108.0,8879.5
189.634,107.0,8880.4
189.674,107.0,8881.6
189.715,107.0,8882.8
189.755,108.0,8884.0
189.795,108.0,8885.2
189.837,109.0,8886.5
189.874,109.0,8887.6
189.917,109.0,8888.9
189.956,109.0,8890.1
189.995,109.0,8891.3
190.034,108.0,8892.5
190.073,108.0,8893.6
190.115,107.0,8894.9
190.155,107.0,8896.1
190.195,107.0,8897.3
190.235,107.0,8898.5
190.274,106.0,8899.6
190.315,106.0,8900.8
190.355,106.0,8902.0
190.395,106.0,8903.2
190.436,106.0,8904.4
190.481,105.0,8905.7
190.515,105.0,8906.7
190.557,105.0,8907.9
190.595,105.0,8909.0
190.635,104.0,8910.2
190.673,104.0,8911.3
190.715,104.0,8912.5
190.755,103.0,8913.6
190.796,103.0,8914.8
190.836,104.0,8916.0
190.875,104.0,8917.1
190.915,104.0,8918.3
190.955,104.0,8919.4
190.995,104.0,8920.6
191.034,105.0,8921.7
191.074,106.0,8922.9
191.115,106.0,8924.1
191.154,106.0,8925.2
191.195,106.0,8926.4
191.241,106.0,8927.8
191.274,107.0,8928.8
191.314,107.0,8930.0
191.360,107.0,8931.3
191.396,108.0,8932.4
191.441,109.0,8933.7
191.489,110.0,8935.2
191.522,111.0,8936.2
191.559,111.0,8937.4
191.599,111.0,8938.6
191.637,113.0,8939.8
191.677,113.0,8941.0
191.717,114.0,8942.3
191.755,114.0,8943.5
191.794,115.0,8944.7
191.834,117.0,8946.0
191.874,117.0,8947.3
191.914,118.0,8948.6
191.954,118.0,8949.9
191.995,119.0,8951.3
192.035,120.0,8952.6
192.075,121.0,8954.0
192.115,121.0,8955.3
192.155,122.0,8956.7
192.194,122.0,8958.0
192.234,124.0,8959.3
192.275,125.0,8960.8
192.314,126.0,8962.1
192.355,126.0,8963.6
192.395,127.0,8965.0
192.434,129.0,8966.3
192.475,131.0,8967.8
192.514,131.0,8969.2
192.554,131.0,8970.7
192.594,131.0,8972.2
192.648,133.0,8974.1
192.679,134.0,8975.3
192.715,134.0,8976.6
192.754,135.0,8978.1
192.794,136.0,8979.6
192.863,137.0,8982.2
192.894,139.0,8983.4
192.920,139.0,8984.4
192.955,139.0,8985.8
192.994,140.0,8987.3
193.035,142.0,8988.9
193.074,144.0,8990.4
193.114,145.0,8992.0
193.157,145.0,8993.8
193.197,146.0,8995.4
193.241,147.0,8997.2
193.274,148.0,8998.5
193.314,149.0,9000.2
193.354,149.0,9001.8
193.395,150.0,9003.5
193.438,152.0,9005.3
193.477,153.0,9007.0
193.517,154.0,9008.7
193.557,154.0,9010.4
193.599,155.0,9012.2
193.640,157.0,9014.0
193.681,158.0,9015.8
193.716,158.0,9017.3
193.755,159.0,9019.0
193.804,159.0,9021.2
193.840,161.0,9022.8
193.875,162.0,9024.4
193.915,163.0,9026.2
193.954,163.0,9027.9
193.994,164.0,9029.7
194.035,164.0,9031.6
194.076,165.0,9033.5
194.115,165.0,9035.3
194.155,165.0,9037.1
194.194,166.0,9038.9
194.234,168.0,9040.8
194.274,169.0,9042.6
194.315,169.0,9044.6
194.354,169.0,9046.4
194.397,169.0,9048.4
194.437,171.0,9050.3
194.474,173.0,9052.1
194.515,174.0,9054.0
194.554,174.0,9055.9
194.595,175.0,9057.9
194.634,176.0,9059.8
194.675,177.0,9061.8
194.721,177.0,9064.1
194.755,178.0,9065.8
194.795,179.0,9067.7
194.835,180.0,9069.7
194.875,181.0,9071.7
194.914,182.0,9073.7
194.955,182.0,9075.8
195.003,183.0,9078.2
195.040,184.0,9080.1
195.075,184.0,9081.9
195.114,185.0,9083.9
195.155,185.0,9086.0
195.195,186.0,9088.1
195.235,187.0,9090.1
195.275,188.0,9092.2
195.319,188.0,9094.5
195.357,189.0,9096.5
195.395,189.0,9098.5
195.434,191.0,9100.5
195.475,192.0,9102.7
195.515,193.0,9104.9
195.556,193.0,9107.1
195.597,194.0,9109.3
195.639,195.0,9111.5
195.678,196.0,9113.7
195.717,197.0,9115.8
195.756,197.0,9117.9
195.796,198.0,9120.1
195.835,199.0,9122.3
195.876,199.0,9124.5
195.923,200.0,9127.1
195.963,200.0,9129.4
195.995,200.0,9131.1
196.074,202.0,9135.5
196.114,203.0,9137.8
196.154,203.0,9140.1
196.194,203.0,9142.3
196.236,204.0,9144.7
196.277,205.0,9147.0
196.314,205.0,9149.1
196.355,206.0,9151.5
196.395,206.0,9153.7
196.435,207.0,9156.0
196.473,208.0,9158.2
196.519,208.0,9160.9
196.559,209.0,9163.2
196.594,210.0,9165.2
196.634,211.0,9167.6
196.674,211.0,9169.9
196.714,211.0,9172.3
196.755,212.0,9174.7
196.797,212.0,9177.2
196.834,213.0,9179.3
196.875,213.0,9181.8
196.914,213.0,9184.1
196.954,214.0,9186.4
196.994,215.0,9188.8
197.034,217.0,9191.2
197.075,216.0,9193.7
197.119,216.0,9196.3
197.158,216.0,9198.7
197.194,217.0,9200.8
197.234,220.0,9203.3
197.273,220.0,9205.6
197.314,220.0,9208.2
197.355,220.0,9210.7
197.396,220.0,9213.2
197.475,222.0,9218.0
197.514,222.0,9220.4
197.555,222.0,9222.9
197.595,222.0,9225.4
197.836,220.0,9240.2
197.877,220.0,9242.7
197.915,220.0,9245.0
197.956,220.0,9247.5
197.995,220.0,9249.9
198.035,219.0,9252.4
198.079,219.0,9255.0
198.119,219.0,9257.5
198.155,219.0,9259.7
198.193,220.0,9262.0
198.234,220.0,9264.5
198.274,219.0,9266.9
198.315,218.0,9269.4
198.362,218.0,9272.3
198.397,218.0,9274.4
198.435,218.0,9276.7
198.474,217.0,9279.0
198.514,217.0,9281.4
198.554,217.0,9283.9
198.594,217.0,9286.3
198.637,217.0,9288.9
198.675,217.0,9291.2
198.714,217.0,9293.5
198.793,217.0,9298.3
198.818,217.0,9299.8
198.838,217.0,9301.0
198.875,217.0,9303.2
198.917,217.0,9305.7
198.958,217.0,9308.2
198.994,217.0,9310.4
199.035,217.0,9312.9
199.074,217.0,9315.2
199.115,217.0,9317.7
199.155,217.0,9320.1
199.196,217.0,9322.6
199.240,217.0,9325.2
199.275,217.0,9327.3
199.315,217.0,9329.7
199.355,217.0,9332.1
199.395,217.0,9334.6
199.435,217.0,9337.0
199.474,217.0,9339.3
199.514,217.0,9341.7
199.557,217.0,9344.3
199.598,218.0,9346.8
199.634,218.0,9349.0
199.674,218.0,9351.4
199.715,218.0,9353.9
199.755,218.0,9356.3
199.797,218.0,9358.8
199.838,218.0,9361.3
199.878,218.0,9363.8
199.916,218.0,9366.1
199.957,219.0,9368.5
199.995,219.0,9370.9
200.035,218.0,9373.3
200.075,218.0,9375.7
200.120,218.0,9378.4
200.158,218.0,9380.7
200.195,218.0,9383.0
200.235,219.0,9385.4
200.273,219.0,9387.7
200.313,219.0,9390.1
200.355,219.0,9392.7
200.395,219.0,9395.1
200.449,220.0,9398.4
200.474,220.0,9400.0
200.514,220.0,9402.4
200.553,220.0,9404.8
200.595,221.0,9407.4
200.635,221.0,9409.8
200.674,221.0,9412.2
200.722,221.0,9415.1
200.758,222.0,9417.4
200.795,222.0,9419.6
200.834,223.0,9422.1
200.875,223.0,9424.6
200.915,223.0,9427.1
201.039,225.0,9434.8
201.077,225.0,9437.2
201.115,225.0,9439.5
201.154,225.0,9442.0
201.195,225.0,9444.5
201.236,227.0,9447.1
201.275,227.0,9449.6
201.318,227.0,9452.3
201.356,227.0,9454.7
201.395,227.0,9457.1
201.434,228.0,9459.6
201.474,228.0,9462.1
201.514,228.0,9464.7
201.555,229.0,9467.3
201.595,229.0,9469.8
201.639,230.0,9472.6
201.679,231.0,9475.2
201.714,231.0,9477.4
201.754,231.0,9480.0
201.794,232.0,9482.6
201.837,233.0,9485.3
201.877,233.0,9487.9
201.919,233.0,9490.7
201.963,234.0,9493.5
201.997,234.0,9495.7
202.037,235.0,9498.3
202.077,235.0,9500.9
202.117,235.0,9503.5
202.157,236.0,9506.2
202.197,236.0,9508.8
202.238,237.0,9511.5
202.282,237.0,9514.4
202.315,237.0,9516.5
202.354,237.0,9519.1
202.394,238.0,9521.7
202.434,239.0,9524.4
202.475,239.0,9527.1
202.514,239.0,9529.7
202.560,239.0,9532.8
202.600,239.0,9535.4
202.635,240.0,9537.7
202.674,240.0,9540.3
202.715,240.0,9543.1
202.754,241.0,9545.7
202.835,242.0,9551.1
202.875,242.0,9553.8
202.915,242.0,9556.5
202.955,243.0,9559.2
202.995,243.0,9561.9
203.033,244.0,9564.5
203.075,244.0,9567.3
203.115,244.0,9570.0
203.154,244.0,9572.7
203.210,244.0,9576.5
203.239,245.0,9578.4
203.274,245.0,9580.8
203.314,245.0,9583.5
203.355,245.0,9586.3
203.394,245.0,9589.0
203.435,245.0,9591.8
203.474,245.0,9594.4
203.519,245.0,9597.5
203.559,245.0,9600.2
203.594,245.0,9602.6
203.635,245.0,9605.4
203.674,245.0,9608.0
203.715,245.0,9610.8
203.755,245.0,9613.5
203.795,245.0,9616.3
203.836,244.0,9619.1
203.874,244.0,9621.6
203.915,244.0,9624.4
203.955,244.0,9627.1
203.994,244.0,9629.8
204.054,245.0,9633.8
204.097,245.0,9636.8
204.124,245.0,9638.6
204.157,245.0,9640.8
204.197,245.0,9643.6
204.235,244.0,9646.2
204.275,244.0,9648.9
204.314,244.0,9651.5
204.360,244.0,9654.6
204.395,245.0,9657.0
204.435,244.0,9659.7
204.475,244.0,9662.4
204.515,244.0,9665.1
204.555,244.0,9667.8
204.604,243.0,9671.2
204.635,244.0,9673.3
204.675,244.0,9676.0
204.715,244.0,9678.7
204.754,243.0,9681.3
204.795,243.0,9684.1
204.833,242.0,9686.6
204.875,242.0,9689.5
204.915,242.0,9692.2
204.955,243.0,9694.9
204.998,242.0,9697.8
205.037,241.0,9700.4
205.074,241.0,9702.8
205.114,241.0,9705.5
205.154,241.0,9708.2
205.195,241.0,9710.9
205.240,240.0,9714.0
205.277,240.0,9716.4
205.314,240.0,9718.9
205.355,240.0,9721.6
205.394,239.0,9724.2
205.435,238.0,9726.9
205.475,237.0,9729.6
205.515,237.0,9732.2
205.555,236.0,9734.8
205.595,236.0,9737.5
205.635,234.0,9740.1
205.675,234.0,9742.7
205.714,234.0,9745.2
205.755,232.0,9747.9
205.795,232.0,9750.4
205.834,232.0,9752.9
205.877,232.0,9755.7
205.920,232.0,9758.5
205.955,232.0,9760.7
205.994,231.0,9763.2
206.039,231.0,9766.1
206.078,231.0,9768.6
206.118,231.0,9771.2
206.164,231.0,9774.2
206.204,231.0,9776.7
206.239,232.0,9779.0
206.274,232.0,9781.2
206.315,232.0,9783.9
206.355,232.0,9786.4
206.395,232.0,9789.0
206.434,232.0,9791.5
206.481,233.0,9794.6
206.515,233.0,9796.8
206.555,233.0,9799.4
206.594,232.0,9801.9
206.634,233.0,9804.5
206.675,233.0,9807.1
206.717,233.0,9809.8
206.754,233.0,9812.2
206.797,233.0,9815.0
206.844,233.0,9818.1
206.874,233.0,9820.0
206.915,233.0,9822.7
206.956,233.0,9825.3
206.995,232.0,9827.8
207.034,233.0,9830.3
207.077,233.0,9833.1
207.120,233.0,9835.9
207.156,233.0,9838.2
207.195,233.0,9840.8
207.234,233.0,9843.3
207.275,234.0,9845.9
207.315,234.0,9848.5
207.359,234.0,9851.4
207.394,235.0,9853.7
207.435,236.0,9856.4
207.475,236.0,9859.0
207.515,237.0,9861.6
207.555,237.0,9864.3
207.595,237.0,9866.9
207.635,238.0,9869.5
207.681,238.0,9872.6
207.721,238.0,9875.2
207.754,239.0,9877.4
207.795,239.0,9880.1
207.834,239.0,9882.7
207.875,240.0,9885.4
207.916,240.0,9888.2
207.954,240.0,9890.7
208.004,241.0,9894.0
208.037,241.0,9896.3
208.077,241.0,9898.9
208.117,241.0,9901.6
208.160,241.0,9904.5
208.197,241.0,9907.0
208.237,242.0,9909.6
208.334,243.0,9916.2
208.357,243.0,9917.7
208.379,244.0,9919.2
208.397,244.0,9920.4
208.435,245.0,9923.0
208.475,245.0,9925.7
208.515,245.0,9928.5
208.556,246.0,9931.3
208.595,246.0,9933.9
208.637,247.0,9936.8
208.674,248.0,9939.3
208.714,248.0,9942.1
208.755,248.0,9944.9
208.794,248.0,9947.6
208.835,249.0,9950.4
208.875,250.0,9953.2
208.919,251.0,9956.3
208.955,251.0,9958.8
208.995,251.0,9961.6
209.035,252.0,9964.4
209.075,253.0,9967.2
209.115,253.0,9970.0
209.163,253.0,9973.4
209.198,253.0,9975.8
209.235,254.0,9978.4
209.276,254.0,9981.3
209.314,254.0,9984.0
209.355,254.0,9986.9
209.396,255.0,9989.8
209.435,256.0,9992.6
209.479,257.0,9995.7
209.521,257.0,9998.7
209.555,257.0,10001.1
209.595,257.0,10004.0
209.635,258.0,10006.8
209.674,258.0,10009.6
209.714,258.0,10012.5
209.754,259.0,10015.4
209.804,259.0,10019.0
209.836,260.0,10021.3
209.875,261.0,10024.1
209.915,261.0,10027.0
209.995,261.0,10032.8
210.082,262.0,10039.1
210.122,262.0,10042.0
210.158,263.0,10044.7
210.198,263.0,10047.6
210.237,263.0,10050.4
210.281,263.0,10053.6
210.318,263.0,10056.3
210.359,264.0,10059.3
210.401,265.0,10062.4
210.438,265.0,10065.2
210.476,265.0,10067.9
210.516,265.0,10070.9
210.555,266.0,10073.8
210.594,266.0,10076.7
210.634,266.0,10079.6
210.674,267.0,10082.6
210.718,267.0,10085.8
210.756,267.0,10088.6
210.795,267.0,10091.5
210.834,269.0,10094.4
210.876,269.0,10097.6
210.915,269.0,10100.5
210.955,269.0,10103.5
210.995,269.0,10106.5
211.035,270.0,10109.5
211.074,270.0,10112.4
211.114,270.0,10115.4
211.157,270.0,10118.6
211.195,270.0,10121.5
211.235,272.0,10124.5
211.285,272.0,10128.3
211.316,272.0,10130.6
211.355,272.0,10133.5
211.394,272.0,10136.5
211.435,272.0,10139.6
211.477,273.0,10142.8
211.515,273.0,10145.7
211.564,273.0,10149.4
211.597,274.0,10151.9
211.635,275.0,10154.8
211.674,275.0,10157.8
211.717,275.0,10161.0
211.754,275.0,10163.9
211.795,275.0,10167.0
211.844,276.0,10170.7
211.876,276.0,10173.2
211.915,276.0,10176.2
211.955,277.0,10179.3
211.996,277.0,10182.4
212.037,278.0,10185.6
212.075,278.0,10188.5
212.123,278.0,10192.2
212.163,278.0,10195.3
212.195,278.0,10197.8
212.235,279.0,10200.9
212.277,279.0,10204.1
212.319,279.0,10207.4
212.361,279.0,10210.6
212.398,279.0,10213.5
212.445,280.0,10217.2
212.475,281.0,10219.5
212.515,281.0,10222.6
212.556,281.0,10225.8
212.594,281.0,10228.8
212.636,281.0,10232.1
212.676,282.0,10235.2
212.718,282.0,10238.5
212.755,283.0,10241.4
212.798,283.0,10244.8
212.835,282.0,10247.7
212.875,283.0,10250.8
212.917,283.0,10254.1
212.956,283.0,10257.2
212.996,283.0,10260.3
213.035,282.0,10263.4
213.083,281.0,10267.1
213.115,281.0,10269.6
213.157,280.0,10272.9
213.195,279.0,10275.8
213.235,278.0,10278.9
213.276,278.0,10282.1
213.314,277.0,10285.0
213.355,277.0,10288.2
213.405,275.0,10292.0
213.436,273.0,10294.4
213.475,273.0,10297.3
213.515,273.0,10300.4
213.556,272.0,10303.5
213.595,271.0,10306.4
213.636,268.0,10309.5
213.675,267.0,10312.4
213.716,267.0,10315.4
213.755,267.0,10318.3
213.795,267.0,10321.3
213.837,265.0,10324.4
213.876,264.0,10327.3
213.917,263.0,10330.3
213.956,263.0,10333.1
213.995,262.0,10336.0
214.076,260.0,10341.8
214.115,259.0,10344.6
214.158,259.0,10347.7
214.195,258.0,10350.4
214.236,258.0,10353.3
214.280,257.0,10356.5
214.322,257.0,10359.5
214.358,256.0,10362.0
214.402,256.0,10365.2
214.439,256.0,10367.8
214.481,256.0,10370.8
214.515,256.0,10373.2
214.557,256.0,10376.2
214.595,255.0,10378.9
214.651,256.0,10382.9
214.678,255.0,10384.8
214.715,255.0,10387.4
214.756,255.0,10390.3
214.796,255.0,10393.1
214.837,255.0,10396.0
214.874,255.0,10398.7
214.917,255.0,10401.7
214.955,255.0,10404.4
214.996,255.0,10407.3
215.036,256.0,10410.1
215.076,256.0,10413.0
215.140,256.0,10417.5
215.173,255.0,10419.9
215.196,255.0,10421.5
215.236,255.0,10424.3
215.275,255.0,10427.1
215.318,255.0,10430.1
215.357,255.0,10432.9
215.396,255.0,10435.7
215.439,255.0,10438.7
215.484,255.0,10441.9
215.517,254.0,10444.2
215.556,254.0,10447.0
215.596,254.0,10449.8
215.636,254.0,10452.6
215.677,254.0,10455.5
215.717,254.0,10458.3
215.758,254.0,10461.2
215.798,253.0,10464.1
215.836,252.0,10466.7
215.876,253.0,10469.5
215.917,253.0,10472.4
215.957,253.0,10475.2
215.996,252.0,10478.0
216.037,251.0,10480.8
216.093,252.0,10484.7
216.117,252.0,10486.4
216.156,252.0,10489.1
216.197,252.0,10492.0
216.235,252.0,10494.7
216.277,251.0,10497.6
216.322,251.0,10500.7
216.361,251.0,10503.5
216.400,251.0,10506.2
216.441,251.0,10509.0
216.479,250.0,10511.7
216.517,250.0,10514.3
216.558,250.0,10517.2
216.597,250.0,10519.9
216.637,250.0,10522.7
216.679,250.0,10525.6
216.718,250.0,10528.3
216.757,251.0,10531.0
216.797,251.0,10533.8
216.837,251.0,10536.6
216.878,252.0,10539.4
216.917,252.0,10542.2
216.957,252.0,10545.0
216.997,252.0,10547.8
217.036,252.0,10550.5
217.076,252.0,10553.3
217.116,252.0,10556.1
217.156,252.0,10558.9
217.197,252.0,10561.8
217.238,252.0,10564.6
217.277,252.0,10567.4
217.323,252.0,10570.6
217.356,252.0,10572.9
217.396,252.0,10575.7
217.437,253.0,10578.6
217.477,252.0,10581.4
217.516,252.0,10584.1
217.557,252.0,10587.0
217.604,251.0,10590.3
217.638,251.0,10592.6
217.675,250.0,10595.2
217.717,250.0,10598.1
217.755,249.0,10600.8
217.798,248.0,10603.7
218.107,246.0,10624.9
218.131,244.0,10626.6
218.150,244.0,10627.8
218.181,236.0,10629.9
218.212,235.0,10631.9
218.237,232.0,10633.6
218.323,231.0,10639.1
218.360,229.0,10641.5
218.401,228.0,10644.1
218.442,226.0,10646.6
218.485,225.0,10649.3
218.519,225.0,10651.5
218.557,224.0,10653.8
218.596,222.0,10656.2
218.635,219.0,10658.6
218.676,218.0,10661.1
218.716,218.0,10663.5
218.757,218.0,10666.0
218.796,216.0,10668.4
218.844,213.0,10671.2
218.876,212.0,10673.1
218.918,212.0,10675.6
218.956,211.0,10677.8
218.994,210.0,10680.1
219.035,207.0,10682.4
219.074,206.0,10684.7
219.118,205.0,10687.2
219.163,205.0,10689.7
219.198,204.0,10691.7
219.234,202.0,10693.8
219.356,199.0,10700.6
219.396,198.0,10702.8
219.448,195.0,10705.6
219.485,194.0,10707.6
219.517,194.0,10709.3
219.556,193.0,10711.4
219.594,192.0,10713.5
219.634,190.0,10715.6
219.689,188.0,10718.5
219.720,188.0,10720.1
219.765,187.0,10722.4
219.796,185.0,10724.0
219.837,183.0,10726.1
219.877,182.0,10728.2
219.918,181.0,10730.2
219.957,181.0,10732.2
219.997,180.0,10734.2
220.041,178.0,10736.4
220.083,177.0,10738.4
220.116,176.0,10740.1
220.156,176.0,10742.0
220.198,175.0,10744.1
220.235,174.0,10745.9
220.276,174.0,10747.8
220.317,173.0,10749.8
220.363,173.0,10752.0
220.399,173.0,10753.8
220.442,172.0,10755.8
220.480,172.0,10757.6
220.519,172.0,10759.5
220.556,172.0,10761.3
220.595,172.0,10763.1
220.636,173.0,10765.1
220.702,173.0,10768.3
220.726,173.0,10769.4
220.756,173.0,10770.9
220.796,173.0,10772.8
220.836,174.0,10774.7
220.877,174.0,10776.7
220.917,174.0,10778.6
220.958,174.0,10780.6
220.997,174.0,10782.5
221.037,174.0,10784.4
221.074,174.0,10786.2
221.117,174.0,10788.3
221.155,174.0,10790.1
221.194,175.0,10792.0
221.235,175.0,10794.0
221.283,175.0,10796.3
221.323,175.0,10798.3
221.357,175.0,10799.9
221.396,175.0,10801.8
221.435,175.0,10803.7
221.476,175.0,10805.7
221.516,175.0,10807.7
221.557,175.0,10809.7
221.603,175.0,10811.9
221.638,175.0,10813.6
221.678,175.0,10815.5
221.716,176.0,10817.4
221.754,176.0,10819.3
221.795,176.0,10821.3
221.835,176.0,10823.2
221.875,176.0,10825.2
221.916,176.0,10827.2
221.956,176.0,10829.1
221.995,177.0,10831.0
222.037,178.0,10833.1
222.075,179.0,10835.0
222.115,179.0,10837.0
222.158,179.0,10839.1
222.195,180.0,10841.0
222.235,180.0,10843.0
222.274,181.0,10844.9
222.314,181.0,10846.9
222.594,181.0,10861.0
222.617,182.0,10862.2
222.647,183.0,10863.7
222.671,186.0,10864.9
222.712,187.0,10867.0
222.755,187.0,10869.3
222.795,187.0,10871.4
222.833,188.0,10873.3
222.874,189.0,10875.5
222.912,189.0,10877.5
222.952,189.0,10879.6
222.992,190.0,10881.7
223.033,191.0,10883.9
223.077,192.0,10886.2
223.113,192.0,10888.1
223.154,192.0,10890.3
223.193,192.0,10892.4
223.232,194.0,10894.5
223.273,195.0,10896.7
223.315,195.0,10899.0
223.354,196.0,10901.1
223.397,196.0,10903.4
223.436,197.0,10905.6
223.475,197.0,10907.7
223.514,198.0,10909.8
223.554,198.0,10912.0
223.595,198.0,10914.3
223.635,200.0,10916.5
223.679,200.0,10918.9
223.719,200.0,10921.2
223.759,202.0,10923.4
223.794,202.0,10925.4
223.834,204.0,10927.6
223.874,204.0,10929.9
223.914,204.0,10932.1
223.966,204.0,10935.1
223.996,205.0,10936.8
224.035,207.0,10939.0
224.075,207.0,10941.3
224.114,207.0,10943.6
224.155,208.0,10945.9
224.195,208.0,10948.2
224.236,209.0,10950.6
224.287,210.0,10953.6
224.315,210.0,10955.2
224.355,210.0,10957.6
224.394,211.0,10959.8
224.434,212.0,10962.2
224.475,213.0,10964.6
224.516,213.0,10967.0
224.555,213.0,10969.3
224.597,213.0,10971.8
224.637,214.0,10974.2
224.675,215.0,10976.5
224.715,215.0,10978.8
224.761,216.0,10981.6
224.801,216.0,10984.0
224.840,217.0,10986.3
224.880,218.0,10988.8
224.918,218.0,10991.1
224.960,219.0,10993.6
224.995,219.0,10995.7
225.034,220.0,10998.1
225.074,221.0,11000.6
225.155,221.0,11005.5
225.194,221.0,11007.9
225.243,223.0,11011.0
225.275,223.0,11012.9
225.315,224.0,11015.4
225.353,224.0,11017.8
225.394,225.0,11020.3
225.435,225.0,11022.9
225.475,226.0,11025.4
225.515,226.0,11027.9
225.555,226.0,11030.4
225.595,227.0,11033.0
225.634,227.0,11035.4
225.674,228.0,11037.9
225.714,228.0,11040.5
225.755,229.0,11043.1
225.794,230.0,11045.6
225.835,230.0,11048.2
225.875,230.0,11050.7
225.915,230.0,11053.3
225.955,229.0,11055.8
225.995,228.0,11058.4
226.034,227.0,11060.8
226.075,227.0,11063.4
226.119,227.0,11066.2
226.157,226.0,11068.6
226.195,224.0,11071.0
226.235,222.0,11073.4
226.273,221.0,11075.8
226.315,221.0,11078.4
226.355,220.0,11080.8
226.395,218.0,11083.2
226.436,217.0,11085.7
226.478,215.0,11088.2
226.515,215.0,11090.5
226.555,214.0,11092.8
226.595,213.0,11095.2
226.636,210.0,11097.6
226.675,209.0,11099.9
226.716,208.0,11102.3
226.755,208.0,11104.5
226.797,208.0,11106.9
226.837,206.0,11109.2
226.877,205.0,11111.5
226.917,203.0,11113.8
226.957,203.0,11116.0
226.994,202.0,11118.1
227.074,200.0,11122.6
227.115,200.0,11124.9
227.155,200.0,11127.1
227.195,199.0,11129.3
227.234,197.0,11131.5
227.275,197.0,11133.7
227.313,197.0,11135.8
227.355,196.0,11138.1
227.393,196.0,11140.1
227.476,196.0,11144.7
227.498,196.0,11145.9
227.517,195.0,11146.9
227.554,195.0,11148.9
227.594,193.0,11151.1
227.634,191.0,11153.2
227.675,191.0,11155.4
227.718,191.0,11157.6
227.758,191.0,11159.8
227.795,191.0,11161.7
227.835,190.0,11163.8
227.875,189.0,11165.9
227.915,189.0,11168.0
227.955,189.0,11170.1
227.995,189.0,11172.2
228.039,188.0,11174.6
228.076,188.0,11176.5
228.114,188.0,11178.5
228.154,187.0,11180.6
228.195,187.0,11182.7
228.235,187.0,11184.8
228.275,187.0,11186.8
228.316,187.0,11189.0
228.355,187.0,11191.0
228.394,187.0,11193.0
228.435,187.0,11195.1
228.474,187.0,11197.2
228.514,187.0,11199.3
228.555,187.0,11201.4
228.596,187.0,11203.5
228.636,188.0,11205.6
228.675,188.0,11207.6
228.715,188.0,11209.7
228.754,188.0,11211.8
228.796,188.0,11214.0
228.837,189.0,11216.1
228.878,188.0,11218.2
228.928,188.0,11220.9
228.958,189.0,11222.4
228.994,189.0,11224.3
229.035,189.0,11226.5
229.074,189.0,11228.5
229.115,189.0,11230.7
229.154,189.0,11232.7
229.205,189.0,11235.4
229.235,190.0,11237.0
229.274,190.0,11239.0
229.315,190.0,11241.2
229.355,190.0,11243.3
229.395,190.0,11245.4
229.435,191.0,11247.5
229.476,191.0,11249.7
229.516,191.0,11251.8
229.555,191.0,11253.9
229.594,191.0,11256.0
229.635,192.0,11258.2
229.675,193.0,11260.3
229.714,193.0,11262.4
229.759,193.0,11264.8
229.799,194.0,11266.9
229.834,195.0,11268.8
229.874,195.0,11271.0
229.914,195.0,11273.2
229.954,196.0,11275.3
229.994,197.0,11277.5
230.034,199.0,11279.7
230.076,199.0,11282.0
230.115,199.0,11284.2
230.154,199.0,11286.4
230.194,200.0,11288.6
230.235,202.0,11290.9
230.275,202.0,11293.1
230.315,203.0,11295.4
230.356,203.0,11297.7
230.399,203.0,11300.1
230.435,204.0,11302.1
230.475,205.0,11304.4
230.514,205.0,11306.6
230.555,205.0,11309.0
230.595,206.0,11311.2
230.635,207.0,11313.5
230.677,208.0,11316.0
230.720,208.0,11318.4
230.755,209.0,11320.5
230.797,209.0,11322.9
230.837,210.0,11325.2
230.876,210.0,11327.5
230.917,210.0,11329.9
230.958,211.0,11332.3
230.998,212.0,11334.6
231.034,213.0,11336.8
231.075,214.0,11339.2
231.114,214.0,11341.5
231.155,214.0,11344.0
231.195,214.0,11346.3
231.241,216.0,11349.1
231.281,216.0,11351.5
231.317,216.0,11353.6
231.355,217.0,11355.9
231.396,218.0,11358.4
231.436,216.0,11360.8
231.475,215.0,11363.2
231.533,214.0,11366.6
231.558,214.0,11368.1
231.595,213.0,11370.3
231.635,210.0,11372.6
231.676,207.0,11375.0
231.714,207.0,11377.2
231.755,206.0,11379.5
231.796,204.0,11381.9
231.835,202.0,11384.1
231.875,201.0,11386.3
231.915,201.0,11388.6
231.955,199.0,11390.8
231.995,196.0,11393.0
232.036,193.0,11395.2
232.074,192.0,11397.2
232.120,192.0,11399.7
232.155,192.0,11401.5
232.195,191.0,11403.7
232.235,188.0,11405.8
232.275,186.0,11407.8
232.315,186.0,11409.9
232.355,184.0,11412.0
232.397,183.0,11414.1
232.440,181.0,11416.3
232.475,180.0,11418.0
232.515,180.0,11420.0
232.555,179.0,11422.0
232.596,178.0,11424.1
232.634,175.0,11425.9
232.674,173.0,11427.9
232.715,173.0,11429.8
232.755,172.0,11431.8
232.795,171.0,11433.7
232.835,170.0,11435.6
232.877,169.0,11437.5
232.917,169.0,11439.4
232.958,168.0,11441.3
232.997,167.0,11443.1
233.038,165.0,11445.0
233.078,162.0,11446.8
233.117,162.0,11448.6
233.157,162.0,11450.4
233.197,161.0,11452.2
233.234,159.0,11453.8
233.275,158.0,11455.6
233.320,158.0,11457.6
233.357,156.0,11459.2
233.395,155.0,11460.9
233.435,152.0,11462.6
233.475,150.0,11464.3
233.515,150.0,11465.9
233.555,149.0,11467.6
233.595,147.0,11469.2
233.639,144.0,11471.0
233.678,143.0,11472.6
233.715,143.0,11474.0
233.754,142.0,11475.6
233.795,139.0,11477.2
233.834,136.0,11478.7
233.876,134.0,11480.2
233.928,134.0,11482.2
233.961,133.0,11483.4
233.995,132.0,11484.7
234.035,130.0,11486.1
234.074,128.0,11487.5
234.114,127.0,11488.9
234.156,127.0,11490.4
234.201,125.0,11492.0
234.240,122.0,11493.3
234.275,121.0,11494.5
234.314,121.0,11495.8
234.355,120.0,11497.2
234.395,119.0,11498.5
234.435,116.0,11499.8
234.474,115.0,11501.1
234.523,115.0,11502.6
234.558,113.0,11503.7
234.594,112.0,11504.9
234.635,110.0,11506.1
234.675,109.0,11507.3
234.715,108.0,11508.6
234.754,108.0,11509.7
234.799,107.0,11511.1
234.834,106.0,11512.1
234.874,105.0,11513.3
234.914,105.0,11514.4
234.955,104.0,11515.6
234.995,102.0,11516.8
235.041,99.0,11518.1
235.081,99.0,11519.2
235.116,98.0,11520.1
235.157,98.0,11521.2
235.197,97.0,11522.3
235.235,94.0,11523.3
235.279,93.0,11524.5
235.317,92.0,11525.4
235.355,92.0,11526.4
235.395,92.0,11527.4
235.434,90.0,11528.4
235.474,89.0,11529.4
235.517,89.0,11530.5
235.558,88.0,11531.5
235.595,87.0,11532.4
235.635,86.0,11533.3
235.675,85.0,11534.3
235.715,84.0,11535.2
235.754,84.0,11536.1
235.795,83.0,11537.1
235.835,83.0,11538.0
235.875,83.0,11538.9
235.915,83.0,11539.9
235.955,83.0,11540.8
235.995,82.0,11541.7
236.034,80.0,11542.6
236.076,80.0,11543.5
236.119,80.0,11544.5
236.162,80.0,11545.4
236.195,80.0,11546.2
236.235,81.0,11547.1
236.275,81.0,11548.0
236.314,80.0,11548.8
236.354,80.0,11549.7
236.400,79.0,11550.7
236.435,79.0,11551.5
236.475,79.0,11552.4
236.515,79.0,11553.3
236.555,78.0,11554.1
236.596,78.0,11555.0
236.634,78.0,11555.8
236.675,78.0,11556.7
236.720,78.0,11557.7
236.757,78.0,11558.5
236.794,77.0,11559.3
236.835,77.0,11560.2
236.874,77.0,11561.0
236.915,78.0,11561.9
236.955,78.0,11562.8
237.327,78.0,11570.8
237.358,79.0,11571.5
237.386,80.0,11572.1
237.410,84.0,11572.7
237.439,85.0,11573.3
237.477,85.0,11574.2
237.518,85.0,11575.2
237.558,85.0,11576.2
237.597,86.0,11577.1
237.639,88.0,11578.1
237.675,89.0,11579.0
237.715,89.0,11580.0
237.754,89.0,11580.9
237.795,90.0,11582.0
237.834,91.0,11582.9
237.874,92.0,11583.9
237.924,92.0,11585.2
237.964,92.0,11586.2
237.997,93.0,11587.1
238.035,95.0,11588.1
238.075,96.0,11589.1
238.115,96.0,11590.2
238.154,96.0,11591.3
238.195,97.0,11592.4
238.242,99.0,11593.6
238.278,100.0,11594.6
238.315,100.0,11595.7
238.355,101.0,11596.8
238.395,102.0,11597.9
238.436,103.0,11599.1
238.475,104.0,11600.2
238.515,105.0,11601.4
238.558,105.0,11602.6
238.598,107.0,11603.8
238.635,108.0,11604.9
238.675,109.0,11606.1
238.714,110.0,11607.3
238.755,110.0,11608.5
238.794,111.0,11609.7
238.834,112.0,11611.0
238.883,113.0,11612.5
238.915,113.0,11613.5
238.955,114.0,11614.8
238.995,115.0,11616.0
239.034,117.0,11617.3
239.076,118.0,11618.7
239.122,118.0,11620.2
239.158,119.0,11621.4
239.193,119.0,11622.5
239.234,121.0,11623.9
239.275,122.0,11625.3
239.314,122.0,11626.6
239.355,122.0,11628.0
239.398,123.0,11629.4
239.439,125.0,11630.9
239.477,126.0,11632.2
239.518,127.0,11633.6
239.560,127.0,11635.1
239.599,127.0,11636.5
239.636,129.0,11637.8
239.675,130.0,11639.2
239.716,130.0,11640.7
239.756,131.0,11642.1
239.796,131.0,11643.6
239.834,133.0,11645.0
239.875,134.0,11646.5
239.915,134.0,11648.0
239.955,135.0,11649.5
239.997,136.0,11651.1
240.036,137.0,11652.5
240.074,138.0,11654.0
240.115,138.0,11655.6
240.155,139.0,11657.1
240.195,140.0,11658.6
240.234,143.0,11660.2
240.283,144.0,11662.1
240.320,144.0,11663.6
240.354,144.0,11665.0
240.394,144.0,11666.6
240.434,147.0,11668.2
240.475,149.0,11669.9
240.515,150.0,11671.5
240.555,150.0,11673.2
240.594,150.0,11674.8
240.639,151.0,11676.7
240.675,153.0,11678.2
240.715,154.0,11679.9
240.755,154.0,11681.6
240.794,155.0,11683.3
240.835,156.0,11685.1
240.874,157.0,11686.8
240.916,158.0,11688.6
240.964,158.0,11690.7
240.995,159.0,11692.1
241.035,161.0,11693.9
241.074,162.0,11695.6
241.116,162.0,11697.5
241.155,163.0,11699.3
241.195,163.0,11701.1
241.249,165.0,11703.5
241.276,166.0,11704.8
241.315,167.0,11706.6
241.354,167.0,11708.4
241.395,168.0,11710.3
241.435,169.0,11712.2
241.479,170.0,11714.3
241.517,170.0,11716.0
241.565,171.0,11718.3
241.598,172.0,11719.9
241.638,173.0,11721.8
241.675,173.0,11723.6
241.714,173.0,11725.5
241.755,174.0,11727.4
241.795,175.0,11729.4
241.844,176.0,11731.8
241.879,176.0,11733.5
241.914,176.0,11735.2
241.954,176.0,11737.1
241.995,176.0,11739.1
242.035,177.0,11741.1
242.075,178.0,11743.1
242.115,178.0,11745.1
242.159,178.0,11747.2
242.197,179.0,11749.1
242.235,180.0,11751.0
242.273,180.0,11752.9
242.315,180.0,11755.0
242.355,180.0,11757.0
242.395,181.0,11759.0
242.436,184.0,11761.1
242.477,184.0,11763.2
242.516,184.0,11765.2
242.555,184.0,11767.2
242.595,185.0,11769.2
242.635,186.0,11771.3
242.675,187.0,11773.4
242.716,187.0,11775.5
242.756,188.0,11777.6
242.803,188.0,11780.0
242.835,189.0,11781.7
242.876,189.0,11783.9
242.914,190.0,11785.9
242.955,191.0,11788.0
242.995,192.0,11790.2
243.035,193.0,11792.3
243.077,194.0,11794.5
243.122,194.0,11797.0
243.155,194.0,11798.8
243.195,195.0,11800.9
243.235,197.0,11803.1
243.275,198.0,11805.3
243.315,198.0,11807.5
243.355,198.0,11809.7
243.402,198.0,11812.3
243.439,196.0,11814.3
243.475,195.0,11816.3
243.517,195.0,11818.5
243.560,193.0,11820.8
243.599,192.0,11822.9
243.639,189.0,11825.0
243.679,187.0,11827.1
243.723,187.0,11829.4
243.757,186.0,11831.2
243.798,186.0,11833.3
243.839,183.0,11835.4
243.878,181.0,11837.4
243.914,181.0,11839.2
243.956,179.0,11841.3
244.006,177.0,11843.8
244.035,176.0,11845.2
244.076,175.0,11847.2
244.114,175.0,11849.0
244.156,174.0,11851.1
244.196,172.0,11853.0
244.235,168.0,11854.8
244.280,167.0,11856.9
244.324,167.0,11859.0
244.355,166.0,11860.4
244.395,165.0,11862.2
244.436,163.0,11864.1
244.476,162.0,11865.9
244.516,160.0,11867.7
244.562,160.0,11869.7
244.601,159.0,11871.5
244.635,157.0,11873.0
244.675,157.0,11874.7
244.716,157.0,11876.5
244.758,156.0,11878.3
244.796,154.0,11880.0
244.838,152.0,11881.7
244.875,150.0,11883.3
244.926,150.0,11885.4
244.958,148.0,11886.7
244.995,147.0,11888.3
245.035,144.0,11889.9
245.076,143.0,11891.5
245.115,143.0,11893.1
245.155,141.0,11894.6
245.196,139.0,11896.2
245.237,136.0,11897.8
245.275,134.0,11899.2
245.314,134.0,11900.7
245.355,133.0,11902.2
245.397,132.0,11903.7
245.438,129.0,11905.2
245.475,127.0,11906.5
245.532,127.0,11908.5
245.562,125.0,11909.6
245.596,124.0,11910.8
245.635,121.0,11912.1
245.675,119.0,11913.4
245.720,119.0,11914.9
245.763,118.0,11916.3
245.799,116.0,11917.5
245.843,113.0,11918.9
245.880,112.0,11920.1
245.915,112.0,11921.2
245.955,111.0,11922.4
245.995,109.0,11923.6
246.036,106.0,11924.8
246.075,105.0,11926.0
246.116,103.0,11927.2
246.158,103.0,11928.4
246.194,102.0,11929.4
246.236,101.0,11930.6
246.275,100.0,11931.7
246.317,100.0,11932.8
246.363,99.0,11934.1
246.395,98.0,11935.0
246.435,97.0,11936.1
246.477,97.0,11937.2
246.515,97.0,11938.2
246.604,97.0,11940.6
246.635,96.0,11941.4
246.655,96.0,11942.0
246.679,95.0,11942.6
246.723,95.0,11943.8
246.755,94.0,11944.6
246.796,93.0,11945.7
246.835,92.0,11946.7
246.876,92.0,11947.7
246.917,92.0,11948.8
246.957,91.0,11949.8
247.002,90.0,11950.9
247.036,89.0,11951.8
247.077,88.0,11952.8
247.115,88.0,11953.7
247.157,87.0,11954.7
247.196,87.0,11955.7
247.237,86.0,11956.7
247.276,86.0,11957.6
247.325,86.0,11958.8
247.356,85.0,11959.5
247.396,85.0,11960.4
247.435,85.0,11961.4
247.476,85.0,11962.3
247.517,86.0,11963.3
247.557,86.0,11964.3
247.598,86.0,11965.2
247.636,85.0,11966.1
247.683,85.0,11967.2
247.720,85.0,11968.1
247.760,86.0,11969.1
247.800,87.0,11970.0
247.840,86.0,11971.0
247.880,85.0,11971.9
247.916,85.0,11972.8
247.959,85.0,11973.8
248.000,86.0,11974.8
248.036,85.0,11975.6
248.075,85.0,11976.6
248.117,85.0,11977.6
248.156,85.0,11978.5
248.196,85.0,11979.4
248.238,85.0,11980.4
248.276,85.0,11981.3
248.316,85.0,11982.3
248.356,85.0,11983.2
248.395,86.0,11984.1
248.437,86.0,11985.1
248.477,86.0,11986.1
248.516,86.0,11987.0
248.565,85.0,11988.2
248.599,85.0,11989.0
248.636,85.0,11989.9
248.676,85.0,11990.8
248.717,85.0,11991.8
248.756,85.0,11992.7
248.796,84.0,11993.6
248.835,83.0,11994.5
248.877,83.0,11995.5
248.918,83.0,11996.4
248.956,83.0,11997.3
248.995,84.0,11998.2
249.037,83.0,11999.2
249.076,83.0,12000.1
249.116,83.0,12001.0
249.157,83.0,12002.0
249.197,83.0,12002.9
249.235,83.0,12003.8
249.277,83.0,12004.7
249.317,83.0,12005.7
249.358,84.0,12006.6
249.396,83.0,12007.5
249.455,83.0,12008.8
249.485,84.0,12009.5
249.518,84.0,12010.3
249.556,84.0,12011.2
249.596,84.0,12012.1
249.637,84.0,12013.1
249.676,84.0,12014.0
249.719,84.0,12015.0
249.763,84.0,12016.0
249.802,84.0,12016.9
249.841,84.0,12017.8
249.880,84.0,12018.8
249.920,84.0,12019.7
249.956,84.0,12020.5
249.997,84.0,12021.5
250.037,84.0,12022.4
250.080,83.0,12023.4
250.118,83.0,12024.3
250.157,84.0,12025.2
250.196,84.0,12026.1
250.237,84.0,12027.1
250.277,84.0,12028.0
250.316,84.0,12028.9
250.358,84.0,12029.9
250.404,83.0,12031.0
250.436,85.0,12031.7
250.476,85.0,12032.6
250.517,85.0,12033.6
250.557,85.0,12034.6
250.595,84.0,12035.5
250.637,84.0,12036.4
250.683,84.0,12037.5
250.731,84.0,12038.6
250.756,84.0,12039.2
250.796,84.0,12040.1
250.836,85.0,12041.1
250.877,85.0,12042.0
250.918,85.0,12043.0
250.956,86.0,12043.9
251.000,87.0,12045.0
251.041,88.0,12046.0
251.076,88.0,12046.8
251.116,88.0,12047.8
251.156,89.0,12048.8
251.197,89.0,12049.8
251.253,92.0,12051.2
251.278,92.0,12051.9
251.317,92.0,12052.8
251.355,92.0,12053.8
251.395,93.0,12054.8
251.438,95.0,12056.0
251.477,97.0,12057.0
251.514,97.0,12058.0
251.563,98.0,12059.3
251.597,98.0,12060.3
251.636,99.0,12061.3
251.676,101.0,12062.4
251.718,102.0,12063.6
251.760,102.0,12064.8
251.802,104.0,12066.0
251.843,103.0,12067.2
251.880,103.0,12068.2
251.927,103.0,12069.6
251.962,103.0,12070.6
251.997,104.0,12071.6
252.035,107.0,12072.7
252.077,108.0,12074.0
252.115,108.0,12075.1
252.157,109.0,12076.4
252.206,110.0,12077.9
252.257,110.0,12079.4
252.280,111.0,12080.1
252.316,113.0,12081.3
252.356,113.0,12082.5
252.394,114.0,12083.7
252.435,116.0,12085.0
252.477,116.0,12086.4
252.518,116.0,12087.7
252.563,116.0,12089.1
252.602,118.0,12090.4
252.638,120.0,12091.6
252.676,120.0,12092.9
252.716,120.0,12094.2
252.758,121.0,12095.6
252.798,121.0,12096.9
252.849,124.0,12098.7
252.884,125.0,12099.9
252.917,127.0,12101.0
252.956,127.0,12102.4
252.999,128.0,12103.9
253.037,129.0,12105.3
253.076,130.0,12106.7
253.117,132.0,12108.2
253.163,132.0,12109.9
253.194,134.0,12111.0
253.236,136.0,12112.6
253.275,137.0,12114.1
253.316,138.0,12115.6
253.356,138.0,12117.2
253.396,139.0,12118.7
253.437,141.0,12120.3
253.476,142.0,12121.8
253.516,142.0,12123.4
253.557,143.0,12125.0
253.598,144.0,12126.7
253.638,146.0,12128.3
253.675,147.0,12129.8
253.718,147.0,12131.6
253.760,148.0,12133.3
253.801,149.0,12135.0
253.841,151.0,12136.6
253.882,152.0,12138.4
253.920,152.0,12140.0
253.959,153.0,12141.6
254.019,154.0,12144.2
254.046,156.0,12145.3
254.079,157.0,12146.8
254.121,157.0,12148.6
254.153,158.0,12150.0
254.194,159.0,12151.8
254.234,161.0,12153.6
254.280,162.0,12155.6
254.319,162.0,12157.4
254.356,162.0,12159.1
254.395,163.0,12160.8
254.435,165.0,12162.7
254.474,166.0,12164.4
254.515,167.0,12166.3
254.554,167.0,12168.2
254.594,168.0,12170.0
254.640,170.0,12172.2
254.676,171.0,12173.9
254.714,172.0,12175.7
254.758,172.0,12177.8
254.796,173.0,12179.6
254.835,175.0,12181.5
254.874,177.0,12183.4
254.914,178.0,12185.4
254.955,178.0,12187.4
255.004,179.0,12189.8
255.037,181.0,12191.5
255.077,183.0,12193.5
255.114,183.0,12195.4
255.155,184.0,12197.5
255.195,185.0,12199.5
255.234,187.0,12201.5
255.277,188.0,12203.8
255.313,188.0,12205.7
255.355,189.0,12207.9
255.394,190.0,12209.9
255.435,192.0,12212.1
255.477,193.0,12214.3
255.515,193.0,12216.4
255.554,194.0,12218.5
255.604,195.0,12221.2
255.637,197.0,12223.0
255.674,198.0,12225.0
255.713,198.0,12227.1
255.755,199.0,12229.5
255.795,200.0,12231.7
255.835,202.0,12233.9
255.883,203.0,12236.6
255.917,203.0,12238.5
255.960,204.0,12241.0
256.001,205.0,12243.3
256.039,208.0,12245.5
256.079,209.0,12247.8
256.208,210.0,12255.3
256.233,210.0,12256.7
256.256,214.0,12258.1
256.299,215.0,12260.7
256.340,215.0,12263.1
256.385,217.0,12265.8
256.425,218.0,12268.2
256.466,219.0,12270.7
256.507,220.0,12273.2
256.547,220.0,12275.7
256.588,221.0,12278.2
256.629,223.0,12280.7
256.751,226.0,12288.3
256.793,226.0,12290.9
256.833,228.0,12293.5
256.872,229.0,12295.9
256.912,229.0,12298.5
256.953,230.0,12301.1
256.993,232.0,12303.7
257.033,234.0,12306.3
257.073,235.0,12308.9
257.114,235.0,12311.5
257.154,235.0,12314.1
257.196,235.0,12316.9
257.233,237.0,12319.3
257.273,238.0,12322.0
257.314,238.0,12324.7
257.355,238.0,12327.4
257.400,238.0,12330.3
257.437,236.0,12332.8
257.475,235.0,12335.3
257.514,235.0,12337.8
257.554,234.0,12340.4
257.593,234.0,12343.0
257.635,232.0,12345.7
257.683,230.0,12348.8
257.720,230.0,12351.1
257.755,229.0,12353.3
257.793,228.0,12355.8
257.835,224.0,12358.4
257.875,223.0,12360.9
257.915,223.0,12363.4
257.955,222.0,12365.8
258.041,217.0,12371.1
258.080,216.0,12373.4
258.121,216.0,12375.9
258.162,214.0,12378.3
258.195,212.0,12380.3
258.235,210.0,12382.6
258.277,208.0,12385.1
258.317,208.0,12387.4
258.355,206.0,12389.6
258.395,205.0,12391.8
258.434,202.0,12394.0
258.475,200.0,12396.3
258.514,200.0,12398.5
258.555,198.0,12400.8
258.595,196.0,12403.0
258.637,194.0,12405.2
258.675,192.0,12407.3
258.715,192.0,12409.4
258.755,190.0,12411.5
258.795,188.0,12413.6
258.834,185.0,12415.6
258.876,185.0,12417.8
258.914,184.0,12419.8
258.955,183.0,12421.8
258.995,182.0,12423.9
259.034,181.0,12425.8
259.074,180.0,12427.8
259.115,180.0,12429.9
259.155,179.0,12431.9
259.196,177.0,12433.9
259.234,175.0,12435.8
259.276,174.0,12437.8
259.315,174.0,12439.7
259.354,173.0,12441.6
259.395,172.0,12443.5
259.435,171.0,12445.4
259.475,170.0,12447.3
259.515,170.0,12449.2
259.555,170.0,12451.1
259.597,169.0,12453.1
259.637,169.0,12455.0
259.675,169.0,12456.8
259.715,169.0,12458.6
259.754,169.0,12460.5
259.795,169.0,12462.4
259.834,168.0,12464.2
259.879,168.0,12466.3
259.915,168.0,12468.0
259.955,168.0,12469.9
259.996,168.0,12471.8
260.037,168.0,12473.7
260.077,168.0,12475.6
260.121,168.0,12477.6
260.162,168.0,12479.5
260.197,169.0,12481.2
260.234,170.0,12482.9
260.275,170.0,12484.8
260.314,170.0,12486.7
260.354,170.0,12488.6
260.394,171.0,12490.5
260.435,172.0,12492.4
260.495,172.0,12495.3
260.524,172.0,12496.7
260.555,172.0,12498.1
260.595,172.0,12500.1
260.634,174.0,12501.9
260.675,175.0,12503.9
260.715,175.0,12505.9
260.754,175.0,12507.8
260.800,176.0,12510.0
260.836,177.0,12511.8
260.874,178.0,12513.6
260.915,179.0,12515.7
260.955,179.0,12517.7
260.995,180.0,12519.7
261.035,181.0,12521.7
261.077,182.0,12523.8
261.120,182.0,12526.0
261.153,182.0,12527.6
261.194,183.0,12529.7
261.234,185.0,12531.7
261.275,185.0,12533.9
261.314,185.0,12535.9
261.354,186.0,12537.9
261.396,186.0,12540.1
261.436,187.0,12542.2
261.475,188.0,12544.2
261.515,188.0,12546.3
261.555,189.0,12548.4
261.594,190.0,12550.4
261.636,191.0,12552.7
261.675,192.0,12554.7
261.718,192.0,12557.0
261.755,192.0,12559.0
261.794,193.0,12561.1
261.834,194.0,12563.2
261.874,195.0,12565.4
261.915,195.0,12567.6
261.955,196.0,12569.8
261.999,197.0,12572.2
262.039,197.0,12574.4
262.076,198.0,12576.4
262.117,198.0,12578.7
262.157,198.0,12580.9
262.197,199.0,12583.1
262.358,202.0,12592.0
262.397,202.0,12594.2
262.435,203.0,12596.4
262.476,203.0,12598.7
262.516,203.0,12600.9
262.555,204.0,12603.1
262.597,203.0,12605.5
262.675,199.0,12609.9
262.715,199.0,12612.1
262.755,197.0,12614.3
262.795,196.0,12616.5
262.835,193.0,12618.6
262.874,191.0,12620.7
262.916,191.0,12622.9
262.956,190.0,12625.0
262.994,189.0,12627.0
263.035,186.0,12629.2
263.075,184.0,12631.2
263.115,184.0,12633.3
263.155,182.0,12635.3
263.201,180.0,12637.6
263.234,177.0,12639.3
263.275,175.0,12641.3
263.314,175.0,12643.2
263.355,173.0,12645.1
263.394,172.0,12647.0
263.435,168.0,12648.9
263.475,166.0,12650.8
263.519,166.0,12652.8
263.554,164.0,12654.4
263.595,163.0,12656.3
263.633,161.0,12658.0
263.673,160.0,12659.8
263.715,160.0,12661.7
263.755,158.0,12663.4
263.795,157.0,12665.2
263.835,154.0,12666.9
263.874,153.0,12668.6
263.914,153.0,12670.3
263.955,153.0,12672.0
263.995,152.0,12673.7
264.034,149.0,12675.3
264.079,148.0,12677.2
264.115,148.0,12678.7
264.155,147.0,12680.3
264.195,146.0,12681.9
264.237,145.0,12683.6
264.277,144.0,12685.2
264.317,144.0,12686.8
264.357,144.0,12688.4
264.404,144.0,12690.3
264.441,143.0,12691.8
264.477,143.0,12693.2
264.517,143.0,12694.8
264.556,143.0,12696.4
264.597,143.0,12698.0
264.634,143.0,12699.5
264.675,143.0,12701.1
264.720,143.0,12702.9
264.758,143.0,12704.4
264.795,144.0,12705.9
264.834,144.0,12707.4
264.875,144.0,12709.1
264.914,144.0,12710.6
264.955,144.0,12712.3
264.999,144.0,12714.0
265.039,144.0,12715.6
265.075,144.0,12717.1
265.115,144.0,12718.7
265.155,144.0,12720.3
265.196,143.0,12721.9
265.237,142.0,12723.5
265.276,142.0,12725.0
265.314,142.0,12726.5
265.353,142.0,12728.1
265.395,141.0,12729.7
265.436,141.0,12731.3
265.474,140.0,12732.8
265.516,140.0,12734.5
265.555,140.0,12736.0
265.594,140.0,12737.5
265.634,141.0,12739.1
265.675,140.0,12740.7
265.715,140.0,12742.2
265.963,140.0,12751.9
265.991,140.0,12752.9
266.011,140.0,12753.7
266.036,140.0,12754.7
266.075,140.0,12756.2
266.121,140.0,12758.0
266.155,140.0,12759.3
266.194,140.0,12760.8
266.235,140.0,12762.4
266.274,140.0,12763.9
266.315,140.0,12765.5
266.356,140.0,12767.1
266.395,139.0,12768.6
266.438,138.0,12770.3
266.477,138.0,12771.8
266.517,138.0,12773.3
266.557,137.0,12774.9
266.597,137.0,12776.4
266.634,135.0,12777.8
266.676,134.0,12779.3
266.716,134.0,12780.8
266.755,133.0,12782.3
266.794,133.0,12783.7
266.834,132.0,12785.2
266.875,131.0,12786.7
266.915,131.0,12788.2
266.960,131.0,12789.8
266.994,131.0,12791.0
267.035,131.0,12792.5
267.074,131.0,12793.9
267.114,131.0,12795.4
267.154,132.0,12796.9
267.195,131.0,12798.4
267.234,132.0,12799.8
267.276,133.0,12801.3
267.317,133.0,12802.8
267.354,133.0,12804.2
267.395,133.0,12805.7
267.436,133.0,12807.2
267.475,132.0,12808.7
267.515,132.0,12810.1
267.554,132.0,12811.6
267.598,132.0,12813.2
267.635,132.0,12814.5
267.675,132.0,12816.0
267.715,133.0,12817.5
267.754,133.0,12818.9
267.795,133.0,12820.4
267.835,133.0,12821.9
267.875,133.0,12823.4
267.917,133.0,12824.9
267.956,132.0,12826.4
267.996,132.0,12827.8
268.035,134.0,12829.3
268.075,134.0,12830.8
268.114,134.0,12832.2
268.154,134.0,12833.7
268.195,134.0,12835.2
268.237,135.0,12836.8
268.280,136.0,12838.4
268.320,136.0,12839.9
268.354,136.0,12841.2
268.393,137.0,12842.7
268.435,137.0,12844.3
268.477,138.0,12845.9
268.517,138.0,12847.4
268.559,138.0,12849.0
268.601,139.0,12850.7
268.637,141.0,12852.1
268.677,141.0,12853.6
268.718,141.0,12855.2
268.758,141.0,12856.8
268.797,142.0,12858.3
268.844,143.0,12860.2
268.877,143.0,12861.5
268.915,144.0,12863.0
268.955,144.0,12864.6
268.994,144.0,12866.2
269.034,146.0,12867.8
269.074,147.0,12869.4
269.115,147.0,12871.1
269.161,148.0,12873.0
269.201,149.0,12874.6
269.235,151.0,12876.0
269.274,152.0,12877.7
269.314,152.0,12879.4
269.354,153.0,12881.1
269.396,154.0,12882.9
269.433,154.0,12884.4
269.475,153.0,12886.2
269.515,153.0,12887.9
269.555,152.0,12889.6
269.594,151.0,12891.3
269.635,148.0,12893.0
269.675,147.0,12894.6
269.715,147.0,12896.2
269.756,146.0,12897.9
269.802,144.0,12899.8
269.835,142.0,12901.1
269.874,141.0,12902.6
269.915,141.0,12904.2
269.955,139.0,12905.8
269.994,137.0,12907.3
270.034,134.0,12908.8
270.082,133.0,12910.5
270.117,132.0,12911.8
270.155,132.0,12913.2
270.194,130.0,12914.6
270.234,128.0,12916.1
270.275,127.0,12917.5
270.314,126.0,12918.9
270.354,126.0,12920.3
270.402,125.0,12922.0
270.435,122.0,12923.1
270.475,121.0,12924.5
270.517,120.0,12925.9
270.554,120.0,12927.1
270.594,120.0,12928.4
270.635,118.0,12929.8
270.678,117.0,12931.2
270.720,117.0,12932.6
270.763,117.0,12934.0
270.797,117.0,12935.1
270.839,116.0,12936.4
270.878,116.0,12937.7
270.918,116.0,12939.0
270.957,116.0,12940.2
271.000,117.0,12941.6
271.039,116.0,12942.9
271.074,116.0,12944.0
271.114,116.0,12945.3
271.155,116.0,12946.6
271.195,116.0,12947.9
271.236,117.0,12949.2
271.275,116.0,12950.5
271.320,116.0,12951.9
271.354,116.0,12953.0
271.395,116.0,12954.4
271.435,115.0,12955.6
271.478,115.0,12957.0
271.515,115.0,12958.2
271.555,115.0,12959.5
271.601,115.0,12960.9
271.635,113.0,12962.0
271.679,113.0,12963.4
271.714,113.0,12964.5
271.755,113.0,12965.8
271.794,113.0,12967.0
271.836,112.0,12968.3
271.875,112.0,12969.5
271.915,111.0,12970.8
271.957,111.0,12972.1
271.997,111.0,12973.3
272.034,110.0,12974.4
272.075,110.0,12975.7
272.114,110.0,12976.9
272.155,110.0,12978.1
272.195,110.0,12979.4
272.235,109.0,12980.6
272.273,109.0,12981.7
272.316,109.0,12983.0
272.361,109.0,12984.4
272.395,109.0,12985.4
272.435,111.0,12986.6
272.474,111.0,12987.8
272.517,111.0,12989.2
272.555,112.0,12990.3
272.594,112.0,12991.6
272.637,113.0,12992.9
272.681,114.0,12994.3
272.715,114.0,12995.4
272.755,114.0,12996.6
272.794,115.0,12997.9
272.835,117.0,12999.2
272.877,117.0,13000.6
272.919,117.0,13001.9
272.958,118.0,13003.2
273.002,118.0,13004.6
273.038,120.0,13005.8
273.075,120.0,13007.1
273.115,120.0,13008.4
273.154,121.0,13009.7
273.195,121.0,13011.1
273.234,123.0,13012.4
273.275,124.0,13013.8
273.314,125.0,13015.2
273.365,125.0,13016.9
273.395,126.0,13018.0
273.435,128.0,13019.4
273.475,129.0,13020.8
273.515,129.0,13022.2
273.555,131.0,13023.7
273.595,132.0,13025.2
273.635,134.0,13026.6
273.685,135.0,13028.5
273.716,135.0,13029.7
273.757,136.0,13031.2
273.795,137.0,13032.6
273.835,139.0,13034.2
273.874,140.0,13035.7
273.994,140.0,13040.4
274.027,141.0,13041.6
274.053,142.0,13042.7
274.078,146.0,13043.7
274.115,146.0,13045.2
274.155,146.0,13046.8
274.196,148.0,13048.5
274.235,150.0,13050.1
274.275,151.0,13051.7
274.321,152.0,13053.7
274.364,152.0,13055.5
274.395,154.0,13056.8
274.437,156.0,13058.6
274.475,156.0,13060.3
274.514,156.0,13062.0
274.555,158.0,13063.7
274.597,159.0,13065.6
274.634,161.0,13067.2
274.681,162.0,13069.4
274.715,162.0,13070.9
274.754,163.0,13072.6
274.793,164.0,13074.4
274.837,166.0,13076.4
274.875,166.0,13078.2
274.917,166.0,13080.1
274.966,167.0,13082.4
274.998,168.0,13083.9
275.037,171.0,13085.7
275.079,171.0,13087.7
275.113,171.0,13089.3
275.155,172.0,13091.3
275.197,172.0,13093.3
275.234,174.0,13095.1
275.276,175.0,13097.1
275.562,175.0,13111.0
275.588,176.0,13112.3
275.624,176.0,13114.1
275.651,180.0,13115.4
275.682,181.0,13117.0
275.718,181.0,13118.8
275.757,180.0,13120.7
275.795,179.0,13122.6
275.836,181.0,13124.7
275.876,182.0,13126.7
275.914,182.0,13128.6
275.955,184.0,13130.7
275.996,185.0,13132.8
276.035,185.0,13134.8
276.089,185.0,13137.6
276.115,185.0,13138.9
276.154,187.0,13140.9
276.195,188.0,13143.1
276.237,190.0,13145.3
276.274,191.0,13147.2
276.315,191.0,13149.4
276.364,190.0,13152.0
276.395,190.0,13153.6
276.435,190.0,13155.7
276.476,190.0,13157.9
276.514,189.0,13159.9
276.556,189.0,13162.1
276.595,188.0,13164.1
276.634,186.0,13166.2
276.675,185.0,13168.3
276.717,185.0,13170.4
276.762,184.0,13172.8
276.795,183.0,13174.4
276.835,180.0,13176.5
276.875,179.0,13178.4
276.920,179.0,13180.7
276.960,178.0,13182.7
277.000,177.0,13184.6
277.042,175.0,13186.7
277.083,174.0,13188.7
277.116,173.0,13190.3
277.157,173.0,13192.2
277.195,172.0,13194.1
277.236,171.0,13196.0
277.276,169.0,13197.9
277.317,169.0,13199.8
277.355,168.0,13201.6
277.399,167.0,13203.7
277.443,166.0,13205.7
277.474,165.0,13207.1
277.515,165.0,13209.0
277.557,164.0,13210.9
277.595,163.0,13212.6
277.637,163.0,13214.5
277.675,163.0,13216.3
277.717,163.0,13218.2
277.754,163.0,13219.8
277.797,163.0,13221.8
277.840,162.0,13223.7
277.876,162.0,13225.3
277.915,162.0,13227.1
277.955,162.0,13228.9
277.997,162.0,13230.8
278.037,162.0,13232.6
278.077,163.0,13234.4
278.115,163.0,13236.1
278.165,163.0,13238.4
278.205,163.0,13240.2
278.237,163.0,13241.6
278.275,163.0,13243.4
278.317,163.0,13245.3
278.356,163.0,13247.0
278.397,163.0,13248.9
278.436,164.0,13250.7
278.483,164.0,13252.8
278.517,164.0,13254.3
278.557,164.0,13256.2
278.596,164.0,13257.9
278.634,164.0,13259.7
278.677,164.0,13261.6
278.715,164.0,13263.4
278.756,164.0,13265.2
278.811,164.0,13267.7
278.842,165.0,13269.2
278.883,165.0,13271.0
278.920,165.0,13272.7
278.958,165.0,13274.5
278.998,165.0,13276.3
279.066,165.0,13279.4
279.099,165.0,13280.9
279.132,165.0,13282.4
279.159,165.0,13283.7
279.199,165.0,13285.5
279.240,166.0,13287.4
279.281,166.0,13289.3
279.317,166.0,13291.0
279.363,166.0,13293.1
279.396,167.0,13294.6
279.438,167.0,13296.5
279.476,167.0,13298.3
279.515,167.0,13300.1
279.555,167.0,13302.0
279.597,167.0,13303.9
279.635,169.0,13305.7
279.677,169.0,13307.7
279.716,169.0,13309.5
279.763,168.0,13311.7
279.797,168.0,13313.3
279.836,168.0,13315.1
279.875,168.0,13316.9
279.915,168.0,13318.8
279.956,168.0,13320.7
279.998,168.0,13322.7
280.035,168.0,13324.4
280.091,167.0,13327.0
280.119,167.0,13328.3
280.154,166.0,13329.9
280.195,165.0,13331.8
280.236,164.0,13333.7
280.277,164.0,13335.5
280.317,163.0,13337.4
280.356,163.0,13339.1
280.398,161.0,13341.0
280.438,158.0,13342.8
280.477,157.0,13344.5
280.517,157.0,13346.2
280.555,157.0,13347.9
280.596,156.0,13349.7
280.637,153.0,13351.4
280.676,151.0,13353.1
280.717,151.0,13354.8
280.759,150.0,13356.6
280.803,149.0,13358.4
280.837,147.0,13359.8
280.877,147.0,13361.4
280.917,147.0,13363.1
280.956,147.0,13364.6
280.996,146.0,13366.3
281.036,143.0,13367.9
281.080,143.0,13369.6
281.122,143.0,13371.3
281.159,143.0,13372.8
281.200,143.0,13374.4
281.242,142.0,13376.1
281.280,142.0,13377.6
281.321,142.0,13379.2
281.356,142.0,13380.6
281.405,142.0,13382.5
281.440,142.0,13383.9
281.476,142.0,13385.3
281.517,142.0,13386.9
281.557,142.0,13388.5
281.597,142.0,13390.1
281.640,142.0,13391.8
281.676,143.0,13393.2
281.716,143.0,13394.8
281.761,143.0,13396.6
281.797,143.0,13398.0
281.836,143.0,13399.5
281.876,143.0,13401.1
281.917,144.0,13402.8
281.959,144.0,13404.4
281.997,144.0,13406.0
282.046,144.0,13407.9
282.077,145.0,13409.2
282.116,145.0,13410.7
282.156,145.0,13412.3
282.196,145.0,13414.0
282.238,145.0,13415.6
282.278,145.0,13417.3
282.318,145.0,13418.9
282.356,145.0,13420.4
282.408,145.0,13422.5
282.438,146.0,13423.7
282.477,146.0,13425.3
282.517,146.0,13426.9
282.558,146.0,13428.6
282.596,146.0,13430.1
282.637,147.0,13431.8
282.679,147.0,13433.5
282.718,147.0,13435.1
282.757,147.0,13436.7
282.797,147.0,13438.3
282.839,147.0,13440.0
282.877,147.0,13441.6
282.916,147.0,13443.2
282.956,147.0,13444.8
282.998,147.0,13446.5
283.037,148.0,13448.1
283.078,148.0,13449.8
283.117,148.0,13451.4
283.162,148.0,13453.3
283.205,148.0,13455.0
283.241,147.0,13456.5
283.280,147.0,13458.1
283.324,147.0,13459.9
283.356,147.0,13461.2
283.397,146.0,13462.9
283.439,145.0,13464.6
283.482,145.0,13466.3
283.517,144.0,13467.7
283.566,144.0,13469.7
283.605,144.0,13471.2
283.636,142.0,13472.5
283.684,141.0,13474.3
283.716,140.0,13475.6
283.757,140.0,13477.2
283.796,139.0,13478.7
283.837,138.0,13480.3
283.876,138.0,13481.8
283.924,138.0,13483.6
283.960,138.0,13485.0
283.997,138.0,13486.4
284.036,137.0,13487.9
284.077,137.0,13489.5
284.118,137.0,13491.0
284.157,136.0,13492.5
284.197,136.0,13494.0
284.238,136.0,13495.6
284.276,136.0,13497.0
284.317,136.0,13498.5
284.356,136.0,13500.0
284.398,137.0,13501.6
284.436,137.0,13503.1
284.486,137.0,13505.0
284.521,137.0,13506.3
284.556,138.0,13507.6
284.597,139.0,13509.2
284.638,139.0,13510.8
284.677,138.0,13512.3
284.718,138.0,13513.9
284.756,137.0,13515.3
284.796,138.0,13516.8
284.846,140.0,13518.8
285.117,141.0,13529.3
285.153,140.0,13530.7
285.182,145.0,13531.9
285.225,145.0,13533.6
285.268,146.0,13535.4
285.308,146.0,13537.0
285.352,147.0,13538.8
285.386,149.0,13540.2
285.429,151.0,13542.0
285.474,152.0,13543.9
285.509,153.0,13545.3
285.551,153.0,13547.1
285.591,154.0,13548.8
285.630,154.0,13550.5
285.673,155.0,13552.3
285.712,155.0,13554.0
285.752,156.0,13555.8
285.792,158.0,13557.5
285.834,159.0,13559.3
285.872,160.0,13561.0
285.912,160.0,13562.8
285.964,160.0,13565.1
285.996,160.0,13566.5
286.033,161.0,13568.2
286.073,163.0,13570.0
286.113,163.0,13571.8
286.153,164.0,13573.6
286.194,165.0,13575.5
286.234,167.0,13577.3
286.274,168.0,13579.2
286.314,168.0,13581.1
286.354,169.0,13582.9
286.396,169.0,13584.9
286.435,171.0,13586.8
286.478,172.0,13588.8
286.519,173.0,13590.8
286.560,173.0,13592.7
286.597,175.0,13594.5
286.634,176.0,13596.3
286.679,177.0,13598.5
286.717,178.0,13600.4
286.757,178.0,13602.4
286.795,179.0,13604.3
286.835,182.0,13606.3
286.874,182.0,13608.2
286.916,182.0,13610.4
287.181,182.0,13623.8
287.221,182.0,13625.8
287.247,172.0,13627.1
287.284,171.0,13628.8
287.324,171.0,13630.7
287.356,169.0,13632.2
287.398,168.0,13634.2
287.435,163.0,13635.9
287.475,161.0,13637.7
287.515,161.0,13639.5
287.556,159.0,13641.3
287.602,157.0,13643.3
287.643,153.0,13645.1
287.676,151.0,13646.5
287.717,151.0,13648.2
287.757,148.0,13649.9
287.794,146.0,13651.4
287.834,142.0,13653.0
287.875,140.0,13654.6
287.920,140.0,13656.3
287.956,137.0,13657.7
287.996,135.0,13659.2
288.034,132.0,13660.6
288.074,131.0,13662.1
288.115,131.0,13663.6
288.156,130.0,13665.1
288.194,129.0,13666.5
288.235,127.0,13667.9
288.277,127.0,13669.4
288.315,127.0,13670.7
288.356,126.0,13672.2
288.401,126.0,13673.7
288.435,126.0,13674.9
288.475,126.0,13676.3
288.521,126.0,13677.9
288.556,126.0,13679.2
288.595,126.0,13680.5
288.635,125.0,13681.9
288.675,124.0,13683.3
288.714,124.0,13684.7
288.754,124.0,13686.0
288.796,123.0,13687.5
288.838,123.0,13688.9
288.874,123.0,13690.1
288.916,123.0,13691.6
288.958,123.0,13693.0
288.997,123.0,13694.3
289.035,123.0,13695.6
289.076,123.0,13697.0
289.114,123.0,13698.3
289.155,122.0,13699.7
289.202,122.0,13701.3
289.246,121.0,13702.8
289.282,122.0,13704.0
289.319,122.0,13705.3
289.359,122.0,13706.6
289.395,122.0,13707.9
289.435,123.0,13709.2
289.475,123.0,13710.6
289.515,123.0,13712.0
289.555,123.0,13713.3
289.597,123.0,13714.8
289.637,124.0,13716.1
289.674,124.0,13717.4
289.714,125.0,13718.8
289.755,125.0,13720.2
289.795,125.0,13721.6
289.835,127.0,13723.0
289.874,127.0,13724.4
289.924,128.0,13726.1
289.960,128.0,13727.4
289.995,128.0,13728.7
290.035,129.0,13730.1
290.077,129.0,13731.6
290.114,129.0,13732.9
290.154,129.0,13734.4
290.196,129.0,13735.9
290.236,130.0,13737.3
290.276,131.0,13738.8
290.315,131.0,13740.2
290.354,132.0,13741.6
290.395,133.0,13743.1
290.435,134.0,13744.6
290.475,134.0,13746.1
290.515,134.0,13747.6
290.558,135.0,13749.2
290.595,136.0,13750.6
290.634,138.0,13752.1
290.674,139.0,13753.6
290.715,139.0,13755.2
290.754,139.0,13756.7
290.795,140.0,13758.3
290.834,142.0,13759.8
290.879,142.0,13761.6
290.914,142.0,13763.0
290.956,143.0,13764.6
290.994,145.0,13766.1
291.035,147.0,13767.8
291.074,148.0,13769.4
291.116,148.0,13771.1
291.153,148.0,13772.6
291.201,148.0,13774.6
291.240,150.0,13776.2
291.282,151.0,13778.0
291.319,152.0,13779.5
291.359,152.0,13781.2
291.394,153.0,13782.7
291.435,153.0,13784.5
291.475,153.0,13786.2
291.524,153.0,13788.2
291.555,155.0,13789.6
291.594,156.0,13791.3
291.636,157.0,13793.1
291.675,157.0,13794.8
291.715,157.0,13796.5
291.755,158.0,13798.3
291.794,159.0,13800.0
291.835,162.0,13801.8
291.878,163.0,13803.8
291.918,163.0,13805.6
291.955,164.0,13807.3
291.995,165.0,13809.1
292.034,166.0,13810.9
292.075,168.0,13812.8
292.114,168.0,13814.6
292.155,168.0,13816.5
292.198,168.0,13818.5
292.236,169.0,13820.3
292.274,169.0,13822.1
292.315,169.0,13824.0
292.355,168.0,13825.9
292.394,168.0,13827.7
292.435,165.0,13829.6
292.473,164.0,13831.3
292.521,164.0,13833.5
292.559,163.0,13835.2
292.595,162.0,13836.9
292.634,161.0,13838.6
292.674,160.0,13840.4
292.715,159.0,13842.2
292.754,159.0,13843.9
292.796,157.0,13845.8
292.836,154.0,13847.5
292.875,152.0,13849.2
292.915,152.0,13850.9
292.954,151.0,13852.5
292.994,150.0,13854.2
293.035,148.0,13855.9
293.075,146.0,13857.5
293.117,146.0,13859.2
293.157,145.0,13860.8
293.194,144.0,13862.3
293.238,142.0,13864.0
293.276,140.0,13865.5
293.320,140.0,13867.2
293.357,139.0,13868.7
293.397,138.0,13870.2
293.437,136.0,13871.7
293.477,135.0,13873.2
293.520,135.0,13874.9
293.557,134.0,13876.2
293.597,133.0,13877.7
293.634,131.0,13879.1
293.674,130.0,13880.5
293.714,130.0,13882.0
293.756,130.0,13883.5
293.794,129.0,13884.9
293.835,128.0,13886.3
293.878,127.0,13887.8
293.916,127.0,13889.2
293.954,127.0,13890.5
293.994,126.0,13891.9
294.035,125.0,13893.4
294.074,125.0,13894.7
294.114,125.0,13896.1
294.155,124.0,13897.5
294.195,124.0,13898.9
294.235,123.0,13900.3
294.274,122.0,13901.6
294.315,121.0,13903.0
294.355,121.0,13904.3
294.395,120.0,13905.7
294.502,119.0,13909.2
294.531,119.0,13910.2
294.558,119.0,13911.1
294.581,118.0,13911.8
294.623,117.0,13913.2
294.663,117.0,13914.5
294.708,116.0,13916.0
294.749,116.0,13917.3
294.789,116.0,13918.6
294.831,117.0,13919.9
294.868,117.0,13921.1
294.911,117.0,13922.5
294.949,117.0,13923.8
294.990,117.0,13925.1
295.031,117.0,13926.4
295.073,118.0,13927.8
295.113,118.0,13929.1
295.162,118.0,13930.7
295.196,119.0,13931.8
295.234,119.0,13933.1
295.272,120.0,13934.4
295.313,120.0,13935.7
295.354,120.0,13937.1
295.393,120.0,13938.4
295.437,119.0,13939.8
295.477,120.0,13941.2
295.516,120.0,13942.5
295.556,120.0,13943.8
295.597,121.0,13945.2
295.634,122.0,13946.4
295.675,122.0,13947.8
295.715,122.0,13949.2
295.753,123.0,13950.5
295.799,123.0,13952.0
295.835,125.0,13953.3
295.875,125.0,13954.7
295.914,125.0,13956.0
295.953,126.0,13957.4
295.993,127.0,13958.8
296.035,128.0,13960.3
296.074,128.0,13961.7
296.117,129.0,13963.2
296.153,129.0,13964.5
296.193,130.0,13965.9
296.234,131.0,13967.4
296.276,132.0,13968.9
296.315,132.0,13970.4
296.355,132.0,13971.8
296.395,133.0,13973.3
296.436,134.0,13974.8
296.475,135.0,13976.3
296.514,135.0,13977.8
296.555,135.0,13979.3
296.594,135.0,13980.8
296.635,137.0,13982.3
296.675,138.0,13983.8
296.719,138.0,13985.5
296.756,138.0,13986.9
296.795,139.0,13988.4
296.834,139.0,13989.9
296.874,139.0,13991.5
296.914,139.0,13993.0
296.955,139.0,13994.6
296.996,138.0,13996.2
297.037,138.0,13997.8
297.075,139.0,13999.2
297.115,139.0,14000.8
297.154,139.0,14002.3
297.195,139.0,14003.9
297.234,140.0,14005.4
297.274,141.0,14006.9
297.319,141.0,14008.7
297.355,141.0,14010.1
297.395,142.0,14011.7
297.438,142.0,14013.4
297.477,143.0,14014.9
297.518,143.0,14016.5
297.558,143.0,14018.1
297.596,144.0,14019.6
297.635,144.0,14021.2
297.675,144.0,14022.8
297.715,144.0,14024.4
297.755,145.0,14026.0
297.795,145.0,14027.6
297.834,146.0,14029.2
297.875,147.0,14030.9
297.921,147.0,14032.7
297.961,147.0,14034.4
297.995,148.0,14035.8
298.034,148.0,14037.4
298.074,148.0,14039.0
298.115,148.0,14040.7
298.154,149.0,14042.3
298.201,149.0,14044.3
298.234,149.0,14045.6
298.275,149.0,14047.3
298.315,149.0,14049.0
298.354,148.0,14050.6
298.395,147.0,14052.3
298.436,146.0,14053.9
298.476,145.0,14055.6
298.515,145.0,14057.1
298.557,144.0,14058.8
298.594,142.0,14060.3
298.635,141.0,14061.9
298.675,140.0,14063.5
298.714,140.0,14065.0
298.754,139.0,14066.5
298.795,137.0,14068.1
298.835,135.0,14069.6
298.876,134.0,14071.1
298.917,134.0,14072.7
298.955,133.0,14074.1
298.994,130.0,14075.5
299.035,128.0,14077.0
299.074,126.0,14078.3
299.114,126.0,14079.7
299.155,125.0,14081.2
299.197,123.0,14082.6
299.235,122.0,14083.9
299.275,121.0,14085.3
299.315,121.0,14086.6
299.354,119.0,14087.9
299.395,116.0,14089.2
299.434,116.0,14090.5
299.481,115.0,14092.0
299.518,115.0,14093.2
299.558,115.0,14094.5
299.597,113.0,14095.7
299.638,112.0,14097.0
299.675,112.0,14098.1
299.715,111.0,14099.4
299.755,111.0,14100.6
299.797,111.0,14101.9
299.838,111.0,14103.2
299.874,111.0,14104.3
299.915,111.0,14105.5
299.955,110.0,14106.8
299.994,109.0,14107.9
300.035,109.0,14109.2
300.077,109.0,14110.5
300.117,109.0,14111.7
300.155,109.0,14112.8
300.195,109.0,14114.0
300.235,109.0,14115.2
300.274,109.0,14116.4
300.315,109.0,14117.7
300.354,108.0,14118.8
300.403,109.0,14120.3
300.440,109.0,14121.4
300.475,109.0,14122.5
300.515,109.0,14123.7
300.555,109.0,14124.9
300.594,110.0,14126.1
300.636,110.0,14127.4
300.675,110.0,14128.6
300.719,110.0,14129.9
300.758,110.0,14131.1
300.795,109.0,14132.2
300.836,109.0,14133.5
300.875,110.0,14134.7
300.914,110.0,14135.9
300.955,111.0,14137.1
300.994,112.0,14138.3
301.041,112.0,14139.8
301.075,113.0,14140.9
301.114,113.0,14142.1
301.155,114.0,14143.4
301.195,115.0,14144.6
301.235,116.0,14145.9
301.275,117.0,14147.2
301.320,118.0,14148.7
301.356,118.0,14149.9
301.395,119.0,14151.2
301.435,120.0,14152.5
301.478,121.0,14153.9
301.518,121.0,14155.3
301.557,121.0,14156.6
301.598,123.0,14158.0
301.637,124.0,14159.3
301.679,125.0,14160.8
301.715,126.0,14162.0
301.755,126.0,14163.4
301.794,127.0,14164.8
301.835,128.0,14166.2
301.874,129.0,14167.6
301.914,129.0,14169.1
301.961,130.0,14170.8
301.995,132.0,14172.0
302.035,133.0,14173.5
302.075,134.0,14174.9
302.114,135.0,14176.4
302.153,135.0,14177.9
302.195,137.0,14179.5
302.234,139.0,14180.9
302.278,140.0,14182.7
302.315,140.0,14184.1
302.354,141.0,14185.6
302.395,143.0,14187.2
302.435,145.0,14188.8
302.475,146.0,14190.4
302.514,146.0,14192.0
302.555,147.0,14193.7
302.599,148.0,14195.5
302.636,150.0,14197.0
302.675,151.0,14198.7
302.718,151.0,14200.5
302.756,152.0,14202.1
302.794,154.0,14203.7
302.834,156.0,14205.4
302.875,157.0,14207.2
302.920,157.0,14209.1
302.955,157.0,14210.7
302.995,159.0,14212.4
303.033,160.0,14214.1
303.075,162.0,14216.0
303.115,163.0,14217.8
303.153,163.0,14219.5
303.198,164.0,14221.6
303.236,165.0,14223.3
303.275,166.0,14225.1
303.315,167.0,14226.9
303.356,167.0,14228.8
303.395,169.0,14230.7
303.434,170.0,14232.5
303.479,171.0,14234.6
303.520,171.0,14236.6
303.558,172.0,14238.4
303.597,174.0,14240.3
303.639,175.0,14242.3
303.676,176.0,14244.1
303.715,176.0,14246.0
303.755,176.0,14248.0
303.802,177.0,14250.3
303.841,177.0,14252.2
303.875,176.0,14253.8
303.914,176.0,14255.8
303.956,174.0,14257.8
304.007,171.0,14260.2
304.038,169.0,14261.7
304.076,167.0,14263.5
304.123,165.0,14265.6
304.155,165.0,14267.1
304.195,161.0,14268.9
304.234,159.0,14270.7
304.276,158.0,14272.5
304.314,158.0,14274.2
304.354,156.0,14275.9
304.403,152.0,14278.0
304.437,151.0,14279.4
304.475,149.0,14281.0
304.515,149.0,14282.7
304.555,147.0,14284.3
304.594,144.0,14285.9
304.634,142.0,14287.5
304.675,139.0,14289.1
304.715,139.0,14290.6
304.763,138.0,14292.5
304.795,135.0,14293.7
304.834,133.0,14295.2
304.875,131.0,14296.7
304.916,131.0,14298.1
304.955,129.0,14299.6
304.995,125.0,14301.0
305.040,124.0,14302.5
305.079,122.0,14303.9
305.115,122.0,14305.1
305.156,121.0,14306.5
305.195,117.0,14307.7
305.235,117.0,14309.0
305.275,116.0,14310.3
305.316,116.0,14311.7
305.353,115.0,14312.8
305.395,112.0,14314.2
305.435,111.0,14315.4
305.475,111.0,14316.6
305.519,110.0,14318.0
305.559,110.0,14319.2
305.597,109.0,14320.4
305.643,108.0,14321.8
305.679,107.0,14322.8
305.714,106.0,14323.9
305.754,106.0,14325.0
305.794,105.0,14326.2
305.835,105.0,14327.4
305.876,105.0,14328.6
305.919,105.0,14329.9
305.962,105.0,14331.1
305.995,105.0,14332.1
306.035,104.0,14333.2
306.076,104.0,14334.4
306.115,104.0,14335.6
306.155,104.0,14336.7
306.215,104.0,14338.4
306.244,103.0,14339.3
306.275,104.0,14340.2
306.315,104.0,14341.3
306.355,104.0,14342.5
306.396,105.0,14343.7
306.435,105.0,14344.8
306.475,105.0,14346.0
306.516,106.0,14347.2
306.555,106.0,14348.3
306.595,107.0,14349.5
306.635,107.0,14350.7
306.675,108.0,14351.9
306.715,108.0,14353.1
306.755,109.0,14354.3
306.795,110.0,14355.5
306.837,110.0,14356.8
306.877,110.0,14358.0
306.915,110.0,14359.2
306.955,110.0,14360.4
306.993,111.0,14361.6
307.034,111.0,14362.8
307.075,111.0,14364.1
307.115,111.0,14365.3
307.155,111.0,14366.6
307.198,111.0,14367.9
307.235,112.0,14369.0
307.274,112.0,14370.2
307.315,112.0,14371.5
307.355,112.0,14372.8
307.395,113.0,14374.0
307.444,114.0,14375.6
307.482,114.0,14376.8
307.518,115.0,14377.9
307.558,115.0,14379.2
307.599,112.0,14380.5
307.638,112.0,14381.7
307.681,113.0,14383.0
307.714,113.0,14384.1
307.760,114.0,14385.5
307.795,114.0,14386.6
307.835,114.0,14387.9
307.873,114.0,14389.1
307.915,114.0,14390.4
307.956,114.0,14391.7
307.996,116.0,14393.0
308.034,116.0,14394.2
308.077,116.0,14395.6
308.115,116.0,14396.8
308.155,116.0,14398.1
308.194,118.0,14399.4
308.234,119.0,14400.7
308.274,120.0,14402.0
308.315,120.0,14403.4
308.358,120.0,14404.8
308.395,122.0,14406.1
308.435,122.0,14407.4
308.475,123.0,14408.8
308.517,123.0,14410.2
308.555,123.0,14411.5
308.595,126.0,14412.9
308.635,127.0,14414.3
308.683,127.0,14416.0
308.716,127.0,14417.2
308.755,127.0,14418.6
308.794,128.0,14419.9
308.835,130.0,14421.4
308.876,131.0,14422.9
308.915,131.0,14424.3
308.957,131.0,14425.8
308.993,132.0,14427.2
309.034,132.0,14428.7
309.074,133.0,14430.1
309.114,133.0,14431.6
309.155,134.0,14433.1
309.197,136.0,14434.7
309.235,137.0,14436.2
309.277,137.0,14437.7
309.316,137.0,14439.2
309.353,137.0,14440.6
309.395,140.0,14442.3
309.434,141.0,14443.8
309.475,142.0,14445.4
309.520,142.0,14447.2
309.561,143.0,14448.8
309.603,144.0,14450.5
309.639,146.0,14451.9
309.677,147.0,14453.5
309.715,148.0,14455.0
309.755,148.0,14456.7
309.795,150.0,14458.3
309.835,151.0,14460.0
309.874,151.0,14461.6
309.915,151.0,14463.3
309.955,152.0,14465.0
309.995,154.0,14466.7
310.035,155.0,14468.4
310.075,156.0,14470.2
310.115,156.0,14471.9
310.154,157.0,14473.6
310.197,159.0,14475.5
310.235,160.0,14477.2
310.275,161.0,14479.0
310.315,162.0,14480.7
310.357,162.0,14482.6
310.395,163.0,14484.4
310.436,164.0,14486.2
310.483,165.0,14488.4
310.522,165.0,14490.2
310.555,166.0,14491.7
310.595,168.0,14493.5
310.635,169.0,14495.4
310.675,170.0,14497.3
310.715,170.0,14499.2
310.756,170.0,14501.1
310.795,172.0,14503.0
310.835,173.0,14504.9
310.875,174.0,14506.8
310.917,175.0,14508.8
310.954,175.0,14510.6
310.996,177.0,14512.7
311.037,177.0,14514.7
311.074,178.0,14516.5
311.115,178.0,14518.6
311.155,177.0,14520.5
311.195,174.0,14522.5
311.235,173.0,14524.4
311.275,172.0,14526.3
311.316,172.0,14528.3
311.357,170.0,14530.2
311.394,166.0,14532.0
311.455,165.0,14534.8
311.483,164.0,14536.0
311.515,164.0,14537.5
311.561,162.0,14539.6
311.600,158.0,14541.3
311.638,156.0,14543.0
311.678,154.0,14544.7
311.725,154.0,14546.7
311.762,152.0,14548.3
311.796,149.0,14549.7
311.835,146.0,14551.3
311.875,144.0,14552.9
311.917,142.0,14554.6
311.958,142.0,14556.2
311.996,139.0,14557.7
312.039,138.0,14559.3
312.076,136.0,14560.7
312.116,136.0,14562.2
312.155,135.0,14563.7
312.196,131.0,14565.2
312.235,130.0,14566.6
312.277,129.0,14568.2
312.315,129.0,14569.5
312.363,128.0,14571.2
312.403,127.0,14572.6
312.435,126.0,14573.8
312.475,124.0,14575.2
312.515,122.0,14576.5
312.556,122.0,14577.9
312.599,121.0,14579.4
312.635,120.0,14580.6
312.686,119.0,14582.3
312.718,119.0,14583.3
312.755,119.0,14584.5
312.796,116.0,14585.9
312.836,115.0,14587.2
312.877,114.0,14588.5
312.916,114.0,14589.7
312.961,114.0,14591.1
313.002,112.0,14592.4
313.036,112.0,14593.5
313.075,111.0,14594.7
313.115,111.0,14595.9
313.155,111.0,14597.2
313.197,110.0,14598.4
313.255,109.0,14600.2
313.283,109.0,14601.1
313.315,109.0,14602.0
313.356,109.0,14603.3
313.395,109.0,14604.4
313.438,109.0,14605.7
313.476,109.0,14606.9
313.517,109.0,14608.1
313.613,109.0,14611.0
313.641,109.0,14611.9
313.669,110.0,14612.7
313.706,110.0,14613.9
313.745,110.0,14615.1
313.786,109.0,14616.3
313.826,109.0,14617.5
313.867,108.0,14618.8
313.910,108.0,14620.1
313.948,108.0,14621.2
313.989,106.0,14622.4
314.032,106.0,14623.7
314.071,105.0,14624.8
314.114,105.0,14626.1
314.155,105.0,14627.3
314.193,105.0,14628.4
314.235,104.0,14629.6
314.275,104.0,14630.8
314.314,104.0,14631.9
314.358,104.0,14633.1
314.394,103.0,14634.2
314.440,103.0,14635.5
314.477,103.0,14636.6
314.515,103.0,14637.6
314.556,103.0,14638.8
314.595,103.0,14639.9
314.635,103.0,14641.1
314.678,104.0,14642.3
314.713,104.0,14643.3
314.760,104.0,14644.7
314.795,105.0,14645.7
314.837,106.0,14646.9
314.877,106.0,14648.1
314.915,106.0,14649.2
314.957,107.0,14650.5
314.998,107.0,14651.7
315.036,107.0,14652.8
315.082,108.0,14654.2
315.119,108.0,14655.3
315.154,108.0,14656.4
315.195,110.0,14657.6
315.236,110.0,14658.8
315.276,110.0,14660.1
315.345,110.0,14662.2
315.376,110.0,14663.1
315.400,112.0,14663.9
315.436,113.0,14665.0
315.476,114.0,14666.2
315.516,115.0,14667.5
315.561,115.0,14669.0
315.600,117.0,14670.2
315.639,117.0,14671.5
315.685,118.0,14673.0
315.721,119.0,14674.2
315.756,119.0,14675.3
315.797,121.0,14676.7
315.836,122.0,14678.0
315.877,124.0,14679.4
315.917,124.0,14680.8
315.960,125.0,14682.3
315.998,128.0,14683.6
316.036,129.0,14685.0
316.076,130.0,14686.4
316.117,130.0,14687.9
316.157,130.0,14689.3
316.197,133.0,14690.8
316.243,134.0,14692.5
316.278,135.0,14693.8
316.317,135.0,14695.3
316.356,137.0,14696.7
316.395,138.0,14698.2
316.439,139.0,14699.9
316.476,140.0,14701.4
316.520,141.0,14703.1
316.562,141.0,14704.7
316.596,142.0,14706.1
316.637,143.0,14707.7
316.675,144.0,14709.2
316.716,144.0,14710.8
316.757,144.0,14712.5
316.798,145.0,14714.1
316.836,146.0,14715.7
316.876,147.0,14717.3
316.918,147.0,14719.0
316.955,148.0,14720.5
316.996,150.0,14722.2
317.036,150.0,14723.9
317.077,151.0,14725.6
317.116,152.0,14727.2
317.173,152.0,14729.6
317.197,154.0,14730.7
317.238,154.0,14732.4
317.276,155.0,14734.0
317.317,155.0,14735.8
317.357,155.0,14737.5
317.395,157.0,14739.2
317.435,157.0,14740.9
317.476,158.0,14742.7
317.517,159.0,14744.5
317.557,159.0,14746.3
317.601,160.0,14748.2
317.639,161.0,14749.9
317.680,163.0,14751.8
317.722,164.0,14753.7
317.758,164.0,14755.3
317.800,165.0,14757.2
317.836,165.0,14758.9
317.877,165.0,14760.8
317.916,166.0,14762.6
317.954,166.0,14764.3
317.997,168.0,14766.3
318.037,170.0,14768.2
318.087,170.0,14770.6
318.116,170.0,14771.9
318.158,170.0,14773.9
318.196,171.0,14775.7
318.236,172.0,14777.6
318.277,173.0,14779.6
318.315,173.0,14781.4
318.355,173.0,14783.3
318.398,174.0,14785.4
318.438,175.0,14787.3
318.476,175.0,14789.2
318.515,176.0,14791.1
318.557,176.0,14793.1
318.597,177.0,14795.1
318.635,178.0,14797.0
318.676,178.0,14799.0
318.717,178.0,14801.0
318.755,178.0,14802.9
318.797,178.0,14805.0
318.836,179.0,14806.9
318.877,179.0,14809.0
318.917,178.0,14810.9
318.956,178.0,14812.9
318.996,180.0,14814.9
319.046,180.0,14817.4
319.079,181.0,14819.0
319.117,181.0,14820.9
319.157,181.0,14822.9
319.197,181.0,14824.9
319.237,181.0,14827.0
319.277,181.0,14829.0
319.329,181.0,14831.6
319.363,181.0,14833.3
319.394,182.0,14834.9
319.435,182.0,14836.9
319.478,183.0,14839.1
319.520,183.0,14841.2
319.555,183.0,14843.0
319.600,183.0,14845.3
319.641,183.0,14847.4
319.681,184.0,14849.4
319.720,184.0,14851.4
319.758,185.0,14853.4
319.797,185.0,14855.4
319.837,185.0,14857.4
319.874,184.0,14859.3
319.915,184.0,14861.4
319.978,184.0,14864.6
319.999,184.0,14865.7
320.037,184.0,14867.7
320.074,184.0,14869.5
320.114,184.0,14871.6
320.156,184.0,14873.7
320.197,184.0,14875.8
320.260,184.0,14879.1
320.286,184.0,14880.4
320.315,184.0,14881.9
320.354,184.0,14883.9
320.396,186.0,14886.0
320.437,186.0,14888.1
320.477,186.0,14890.2
320.515,186.0,14892.2
320.555,186.0,14894.2
320.604,187.0,14896.8
320.637,187.0,14898.5
320.677,188.0,14900.6
320.717,189.0,14902.7
320.755,189.0,14904.7
320.798,189.0,14906.9
320.837,189.0,14909.0
320.877,189.0,14911.1
320.917,190.0,14913.2
320.954,190.0,14915.1
320.994,191.0,14917.2
321.036,192.0,14919.5
321.075,191.0,14921.5
321.117,191.0,14923.8
321.160,192.0,14926.1
321.197,192.0,14928.0
321.237,192.0,14930.2
321.275,193.0,14932.2
321.317,193.0,14934.5
321.358,193.0,14936.6
321.394,194.0,14938.6
321.437,195.0,14940.9
321.484,195.0,14943.5
321.518,195.0,14945.3
321.557,196.0,14947.4
321.598,197.0,14949.7
321.639,197.0,14951.9
321.682,197.0,14954.2
321.721,198.0,14956.4
321.763,198.0,14958.7
321.797,199.0,14960.6
321.837,200.0,14962.8
321.914,201.0,14967.1
321.955,201.0,14969.4
321.995,202.0,14971.6
322.035,204.0,14973.9
322.077,204.0,14976.2
322.115,204.0,14978.4
322.154,205.0,14980.6
322.193,206.0,14982.8
322.236,207.0,14985.3
322.276,207.0,14987.6
322.315,207.0,14989.8
322.354,209.0,14992.1
322.399,209.0,14994.7
322.437,210.0,14996.9
322.474,210.0,14999.1
322.515,210.0,15001.5
322.555,211.0,15003.8
322.596,212.0,15006.2
322.633,213.0,15008.4
322.675,214.0,15010.9
322.713,214.0,15013.2
322.755,215.0,15015.7
322.794,216.0,15018.0
322.835,217.0,15020.5
322.874,218.0,15022.8
322.915,218.0,15025.3
322.955,219.0,15027.7
322.995,221.0,15030.2
323.037,222.0,15032.8
323.075,222.0,15035.1
323.114,222.0,15037.5
323.394,222.0,15054.8
323.423,221.0,15056.6
323.443,221.0,15057.8
323.462,214.0,15058.9
323.506,214.0,15061.5
323.550,213.0,15064.2
323.587,210.0,15066.3
323.631,208.0,15068.9
323.674,206.0,15071.4
323.716,206.0,15073.8
323.753,205.0,15075.9
323.792,204.0,15078.1
323.830,203.0,15080.2
323.871,202.0,15082.5
323.913,202.0,15084.9
323.953,200.0,15087.1
323.993,199.0,15089.3
324.033,198.0,15091.5
324.073,198.0,15093.7
324.113,196.0,15095.9
324.153,196.0,15098.1
324.192,193.0,15100.2
324.233,192.0,15102.4
324.277,190.0,15104.7
324.315,190.0,15106.8
324.354,188.0,15108.8
324.395,184.0,15110.9
324.434,183.0,15112.9
324.474,181.0,15114.9
324.512,181.0,15116.8
324.554,180.0,15118.9
324.593,178.0,15120.9
324.636,178.0,15123.0
324.674,178.0,15124.9
324.714,178.0,15126.9
324.754,178.0,15128.8
324.795,178.0,15130.9
324.834,178.0,15132.8
324.874,176.0,15134.8
324.913,176.0,15136.7
324.955,175.0,15138.7
324.995,175.0,15140.7
325.034,173.0,15142.6
325.075,172.0,15144.5
325.116,170.0,15146.5
325.154,170.0,15148.3
325.198,168.0,15150.3
325.235,166.0,15152.0
325.274,164.0,15153.8
325.312,163.0,15155.6
325.354,163.0,15157.5
325.394,160.0,15159.3
325.435,158.0,15161.1
325.475,156.0,15162.8
325.526,156.0,15165.0
325.560,155.0,15166.5
325.594,152.0,15167.9
325.639,152.0,15169.8
325.681,151.0,15171.6
325.717,151.0,15173.1
325.759,151.0,15174.9
325.796,150.0,15176.4
325.835,149.0,15178.0
325.875,148.0,15179.7
325.914,148.0,15181.3
325.955,148.0,15183.0
325.995,148.0,15184.6
326.035,146.0,15186.3
326.091,146.0,15188.5
326.117,146.0,15189.6
326.154,145.0,15191.1
326.193,145.0,15192.6
326.235,145.0,15194.3
326.276,145.0,15196.0
326.314,145.0,15197.5
326.355,145.0,15199.2
326.398,146.0,15200.9
326.437,147.0,15202.5
326.475,147.0,15204.1
326.515,147.0,15205.7
326.554,147.0,15207.3
326.595,147.0,15209.0
326.634,148.0,15210.5
326.675,148.0,15212.2
326.717,148.0,15214.0
326.755,148.0,15215.5
326.795,148.0,15217.2
326.834,149.0,15218.8
326.874,149.0,15220.4
326.914,149.0,15222.1
326.954,149.0,15223.7
326.995,148.0,15225.4
327.038,149.0,15227.2
327.076,150.0,15228.8
327.114,150.0,15230.4
327.155,150.0,15232.1
327.195,150.0,15233.7
327.235,149.0,15235.4
327.274,149.0,15237.0
327.315,149.0,15238.7
327.358,149.0,15240.5
327.395,150.0,15242.0
327.435,149.0,15243.7
327.475,149.0,15245.3
327.514,149.0,15247.0
327.554,149.0,15248.6
327.595,149.0,15250.3
327.637,150.0,15252.1
327.677,150.0,15253.7
327.719,150.0,15255.5
327.757,150.0,15257.1
327.796,150.0,15258.7
327.836,150.0,15260.4
327.875,150.0,15262.0
327.914,150.0,15263.6
327.959,151.0,15265.5
327.996,152.0,15267.0
328.034,151.0,15268.6
328.075,151.0,15270.4
328.114,151.0,15272.0
328.155,151.0,15273.7
328.194,152.0,15275.4
328.237,153.0,15277.2
328.282,153.0,15279.1
328.317,153.0,15280.6
328.355,152.0,15282.2
328.395,152.0,15283.9
328.435,153.0,15285.6
328.475,153.0,15287.3
328.515,153.0,15289.0
328.555,153.0,15290.7
328.599,153.0,15292.5
328.639,152.0,15294.2
328.675,152.0,15295.8
328.714,152.0,15297.4
328.755,152.0,15299.1
328.794,152.0,15300.8
328.835,152.0,15302.5
328.874,152.0,15304.2
328.920,152.0,15306.1
328.957,153.0,15307.7
328.994,152.0,15309.2
329.035,152.0,15311.0
329.074,152.0,15312.6
329.114,152.0,15314.3
329.155,152.0,15316.0
329.199,152.0,15317.9
329.239,152.0,15319.6
329.275,152.0,15321.1
329.315,152.0,15322.8
329.353,152.0,15324.4
329.394,153.0,15326.1
329.435,153.0,15327.9
329.477,153.0,15329.7
329.515,152.0,15331.3
329.559,152.0,15333.1
329.595,154.0,15334.7
329.635,154.0,15336.4
329.677,154.0,15338.2
329.717,154.0,15339.9
329.757,154.0,15341.6
329.797,155.0,15343.3
329.839,155.0,15345.1
329.875,156.0,15346.7
329.915,156.0,15348.4
329.955,156.0,15350.1
329.994,156.0,15351.8
330.034,156.0,15353.6
330.074,157.0,15355.3
330.115,157.0,15357.1
330.161,157.0,15359.1
330.194,158.0,15360.5
330.235,158.0,15362.3
330.273,158.0,15364.0
330.315,159.0,15365.8
330.356,159.0,15367.7
330.394,159.0,15369.3
330.437,159.0,15371.2
330.476,159.0,15373.0
330.515,159.0,15374.7
330.554,159.0,15376.4
330.595,159.0,15378.2
330.635,159.0,15380.0
330.675,159.0,15381.7
330.731,159.0,15384.2
330.763,159.0,15385.6
330.795,159.0,15387.0
330.835,159.0,15388.8
330.876,159.0,15390.6
330.914,159.0,15392.3
330.954,159.0,15394.1
330.995,160.0,15395.9
331.037,160.0,15397.8
331.075,160.0,15399.4
331.115,160.0,15401.2
331.154,160.0,15403.0
331.195,161.0,15404.8
331.234,161.0,15406.5
331.274,162.0,15408.3
331.319,162.0,15410.3
331.358,162.0,15412.1
331.394,163.0,15413.7
331.434,163.0,15415.5
331.475,163.0,15417.4
331.515,163.0,15419.2
331.555,163.0,15421.0
331.594,163.0,15422.8
331.639,163.0,15424.8
331.676,164.0,15426.5
331.717,164.0,15428.4
331.757,164.0,15430.2
331.797,164.0,15432.0
331.837,164.0,15433.8
331.874,164.0,15435.5
331.914,164.0,15437.3
331.954,164.0,15439.2
331.994,165.0,15441.0
332.034,165.0,15442.8
332.074,166.0,15444.7
332.115,166.0,15446.6
332.154,166.0,15448.4
332.198,167.0,15450.4
332.234,168.0,15452.1
332.275,168.0,15454.0
332.315,168.0,15455.8
332.354,168.0,15457.7
332.395,170.0,15459.6
332.434,171.0,15461.4
332.478,171.0,15463.5
332.515,171.0,15465.3
332.555,172.0,15467.2
332.594,174.0,15469.1
332.635,175.0,15471.0
332.674,176.0,15472.9
332.993,176.0,15488.5
333.017,176.0,15489.7
333.036,179.0,15490.7
333.069,183.0,15492.3
333.109,183.0,15494.3
333.151,184.0,15496.5
333.190,186.0,15498.5
333.232,187.0,15500.7
333.272,188.0,15502.8
333.311,188.0,15504.8
333.354,188.0,15507.0
333.392,189.0,15509.0
333.432,190.0,15511.1
333.474,191.0,15513.4
333.512,191.0,15515.4
333.554,192.0,15517.6
333.594,194.0,15519.7
333.633,194.0,15521.8
333.681,195.0,15524.4
333.715,195.0,15526.3
333.756,196.0,15528.5
333.798,198.0,15530.8
333.837,198.0,15533.0
333.874,198.0,15535.0
333.913,198.0,15537.1
333.962,198.0,15539.8
333.994,198.0,15541.6
334.033,198.0,15543.7
334.075,198.0,15546.0
334.114,198.0,15548.2
334.155,197.0,15550.4
334.193,198.0,15552.5
334.234,198.0,15554.8
334.274,198.0,15557.0
334.314,198.0,15559.2
334.354,198.0,15561.4
334.395,198.0,15563.6
334.434,198.0,15565.8
334.475,198.0,15568.0
334.514,198.0,15570.2
334.562,198.0,15572.8
334.598,198.0,15574.8
334.635,197.0,15576.8
334.674,198.0,15579.0
334.715,198.0,15581.2
334.757,197.0,15583.5
334.794,198.0,15585.6
334.834,198.0,15587.8
334.873,198.0,15589.9
334.915,198.0,15592.2
334.955,199.0,15594.4
334.994,199.0,15596.6
335.034,199.0,15598.8
335.075,199.0,15601.0
335.114,199.0,15603.2
335.155,199.0,15605.5
335.197,199.0,15607.8
335.237,199.0,15610.0
335.275,200.0,15612.1
335.315,200.0,15614.3
335.354,200.0,15616.5
335.395,200.0,15618.8
335.435,200.0,15621.0
335.475,200.0,15623.2
335.529,200.0,15626.2
335.554,200.0,15627.6
335.635,201.0,15632.1
335.676,202.0,15634.4
335.718,202.0,15636.8
335.758,202.0,15639.0
335.798,203.0,15641.3
335.841,203.0,15643.7
335.878,204.0,15645.8
335.915,204.0,15647.9
335.955,204.0,15650.1
335.995,202.0,15652.4
336.074,202.0,15656.8
336.116,202.0,15659.2
336.155,203.0,15661.4
336.195,203.0,15663.6
336.234,203.0,15665.8
336.274,202.0,15668.1
336.316,202.0,15670.4
336.354,200.0,15672.6
336.410,199.0,15675.7
336.437,199.0,15677.2
336.475,199.0,15679.3
336.515,199.0,15681.5
336.555,199.0,15683.7
336.596,198.0,15685.9
336.635,198.0,15688.1
336.683,198.0,15690.7
336.718,198.0,15692.7
336.755,198.0,15694.7
336.795,198.0,15696.9
336.833,197.0,15699.0
336.875,196.0,15701.3
336.914,196.0,15703.4
336.955,196.0,15705.6
336.999,196.0,15708.0
337.036,195.0,15710.0
337.073,195.0,15712.0
337.115,195.0,15714.3
337.154,194.0,15716.4
337.195,193.0,15718.6
337.235,192.0,15720.8
337.279,191.0,15723.1
337.323,191.0,15725.4
337.355,191.0,15727.1
337.394,190.0,15729.2
337.436,189.0,15731.4
337.475,189.0,15733.5
337.515,189.0,15735.6
337.555,188.0,15737.6
337.602,188.0,15740.1
337.635,187.0,15741.8
337.675,187.0,15743.9
337.717,187.0,15746.1
337.759,187.0,15748.3
337.797,187.0,15750.2
337.838,187.0,15752.4
337.880,187.0,15754.5
337.916,187.0,15756.4
337.956,188.0,15758.5
337.995,189.0,15760.5
338.034,188.0,15762.6
338.075,188.0,15764.7
338.115,188.0,15766.8
338.155,188.0,15768.9
338.206,190.0,15771.6
338.235,190.0,15773.1
338.274,190.0,15775.2
338.316,190.0,15777.4
338.354,190.0,15779.4
338.395,190.0,15781.6
338.436,190.0,15783.7
338.475,190.0,15785.8
338.519,190.0,15788.1
338.559,191.0,15790.2
338.595,191.0,15792.1
338.635,191.0,15794.2
338.674,192.0,15796.3
338.714,192.0,15798.5
338.755,192.0,15800.6
338.793,193.0,15802.7
338.845,193.0,15805.5
338.875,194.0,15807.1
338.915,194.0,15809.2
338.954,194.0,15811.3
338.995,194.0,15813.5
339.035,194.0,15815.7
339.075,194.0,15817.9
339.115,194.0,15820.0
339.155,195.0,15822.2
339.195,195.0,15824.3
339.235,195.0,15826.5
339.274,195.0,15828.6
339.315,196.0,15830.8
339.357,196.0,15833.1
339.395,197.0,15835.2
339.441,197.0,15837.7
339.477,198.0,15839.7
339.515,198.0,15841.8
339.554,198.0,15843.9
339.595,199.0,15846.2
339.635,200.0,15848.4
339.675,200.0,15850.6
339.718,200.0,15853.0
339.798,202.0,15857.5
339.837,202.0,15859.7
339.878,203.0,15862.0
339.913,203.0,15864.0
339.955,203.0,15866.3
339.995,204.0,15868.6
340.039,205.0,15871.1
340.076,205.0,15873.2
340.114,205.0,15875.4
340.154,206.0,15877.6
340.195,207.0,15880.0
340.235,207.0,15882.3
340.275,208.0,15884.6
340.318,208.0,15887.1
340.357,208.0,15889.3
340.395,210.0,15891.5
340.434,210.0,15893.8
340.475,210.0,15896.2
340.514,210.0,15898.5
340.555,210.0,15900.9
340.598,210.0,15903.4
340.642,210.0,15905.9
340.675,211.0,15907.9
340.715,211.0,15910.2
340.754,212.0,15912.5
340.794,213.0,15914.9
340.835,213.0,15917.3
340.885,213.0,15920.3
340.915,213.0,15922.0
340.955,213.0,15924.4
340.993,214.0,15926.7
341.035,215.0,15929.2
341.075,215.0,15931.5
341.115,215.0,15933.9
341.154,215.0,15936.3
341.202,216.0,15939.1
341.237,217.0,15941.2
341.274,218.0,15943.5
341.314,218.0,15945.9
341.354,218.0,15948.3
341.395,217.0,15950.8
341.435,217.0,15953.2
341.477,218.0,15955.7
341.514,218.0,15958.0
341.557,218.0,15960.6
341.595,218.0,15962.9
341.633,219.0,15965.2
341.675,218.0,15967.7
341.716,218.0,15970.2
341.759,218.0,15972.8
341.798,218.0,15975.2
341.845,218.0,15978.0
341.878,218.0,15980.0
341.918,218.0,15982.5
341.954,218.0,15984.6
341.995,219.0,15987.1
342.039,220.0,15989.8
342.074,220.0,15992.0
342.121,219.0,15994.8
342.155,219.0,15996.9
342.195,219.0,15999.3
342.235,220.0,16001.8
342.531,220.0,16019.8
342.558,220.0,16021.5
342.583,220.0,16023.0
342.635,222.0,16026.2
342.677,222.0,16028.8
342.717,222.0,16031.3
342.754,222.0,16033.6
342.794,224.0,16036.0
342.834,224.0,16038.5
342.874,224.0,16041.0
342.916,224.0,16043.6
343.002,225.0,16049.0
343.034,227.0,16051.0
343.074,227.0,16053.5
343.114,227.0,16056.0
343.155,227.0,16058.6
343.196,227.0,16061.2
343.234,228.0,16063.6
343.281,229.0,16066.6
343.315,229.0,16068.8
343.355,230.0,16071.3
343.394,231.0,16073.8
343.437,231.0,16076.6
343.478,231.0,16079.2
343.516,231.0,16081.6
343.555,231.0,16084.1
343.596,233.0,16086.8
343.636,234.0,16089.4
343.675,234.0,16091.9
343.716,235.0,16094.6
343.756,235.0,16097.2
343.800,235.0,16100.1
343.838,236.0,16102.5
343.880,237.0,16105.3
343.921,237.0,16108.0
343.959,238.0,16110.5
343.999,239.0,16113.2
344.036,239.0,16115.6
344.076,239.0,16118.3
344.115,239.0,16120.9
344.154,240.0,16123.5
344.197,241.0,16126.3
344.237,242.0,16129.0
344.278,243.0,16131.8
344.317,243.0,16134.4
344.356,243.0,16137.0
344.395,244.0,16139.7
344.436,245.0,16142.5
344.475,245.0,16145.1
344.517,246.0,16148.0
344.555,246.0,16150.6
344.603,247.0,16153.9
344.640,247.0,16156.4
344.676,248.0,16158.9
344.715,248.0,16161.6
344.757,248.0,16164.5
344.795,249.0,16167.1
344.836,249.0,16169.9
344.874,249.0,16172.5
344.914,249.0,16175.3
344.956,250.0,16178.2
344.995,251.0,16180.9
345.035,251.0,16183.7
345.075,252.0,16186.5
345.117,252.0,16189.5
345.155,252.0,16192.1
345.195,253.0,16194.9
345.235,254.0,16197.7
345.274,255.0,16200.5
345.314,255.0,16203.3
345.356,255.0,16206.3
345.396,256.0,16209.1
345.434,256.0,16211.9
345.476,256.0,16214.8
345.515,256.0,16217.6
345.557,256.0,16220.6
345.595,254.0,16223.3
345.635,253.0,16226.1
345.677,251.0,16229.0
345.716,250.0,16231.8
345.759,250.0,16234.7
345.798,248.0,16237.4
345.838,246.0,16240.2
345.879,245.0,16243.0
345.921,245.0,16245.8
345.955,244.0,16248.2
345.997,240.0,16251.0
346.037,238.0,16253.6
346.076,237.0,16256.2
346.120,237.0,16259.1
346.158,235.0,16261.6
346.195,231.0,16264.0
346.237,229.0,16266.7
346.277,228.0,16269.2
346.317,228.0,16271.7
346.355,226.0,16274.1
346.402,223.0,16277.1
346.443,222.0,16279.6
346.514,221.0,16284.0
346.556,219.0,16286.5
346.596,215.0,16288.9
346.637,213.0,16291.4
346.676,212.0,16293.7
346.724,212.0,16296.5
346.758,211.0,16298.5
346.797,209.0,16300.8
346.835,208.0,16303.0
346.879,207.0,16305.5
346.916,207.0,16307.7
346.956,205.0,16309.9
347.044,200.0,16314.9
347.076,199.0,16316.7
347.115,198.0,16318.8
347.155,198.0,16321.0
347.196,196.0,16323.3
347.236,195.0,16325.4
347.275,193.0,16327.5
347.325,193.0,16330.2
347.358,192.0,16332.0
347.396,189.0,16334.0
347.437,189.0,16336.1
347.477,188.0,16338.2
347.518,187.0,16340.4
347.557,187.0,16342.4
347.597,184.0,16344.5
347.636,183.0,16346.4
347.688,182.0,16349.1
347.718,180.0,16350.6
347.756,180.0,16352.5
347.804,178.0,16354.9
347.839,177.0,16356.6
347.879,176.0,16358.6
347.921,176.0,16360.6
347.960,175.0,16362.5
348.004,172.0,16364.6
348.038,170.0,16366.3
348.076,169.0,16368.0
348.116,169.0,16369.9
348.156,169.0,16371.8
348.197,168.0,16373.7
348.237,167.0,16375.6
348.285,166.0,16377.8
348.315,166.0,16379.2
348.357,165.0,16381.1
348.396,164.0,16382.9
348.435,164.0,16384.7
348.477,164.0,16386.6
348.517,163.0,16388.4
348.556,163.0,16390.2
348.596,162.0,16392.0
348.636,161.0,16393.8
348.676,160.0,16395.5
348.716,159.0,16397.3
348.756,159.0,16399.1
348.796,157.0,16400.8
348.837,157.0,16402.6
348.882,157.0,16404.6
348.919,157.0,16406.2
348.956,155.0,16407.8
348.995,155.0,16409.5
349.037,154.0,16411.3
349.077,154.0,16413.0
349.116,154.0,16414.7
349.167,154.0,16416.9
349.196,155.0,16418.1
349.237,155.0,16419.9
349.276,156.0,16421.5
349.316,157.0,16423.3
349.357,157.0,16425.1
349.396,158.0,16426.8
349.437,158.0,16428.6
349.476,159.0,16430.3
349.518,159.0,16432.2
349.557,159.0,16433.9
349.596,159.0,16435.6
349.637,159.0,16437.4
349.679,160.0,16439.3
349.715,160.0,16440.9
349.761,160.0,16442.9
349.802,160.0,16444.7
349.840,159.0,16446.4
349.879,160.0,16448.1
349.921,160.0,16450.0
349.961,160.0,16451.8
349.997,161.0,16453.4
350.037,161.0,16455.2
350.078,160.0,16457.0
350.115,161.0,16458.7
350.159,161.0,16460.6
350.196,162.0,16462.3
350.237,162.0,16464.1
350.275,162.0,16465.8
350.318,162.0,16467.8
350.356,162.0,16469.5
350.394,162.0,16471.2
350.443,163.0,16473.4
350.497,163.0,16475.9
350.519,163.0,16476.9
350.556,163.0,16478.5
350.596,163.0,16480.3
350.636,164.0,16482.2
350.674,164.0,16483.9
350.717,164.0,16485.8
350.761,165.0,16487.9
350.803,165.0,16489.8
350.836,166.0,16491.3
350.877,166.0,16493.2
350.917,166.0,16495.0
350.957,167.0,16496.9
350.996,168.0,16498.7
351.038,168.0,16500.7
351.083,169.0,16502.8
351.117,169.0,16504.4
351.156,170.0,16506.2
351.193,171.0,16508.0
351.236,171.0,16510.0
351.277,170.0,16511.9
351.318,170.0,16513.9
351.355,169.0,16515.6
351.395,167.0,16517.5
351.437,166.0,16519.4
351.477,164.0,16521.3
351.516,164.0,16523.0
351.556,162.0,16524.8
351.594,159.0,16526.5
351.638,157.0,16528.5
351.677,155.0,16530.2
351.722,155.0,16532.1
351.761,153.0,16533.8
351.802,150.0,16535.5
351.840,149.0,16537.1
352.106,147.0,16548.0
352.126,141.0,16548.8
352.153,140.0,16549.9
352.198,138.0,16551.6
352.234,137.0,16553.0
352.274,136.0,16554.5
352.323,136.0,16556.3
352.358,135.0,16557.7
352.400,132.0,16559.2
352.435,131.0,16560.5
352.477,130.0,16562.0
352.517,130.0,16563.5
352.555,129.0,16564.8
352.598,127.0,16566.4
352.635,126.0,16567.7
352.674,125.0,16569.0
352.723,125.0,16570.7
352.757,125.0,16571.9
352.798,124.0,16573.3
352.835,123.0,16574.6
352.875,123.0,16575.9
352.915,123.0,16577.3
352.954,123.0,16578.6
352.998,122.0,16580.1
353.050,121.0,16581.9
353.074,121.0,16582.7
353.112,121.0,16584.0
353.155,121.0,16585.4
353.196,121.0,16586.8
353.235,121.0,16588.1
353.273,121.0,16589.4
353.323,121.0,16591.1
353.355,121.0,16592.2
353.394,121.0,16593.5
353.435,120.0,16594.8
353.474,120.0,16596.1
353.517,120.0,16597.6
353.556,119.0,16598.9
353.597,119.0,16600.2
353.638,118.0,16601.6
353.678,118.0,16602.9
353.718,118.0,16604.2
353.754,118.0,16605.4
353.796,117.0,16606.7
353.839,117.0,16608.1
353.878,117.0,16609.4
353.917,117.0,16610.7
353.961,117.0,16612.1
354.002,118.0,16613.4
354.038,118.0,16614.6
354.079,118.0,16616.0
354.121,119.0,16617.3
354.157,119.0,16618.5
354.197,119.0,16619.9
354.241,120.0,16621.3
354.284,120.0,16622.8
354.324,121.0,16624.1
354.364,121.0,16625.4
354.396,122.0,16626.5
354.438,123.0,16627.9
354.480,123.0,16629.4
354.523,123.0,16630.9
354.563,123.0,16632.2
354.597,124.0,16633.4
354.638,125.0,16634.8
354.680,126.0,16636.3
354.717,126.0,16637.6
354.757,126.0,16639.0
354.801,127.0,16640.5
354.838,127.0,16641.8
354.883,128.0,16643.4
354.918,128.0,16644.7
354.959,129.0,16646.1
354.999,130.0,16647.6
355.041,131.0,16649.1
355.078,132.0,16650.4
355.120,132.0,16652.0
355.158,133.0,16653.4
355.205,135.0,16655.1
355.240,136.0,16656.4
355.278,137.0,16657.9
355.321,138.0,16659.5
355.356,138.0,16660.9
355.398,139.0,16662.5
355.437,140.0,16664.0
355.481,140.0,16665.7
355.519,141.0,16667.2
355.566,141.0,16669.0
355.599,143.0,16670.3
355.636,144.0,16671.8
355.680,144.0,16673.6
355.717,144.0,16675.0
355.757,145.0,16676.6
355.802,145.0,16678.5
355.843,146.0,16680.1
355.877,147.0,16681.5
355.920,148.0,16683.3
355.958,148.0,16684.8
355.997,149.0,16686.4
356.039,150.0,16688.2
356.104,151.0,16690.9
356.134,151.0,16692.1
356.161,152.0,16693.3
356.196,155.0,16694.8
356.241,155.0,16696.7
356.278,156.0,16698.3
356.317,156.0,16700.0
356.362,157.0,16702.0
356.403,159.0,16703.8
356.442,160.0,16705.5
356.478,160.0,16707.1
356.518,161.0,16708.9
356.561,161.0,16710.8
356.600,162.0,16712.5
356.643,163.0,16714.5
356.684,164.0,16716.3
356.724,164.0,16718.2
356.762,165.0,16719.9
356.802,167.0,16721.7
356.840,169.0,16723.5
356.878,170.0,16725.3
356.922,170.0,16727.4
356.956,171.0,16729.0
357.003,173.0,16731.2
357.038,174.0,16732.9
357.080,175.0,16735.0
357.121,175.0,16737.0
357.164,175.0,16739.0
357.203,177.0,16741.0
357.236,178.0,16742.6
357.276,178.0,16744.6
357.315,178.0,16746.5
357.355,178.0,16748.5
357.398,176.0,16750.6
357.435,174.0,16752.4
357.475,172.0,16754.3
357.515,171.0,16756.2
357.555,171.0,16758.1
357.597,167.0,16760.1
357.637,165.0,16761.9
357.675,163.0,16763.7
357.715,163.0,16765.5
357.755,162.0,16767.3
357.794,159.0,16769.0
357.834,157.0,16770.8
357.875,155.0,16772.5
357.918,154.0,16774.4
357.958,154.0,16776.1
357.994,151.0,16777.6
358.034,149.0,16779.3
358.074,147.0,16780.9
358.114,147.0,16782.6
358.156,145.0,16784.3
358.194,142.0,16785.8
358.237,141.0,16787.5
358.281,139.0,16789.2
358.314,139.0,16790.5
358.355,137.0,16792.0
358.395,136.0,16793.6
358.436,134.0,16795.1
358.475,133.0,16796.5
358.518,131.0,16798.1
358.557,131.0,16799.5
358.595,129.0,16800.9
358.635,127.0,16802.3
358.673,126.0,16803.7
358.715,125.0,16805.1
358.755,125.0,16806.5
358.795,122.0,16807.9
358.839,122.0,16809.4
358.875,120.0,16810.6
358.917,120.0,16812.0
358.954,118.0,16813.2
358.995,116.0,16814.5
359.034,116.0,16815.8
359.082,115.0,16817.3
359.124,114.0,16818.7
359.164,114.0,16819.9
359.206,111.0,16821.3
359.238,110.0,16822.2
359.272,109.0,16823.3
359.313,109.0,16824.5
359.353,108.0,16825.7
359.395,106.0,16827.0
359.434,105.0,16828.1
359.478,104.0,16829.4
359.514,104.0,16830.4
359.553,103.0,16831.5
359.594,101.0,16832.7
359.634,101.0,16833.8
359.683,100.0,16835.2
359.714,100.0,16836.1
359.754,99.0,16837.2
359.795,97.0,16838.3
359.833,97.0,16839.3
359.887,96.0,16840.8
359.913,96.0,16841.4
359.954,97.0,16842.5
359.995,97.0,16843.6
360.034,97.0,16844.7
360.072,97.0,16845.7
360.113,97.0,16846.8
360.153,97.0,16847.9
360.194,97.0,16849.0
360.233,97.0,16850.1
360.277,97.0,16851.2
360.316,97.0,16852.3
360.354,97.0,16853.3
360.393,96.0,16854.4
360.433,96.0,16855.4
360.473,96.0,16856.5
360.513,96.0,16857.6
360.554,96.0,16858.7
360.596,96.0,16859.8
360.636,96.0,16860.8
360.674,97.0,16861.9
360.713,96.0,16862.9
360.753,96.0,16864.0
360.794,96.0,16865.1
360.833,96.0,16866.1
360.877,97.0,16867.3
360.914,97.0,16868.3
360.953,97.0,16869.3
360.995,98.0,16870.5
361.033,98.0,16871.5
361.075,98.0,16872.7
361.115,98.0,16873.7
361.155,98.0,16874.8
361.199,100.0,16876.0
361.236,101.0,16877.1
361.274,101.0,16878.1
361.314,101.0,16879.3
361.354,101.0,16880.4
361.423,103.0,16882.3
361.458,104.0,16883.3
361.484,105.0,16884.1
361.516,105.0,16885.0
361.564,105.0,16886.4
361.599,105.0,16887.5
361.635,105.0,16888.5
361.675,106.0,16889.7
361.714,107.0,16890.8
361.757,107.0,16892.1
361.796,109.0,16893.3
361.835,110.0,16894.5
361.878,111.0,16895.8
361.917,111.0,16897.0
361.957,111.0,16898.2
361.996,111.0,16899.4
362.037,112.0,16900.7
362.078,113.0,16902.0
362.117,113.0,16903.2
362.157,114.0,16904.5
362.197,117.0,16905.7
362.237,118.0,16907.0
362.277,119.0,16908.4
362.317,120.0,16909.7
362.357,120.0,16911.0
362.399,122.0,16912.4
362.441,123.0,16913.9
362.483,124.0,16915.3
362.517,124.0,16916.5
362.561,126.0,16918.0
362.600,128.0,16919.4
362.638,130.0,16920.7
362.679,131.0,16922.2
362.727,132.0,16924.0
362.773,132.0,16925.7
362.811,134.0,16927.1
362.856,134.0,16928.8
362.880,135.0,16929.6
362.916,135.0,16931.0
362.953,137.0,16932.4
362.995,140.0,16934.0
363.033,140.0,16935.5
363.074,140.0,16937.1
363.114,140.0,16938.6
363.155,140.0,16940.2
363.194,142.0,16941.8
363.238,143.0,16943.5
363.274,144.0,16944.9
363.313,145.0,16946.5
363.353,145.0,16948.1
363.403,146.0,16950.1
363.440,146.0,16951.6
363.474,147.0,16953.0
363.513,148.0,16954.6
363.555,148.0,16956.3
363.594,150.0,16958.0
363.642,151.0,16960.0
363.674,152.0,16961.3
363.714,153.0,16963.0
363.753,153.0,16964.7
363.794,155.0,16966.4
363.833,156.0,16968.1
363.874,156.0,16969.9
363.913,156.0,16971.6
363.955,157.0,16973.4
363.994,159.0,16975.1
364.036,160.0,16977.0
364.073,162.0,16978.6
364.112,162.0,16980.4
364.152,162.0,16982.2
364.194,163.0,16984.1
364.232,163.0,16985.8
364.276,164.0,16987.8
364.314,164.0,16989.5
364.353,165.0,16991.3
364.393,168.0,16993.2
364.433,168.0,16995.0
364.474,169.0,16996.9
364.513,169.0,16998.8
364.554,170.0,17000.7
364.593,173.0,17002.6
364.633,173.0,17004.5
364.676,174.0,17006.6
364.714,175.0,17008.4
364.755,175.0,17010.4
364.796,177.0,17012.4
364.835,177.0,17014.3
364.878,178.0,17016.4
364.919,180.0,17018.5
364.955,180.0,17020.3
364.995,181.0,17022.3
365.034,182.0,17024.2
365.076,183.0,17026.4
365.116,183.0,17028.4
365.155,183.0,17030.4
365.198,185.0,17032.6
365.239,186.0,17034.7
365.275,187.0,17036.6
365.315,187.0,17038.6
365.355,188.0,17040.7
365.396,189.0,17042.9
365.435,189.0,17044.9
365.478,190.0,17047.2
365.520,192.0,17049.4
365.560,192.0,17051.5
365.598,194.0,17053.6
365.637,194.0,17055.7
365.678,194.0,17057.9
365.717,195.0,17060.0
365.757,195.0,17062.2
365.798,197.0,17064.4
365.836,198.0,17066.5
365.884,198.0,17069.1
365.920,199.0,17071.1
365.957,199.0,17073.2
365.997,201.0,17075.4
366.037,201.0,17077.6
366.078,202.0,17079.9
366.119,202.0,17082.2
366.161,202.0,17084.6
366.200,204.0,17086.8
366.237,204.0,17088.9
366.277,203.0,17091.1
366.317,203.0,17093.4
366.358,201.0,17095.7
366.397,198.0,17097.8
366.437,197.0,17100.0
366.478,195.0,17102.3
366.517,195.0,17104.4
366.558,193.0,17106.6
366.597,190.0,17108.7
366.637,188.0,17110.8
366.677,186.0,17112.8
366.718,186.0,17115.0
366.757,184.0,17117.0
366.798,180.0,17119.0
366.839,178.0,17121.1
366.877,176.0,17122.9
366.917,176.0,17124.9
366.958,174.0,17126.9
366.997,170.0,17128.7
367.038,168.0,17130.7
367.081,166.0,17132.7
367.119,164.0,17134.4
367.157,164.0,17136.1
367.197,160.0,17137.9
367.238,159.0,17139.8
367.278,158.0,17141.5
367.315,158.0,17143.1
367.359,156.0,17145.1
367.400,153.0,17146.8
367.437,152.0,17148.4
367.478,152.0,17150.1
367.518,151.0,17151.8
367.558,151.0,17153.5
367.597,148.0,17155.1
367.638,146.0,17156.8
367.677,145.0,17158.4
367.719,144.0,17160.0
367.759,144.0,17161.6
367.797,143.0,17163.2
367.837,142.0,17164.7
367.877,141.0,17166.3
367.916,141.0,17167.8
367.957,140.0,17169.4
367.996,139.0,17170.9
368.052,140.0,17173.1
368.079,139.0,17174.2
368.117,138.0,17175.6
368.157,138.0,17177.2
368.198,137.0,17178.7
368.238,137.0,17180.2
368.290,138.0,17182.2
368.315,138.0,17183.2
368.362,138.0,17185.0
368.396,138.0,17186.3
368.435,138.0,17187.8
368.475,138.0,17189.3
368.514,138.0,17190.8
368.554,137.0,17192.3
368.595,137.0,17193.9
368.635,137.0,17195.4
368.675,137.0,17197.0
368.718,137.0,17198.6
368.757,136.0,17200.1
368.795,137.0,17201.5
368.835,137.0,17203.0
368.874,137.0,17204.5
368.916,137.0,17206.1
368.956,137.0,17207.6
368.995,136.0,17209.1
369.039,137.0,17210.8
369.076,137.0,17212.2
369.115,137.0,17213.7
369.155,138.0,17215.2
369.195,138.0,17216.7
369.234,138.0,17218.2
369.275,139.0,17219.8
369.315,139.0,17221.4
369.355,139.0,17222.9
369.396,140.0,17224.5
369.434,141.0,17226.0
369.475,141.0,17227.6
369.515,141.0,17229.1
369.554,142.0,17230.7
369.594,144.0,17232.3
369.635,145.0,17233.9
369.675,145.0,17235.5
369.722,145.0,17237.4
369.758,146.0,17238.9
369.795,147.0,17240.4
369.843,149.0,17242.3
369.880,149.0,17243.9
369.915,149.0,17245.3
369.956,149.0,17247.0
369.995,150.0,17248.6
370.035,151.0,17250.3
370.075,152.0,17252.0
370.120,152.0,17253.9
370.162,152.0,17255.7
370.199,152.0,17257.2
370.239,152.0,17258.9
370.279,153.0,17260.6
370.314,153.0,17262.1
370.353,154.0,17263.8
370.394,155.0,17265.5
370.434,154.0,17267.2
370.473,155.0,17268.9
370.521,155.0,17271.0
370.553,155.0,17272.4
370.593,156.0,17274.1
370.632,157.0,17275.8
370.673,158.0,17277.6
370.714,158.0,17279.4
370.753,158.0,17281.1
370.802,159.0,17283.2
370.837,160.0,17284.8
370.872,161.0,17286.4
371.003,161.0,17292.2
371.020,162.0,17293.0
371.038,164.0,17293.8
371.074,164.0,17295.4
371.124,165.0,17297.7
371.160,165.0,17299.4
371.193,166.0,17300.9
371.232,167.0,17302.7
371.273,167.0,17304.6
371.313,168.0,17306.5
371.353,168.0,17308.3
371.400,168.0,17310.5
371.438,168.0,17312.3
371.473,168.0,17313.9
371.512,167.0,17315.7
371.553,167.0,17317.6
371.595,166.0,17319.6
371.634,165.0,17321.4
371.673,165.0,17323.2
371.718,165.0,17325.2
371.757,165.0,17327.0
371.793,164.0,17328.7
371.832,164.0,17330.4
371.874,163.0,17332.3
371.914,163.0,17334.1
371.953,162.0,17335.9
371.994,160.0,17337.7
372.042,159.0,17339.9
372.073,158.0,17341.2
372.115,158.0,17343.1
372.154,157.0,17344.8
372.195,156.0,17346.6
372.235,155.0,17348.3
372.275,155.0,17350.0
372.316,154.0,17351.8
372.362,154.0,17353.7
372.398,154.0,17355.3
372.435,153.0,17356.9
372.475,153.0,17358.6
372.515,153.0,17360.3
372.555,152.0,17362.0
372.595,152.0,17363.6
372.636,151.0,17365.4
372.674,151.0,17367.0
372.722,151.0,17369.0
372.757,151.0,17370.4
372.795,152.0,17372.0
372.834,152.0,17373.7
372.874,152.0,17375.4
372.915,152.0,17377.1
372.954,152.0,17378.8
372.996,152.0,17380.5
373.040,152.0,17382.4
373.080,152.0,17384.1
373.117,152.0,17385.6
373.155,152.0,17387.2
373.194,152.0,17388.9
373.235,151.0,17390.6
373.276,152.0,17392.3
373.318,152.0,17394.1
373.364,153.0,17396.1
373.401,153.0,17397.6
373.438,153.0,17399.2
373.478,153.0,17400.9
373.517,153.0,17402.6
373.558,152.0,17404.3
373.599,151.0,17406.0
373.639,151.0,17407.7
373.680,152.0,17409.4
373.718,152.0,17411.0
373.761,152.0,17412.9
373.800,153.0,17414.5
373.840,153.0,17416.2
373.883,154.0,17418.0
373.920,154.0,17419.6
373.959,155.0,17421.3
373.995,156.0,17422.8
374.033,157.0,17424.5
374.071,158.0,17426.2
374.113,158.0,17428.0
374.154,158.0,17429.8
374.192,156.0,17431.5
374.237,156.0,17433.4
374.273,157.0,17435.0
374.313,157.0,17436.7
374.353,156.0,17438.5
374.392,156.0,17440.2
374.433,157.0,17441.9
374.474,157.0,17443.7
374.515,157.0,17445.5
374.555,157.0,17447.3
374.594,157.0,17449.0
374.634,157.0,17450.7
374.672,157.0,17452.4
374.713,158.0,17454.2
374.754,158.0,17455.9
374.792,158.0,17457.6
374.839,158.0,17459.7
374.885,159.0,17461.7
374.913,159.0,17462.9
374.953,160.0,17464.7
374.992,160.0,17466.4
375.035,160.0,17468.4
375.075,161.0,17470.1
375.114,161.0,17471.9
375.156,162.0,17473.8
375.195,163.0,17475.5
375.234,163.0,17477.3
375.273,163.0,17479.1
375.313,163.0,17480.9
375.353,164.0,17482.7
375.395,165.0,17484.6
375.433,166.0,17486.4
375.481,166.0,17488.6
375.517,166.0,17490.2
375.553,167.0,17491.9
375.593,168.0,17493.8
375.633,169.0,17495.6
375.673,170.0,17497.5
375.715,170.0,17499.5
375.775,170.0,17502.3
375.812,171.0,17504.1
375.836,173.0,17505.2
375.877,174.0,17507.2
375.916,174.0,17509.1
375.955,174.0,17511.0
375.995,175.0,17512.9
376.039,176.0,17515.1
376.079,176.0,17517.0
376.116,177.0,17518.8
376.155,177.0,17520.7
376.195,179.0,17522.7
376.237,180.0,17524.8
376.275,181.0,17526.7
376.315,181.0,17528.7
376.357,182.0,17530.9
376.396,182.0,17532.8
376.434,183.0,17534.7
376.475,184.0,17536.8
376.519,184.0,17539.1
376.557,185.0,17541.0
376.599,186.0,17543.2
376.637,186.0,17545.2
376.677,187.0,17547.2
376.715,187.0,17549.2
376.757,187.0,17551.4
376.798,189.0,17553.5
376.836,190.0,17555.5
376.878,191.0,17557.8
376.916,191.0,17559.8
376.963,192.0,17562.3
376.999,194.0,17564.2
377.039,195.0,17566.4
377.078,196.0,17568.5
377.119,196.0,17570.7
377.158,196.0,17572.8
377.204,197.0,17575.3
377.244,198.0,17577.5
377.285,199.0,17579.8
377.321,199.0,17581.8
377.358,200.0,17583.8
377.401,200.0,17586.2
377.444,200.0,17588.6
377.556,202.0,17594.9
377.597,204.0,17597.2
377.642,204.0,17599.7
377.673,205.0,17601.5
377.714,205.0,17603.8
377.755,205.0,17606.2
377.794,208.0,17608.4
377.834,208.0,17610.7
377.875,208.0,17613.1
377.915,210.0,17615.4
377.957,210.0,17617.9
377.993,213.0,17620.0
378.033,214.0,17622.3
378.072,215.0,17624.7
378.112,215.0,17627.1
378.154,216.0,17629.6
378.195,217.0,17632.0
378.234,218.0,17634.4
378.277,220.0,17637.0
378.318,220.0,17639.5
378.392,223.0,17644.1
378.475,225.0,17649.2
378.515,225.0,17651.7
378.554,227.0,17654.2
378.634,230.0,17659.3
378.712,231.0,17664.2
378.753,232.0,17666.9
378.792,234.0,17669.4
378.834,234.0,17672.1
378.873,236.0,17674.7
378.916,237.0,17677.5
378.956,237.0,17680.1
378.993,240.0,17682.6
379.035,240.0,17685.4
379.075,240.0,17688.1
379.115,241.0,17690.7
379.155,241.0,17693.4
379.205,245.0,17696.8
379.236,246.0,17698.9
379.273,247.0,17701.4
379.314,247.0,17704.2
379.357,247.0,17707.2
379.396,248.0,17709.9
379.437,250.0,17712.7
379.477,251.0,17715.5
379.528,251.0,17719.1
379.557,252.0,17721.1
379.596,253.0,17723.8
379.635,253.0,17726.6
379.677,254.0,17729.5
379.718,254.0,17732.4
379.759,256.0,17735.3
379.796,258.0,17738.0
379.840,258.0,17741.1
379.877,259.0,17743.8
379.916,260.0,17746.6
379.957,260.0,17749.5
379.998,262.0,17752.5
380.041,263.0,17755.6
380.082,264.0,17758.6
380.134,264.0,17762.5
380.164,264.0,17764.7
380.199,267.0,17767.2
380.240,267.0,17770.3
380.282,268.0,17773.4
380.319,268.0,17776.2
380.354,269.0,17778.8
380.399,269.0,17782.1
380.442,270.0,17785.3
380.546,272.0,17793.2
380.562,273.0,17794.4
380.583,275.0,17796.0
380.625,275.0,17799.2
380.665,276.0,17802.3
380.706,277.0,17805.4
380.753,277.0,17809.0
380.789,278.0,17811.8
380.829,278.0,17814.9
380.869,280.0,17818.0
380.910,280.0,17821.2
380.951,281.0,17824.4
380.992,282.0,17827.6
381.034,282.0,17830.9
381.074,284.0,17834.0
381.114,284.0,17837.2
381.152,285.0,17840.2
381.195,287.0,17843.6
381.237,288.0,17846.9
381.276,288.0,17850.1
381.317,288.0,17853.3
381.355,288.0,17856.4
381.396,291.0,17859.7
381.434,291.0,17862.7
381.476,292.0,17866.1
381.514,293.0,17869.2
381.556,293.0,17872.7
381.596,294.0,17875.9
381.642,295.0,17879.7
381.675,296.0,17882.4
381.716,296.0,17885.8
381.756,297.0,17889.0
381.796,298.0,17892.4
381.838,299.0,17895.8
381.876,300.0,17899.0
381.918,301.0,17902.5
381.965,301.0,17906.4
381.996,302.0,17909.0
382.038,303.0,17912.6
382.077,303.0,17915.8
382.117,303.0,17919.2
382.158,304.0,17922.7
382.201,305.0,17926.3
382.240,306.0,17929.6
382.278,307.0,17932.8
382.318,307.0,17936.3
382.356,308.0,17939.5
382.399,309.0,17943.2
382.444,310.0,17947.1
382.481,310.0,17950.2
382.522,311.0,17953.8
382.560,311.0,17957.1
382.597,313.0,17960.3
382.637,313.0,17963.7
382.682,314.0,17967.7
382.718,315.0,17970.8
382.760,315.0,17974.5
382.800,316.0,17978.0
382.839,317.0,17981.4
382.881,318.0,17985.1
382.919,318.0,17988.5
382.958,318.0,17991.9
383.004,319.0,17996.0
383.040,320.0,17999.2
383.079,321.0,18002.7
383.125,321.0,18006.8
383.158,322.0,18009.7
383.203,323.0,18013.7
383.243,324.0,18017.3
383.283,324.0,18020.9
383.323,324.0,18024.5
383.356,325.0,18027.5
383.396,326.0,18031.1
383.436,327.0,18034.8
383.477,327.0,18038.5
383.523,328.0,18042.7
383.559,328.0,18045.9
383.598,330.0,18049.5
383.636,330.0,18053.0
383.677,330.0,18056.8
383.717,331.0,18060.4
383.756,331.0,18064.0
383.797,333.0,18067.8
383.834,333.0,18071.2
383.876,334.0,18075.1
383.919,334.0,18079.1
383.955,334.0,18082.4
383.995,336.0,18086.2
384.039,336.0,18090.3
384.075,337.0,18093.6
384.117,337.0,18097.6
384.163,337.0,18101.9
384.196,339.0,18105.0
384.236,339.0,18108.7
384.276,340.0,18112.5
384.315,340.0,18116.2
384.358,340.0,18120.2
384.397,341.0,18123.9
384.436,342.0,18127.6
384.481,342.0,18131.9
384.523,342.0,18135.9
384.556,343.0,18139.0
384.595,344.0,18142.8
384.634,345.0,18146.5
384.677,345.0,18150.6
384.714,346.0,18154.2
384.756,346.0,18158.2
384.796,346.0,18162.0
384.835,346.0,18165.8
384.877,346.0,18169.8
384.916,346.0,18173.6
384.954,347.0,18177.2
384.998,347.0,18181.5
385.035,347.0,18185.0
385.077,346.0,18189.1
385.130,345.0,18194.2
385.161,345.0,18197.1
385.197,345.0,18200.6
385.242,345.0,18204.9
385.279,345.0,18208.5
385.316,345.0,18212.0
385.381,345.0,18218.2
385.413,345.0,18221.3
385.443,344.0,18224.2
385.480,344.0,18227.7
385.518,344.0,18231.3
385.559,344.0,18235.2
385.598,345.0,18239.0
385.637,345.0,18242.7
385.677,345.0,18246.6
385.724,345.0,18251.1
385.762,345.0,18254.7
385.801,344.0,18258.4
385.840,344.0,18262.2
385.880,345.0,18266.0
385.919,345.0,18269.7
385.959,345.0,18273.6
386.000,345.0,18277.5
386.044,345.0,18281.7
386.080,345.0,18285.2
386.121,345.0,18289.1
386.159,345.0,18292.7
386.199,345.0,18296.6
386.240,345.0,18300.5
386.284,345.0,18304.7
386.335,345.0,18309.6
386.365,346.0,18312.5
386.398,346.0,18315.6
386.439,346.0,18319.6
386.478,346.0,18323.3
386.520,346.0,18327.4
386.557,346.0,18330.9
386.599,346.0,18335.0
386.638,347.0,18338.7
386.681,347.0,18342.9
386.717,347.0,18346.3
386.760,348.0,18350.5
386.801,347.0,18354.4
386.839,347.0,18358.1
386.880,347.0,18362.0
386.923,348.0,18366.2
386.957,348.0,18369.5
386.997,348.0,18373.4
387.041,347.0,18377.6
387.078,347.0,18381.2
387.117,347.0,18384.9
387.159,347.0,18389.0
387.203,348.0,18393.2
387.243,348.0,18397.1
387.277,348.0,18400.4
387.316,348.0,18404.1
387.363,347.0,18408.7
387.397,347.0,18412.0
387.438,347.0,18415.9
387.479,348.0,18419.9
387.523,348.0,18424.1
387.563,348.0,18428.0
387.599,348.0,18431.5
387.637,348.0,18435.1
387.679,347.0,18439.2
387.718,347.0,18443.0
387.758,347.0,18446.8
387.798,348.0,18450.7
387.838,348.0,18454.5
387.876,348.0,18458.2
387.925,348.0,18462.9
387.962,347.0,18466.5
387.997,348.0,18469.9
388.034,348.0,18473.5
388.076,348.0,18477.5
388.115,348.0,18481.3
388.156,348.0,18485.3
388.195,348.0,18489.0
388.237,348.0,18493.1
388.274,348.0,18496.7
388.314,348.0,18500.5
388.357,348.0,18504.7
388.396,348.0,18508.5
388.434,349.0,18512.1
388.476,348.0,18516.2
388.516,348.0,18520.1
388.555,348.0,18523.8
388.594,349.0,18527.6
388.635,349.0,18531.6
388.675,349.0,18535.5
388.714,349.0,18539.3
388.755,349.0,18543.2
388.796,349.0,18547.2
388.835,349.0,18551.0
388.875,348.0,18554.9
388.914,348.0,18558.6
388.955,348.0,18562.6
388.994,348.0,18566.4
389.046,348.0,18571.4
389.076,348.0,18574.3
389.115,348.0,18578.1
389.154,347.0,18581.8
389.195,348.0,18585.8
389.235,348.0,18589.7
389.277,348.0,18593.7
389.315,348.0,18597.4
389.355,348.0,18601.3
389.395,348.0,18605.1
389.434,348.0,18608.9
389.473,348.0,18612.7
389.515,348.0,18616.7
389.556,348.0,18620.7
389.595,348.0,18624.5
389.638,348.0,18628.6
389.677,348.0,18632.4
389.715,348.0,18636.1
389.754,348.0,18639.8
389.798,347.0,18644.1
389.838,347.0,18647.9
389.876,347.0,18651.6
389.922,347.0,18656.0
389.959,348.0,18659.6
390.002,348.0,18663.7
390.254,348.0,18688.1
390.278,348.0,18690.4
390.305,348.0,18693.0
390.341,348.0,18696.5
390.382,348.0,18700.5
390.429,348.0,18705.0
390.469,348.0,18708.9
390.511,348.0,18713.0
390.550,349.0,18716.7
390.592,349.0,18720.8
390.632,349.0,18724.7
390.671,349.0,18728.5
390.712,349.0,18732.4
390.754,349.0,18736.5
390.794,349.0,18740.4
390.842,349.0,18745.0
390.876,349.0,18748.3
390.915,349.0,18752.1
390.953,349.0,18755.8
391.001,349.0,18760.4
391.036,349.0,18763.8
391.076,349.0,18767.7
391.120,349.0,18772.0
391.157,349.0,18775.6
391.196,349.0,18779.4
391.235,349.0,18783.1
391.275,349.0,18787.0
391.321,349.0,18791.5
391.357,349.0,18795.0
391.399,349.0,18799.0
391.437,349.0,18802.7
391.482,349.0,18807.1
391.517,349.0,18810.5
391.562,349.0,18814.8
391.599,349.0,18818.4
391.638,349.0,18822.2
391.682,349.0,18826.5
391.716,349.0,18829.8
391.761,349.0,18834.1
391.796,349.0,18837.5
391.837,349.0,18841.5
391.877,349.0,18845.4
391.917,349.0,18849.2
391.957,349.0,18853.1
391.997,349.0,18857.0
392.038,350.0,18861.0
392.088,350.0,18865.8
392.122,350.0,18869.2
392.157,350.0,18872.6
392.196,350.0,18876.3
392.237,350.0,18880.3
392.276,350.0,18884.1
392.317,349.0,18888.1
392.361,349.0,18892.4
392.403,349.0,18896.4
392.437,349.0,18899.7
392.476,349.0,18903.5
392.518,349.0,18907.6
392.557,350.0,18911.4
392.599,349.0,18915.5
392.637,349.0,18919.1
392.680,349.0,18923.3
392.717,349.0,18926.9
392.757,349.0,18930.8
392.798,349.0,18934.7
392.838,349.0,18938.6
392.876,349.0,18942.3
392.918,349.0,18946.4
392.970,349.0,18951.4
392.998,349.0,18954.1
393.039,349.0,18958.1
393.078,349.0,18961.9
393.117,349.0,18965.7
393.157,349.0,18969.5
393.197,349.0,18973.4
393.240,349.0,18977.6
393.278,349.0,18981.3
393.316,349.0,18985.0
393.357,348.0,18988.9
393.396,348.0,18992.7
393.438,348.0,18996.8
393.478,348.0,19000.6
393.517,348.0,19004.4
393.561,348.0,19008.7
393.596,348.0,19012.0
393.642,348.0,19016.5
393.686,348.0,19020.7
393.717,348.0,19023.7
393.758,348.0,19027.7
393.802,348.0,19031.9
393.840,348.0,19035.6
393.875,348.0,19039.0
393.914,348.0,19042.8
393.954,348.0,19046.6
393.994,348.0,19050.5
394.034,348.0,19054.4
394.074,348.0,19058.2
394.116,348.0,19062.3
394.156,347.0,19066.2
394.195,348.0,19069.9
394.234,348.0,19073.7
394.275,348.0,19077.7
394.315,348.0,19081.5
394.355,348.0,19085.4
394.394,348.0,19089.2
394.435,348.0,19093.1
394.474,348.0,19096.9
394.513,348.0,19100.7
394.555,348.0,19104.7
394.595,347.0,19108.6
394.635,347.0,19112.4
394.675,347.0,19116.3
394.715,347.0,19120.2
394.756,347.0,19124.1
394.798,348.0,19128.2
394.835,348.0,19131.7
394.875,347.0,19135.6
394.915,347.0,19139.5
394.954,347.0,19143.2
394.995,347.0,19147.2
395.034,348.0,19150.9
395.075,348.0,19154.9
395.115,348.0,19158.8
395.155,347.0,19162.6
395.195,347.0,19166.5
395.235,347.0,19170.3
395.275,347.0,19174.2
395.316,347.0,19178.1
395.354,347.0,19181.8
395.395,347.0,19185.8
395.435,347.0,19189.6
395.474,347.0,19193.4
395.514,347.0,19197.2
395.554,347.0,19201.1
395.594,347.0,19204.9
395.638,347.0,19209.2
395.677,347.0,19212.9
395.723,347.0,19217.4
395.757,347.0,19220.6
395.797,347.0,19224.5
395.837,347.0,19228.4
395.877,347.0,19232.2
395.918,347.0,19236.2
395.957,347.0,19239.9
395.999,347.0,19244.0
396.039,347.0,19247.8
396.077,347.0,19251.5
396.116,347.0,19255.3
396.158,347.0,19259.3
396.197,347.0,19263.1
396.236,347.0,19266.8
396.278,347.0,19270.9
396.319,347.0,19274.8
396.357,347.0,19278.5
396.396,347.0,19282.2
396.437,348.0,19286.2
396.479,348.0,19290.3
396.517,348.0,19293.9
396.557,347.0,19297.8
396.596,347.0,19301.6
396.640,347.0,19305.8
396.681,347.0,19309.7
396.719,348.0,19313.4
396.756,348.0,19317.0
396.796,347.0,19320.9
396.836,346.0,19324.7
396.878,345.0,19328.7
396.917,345.0,19332.5
396.958,345.0,19336.4
396.998,344.0,19340.2
397.037,344.0,19344.0
397.077,343.0,19347.8
397.117,343.0,19351.6
397.158,342.0,19355.5
397.197,340.0,19359.2
397.237,339.0,19362.9
397.277,339.0,19366.7
397.317,339.0,19370.5
397.356,338.0,19374.1
397.397,337.0,19378.0
397.437,336.0,19381.7
397.478,335.0,19385.6
397.518,335.0,19389.3
397.557,334.0,19392.9
397.597,332.0,19396.6
397.638,332.0,19400.4
397.677,331.0,19404.0
397.717,331.0,19407.6
397.757,330.0,19411.3
397.797,328.0,19415.0
397.838,328.0,19418.7
397.877,327.0,19422.3
397.917,327.0,19425.9
397.957,326.0,19429.5
397.997,325.0,19433.1
398.039,323.0,19436.9
398.077,323.0,19440.3
398.121,322.0,19444.3
398.160,322.0,19447.8
398.197,321.0,19451.1
398.236,320.0,19454.5
398.277,319.0,19458.2
398.317,318.0,19461.7
398.357,318.0,19465.2
398.404,316.0,19469.4
398.438,316.0,19472.4
398.477,315.0,19475.8
398.517,315.0,19479.3
398.558,314.0,19482.9
398.596,312.0,19486.2
398.639,311.0,19489.9
398.682,311.0,19493.6
398.718,311.0,19496.7
398.757,310.0,19500.1
398.798,309.0,19503.6
398.837,309.0,19507.0
398.878,308.0,19510.5
398.921,308.0,19514.1
398.964,308.0,19517.8
398.997,307.0,19520.6
399.037,306.0,19524.0
399.078,306.0,19527.5
399.116,306.0,19530.8
399.157,306.0,19534.2
399.200,305.0,19537.9
399.238,305.0,19541.1
399.277,304.0,19544.4
399.318,304.0,19547.9
399.356,304.0,19551.1
399.397,304.0,19554.5
399.441,304.0,19558.3
399.479,304.0,19561.5
399.518,304.0,19564.8
399.558,304.0,19568.1
399.597,304.0,19571.4
399.677,304.0,19578.2
399.714,304.0,19581.3
399.741,304.0,19583.6
399.772,304.0,19586.2
399.805,304.0,19589.0
399.837,304.0,19591.7
399.877,304.0,19595.1
399.916,304.0,19598.4
399.957,304.0,19601.8
399.997,303.0,19605.2
400.037,304.0,19608.6
400.078,304.0,19612.0
400.120,304.0,19615.6
400.158,304.0,19618.8
400.197,304.0,19622.1
400.237,304.0,19625.5
400.277,304.0,19628.8
400.318,304.0,19632.3
400.361,304.0,19635.9
400.397,303.0,19639.0
400.438,303.0,19642.4
400.478,303.0,19645.8
400.518,303.0,19649.2
400.558,303.0,19652.5
400.599,302.0,19656.0
400.637,303.0,19659.2
400.678,303.0,19662.6
400.718,303.0,19666.0
400.757,303.0,19669.3
400.798,304.0,19672.7
400.838,305.0,19676.1
400.878,305.0,19679.5
400.917,305.0,19682.8
400.958,306.0,19686.3
400.998,305.0,19689.7
401.038,304.0,19693.1
401.080,303.0,19696.6
401.117,303.0,19699.7
401.158,303.0,19703.2
401.197,303.0,19706.4
401.237,303.0,19709.8
401.278,303.0,19713.3
401.317,303.0,19716.5
401.358,304.0,19720.0
401.401,304.0,19723.6
401.437,304.0,19726.7
401.479,304.0,19730.2
401.518,305.0,19733.5
401.557,305.0,19736.8
401.597,305.0,19740.2
401.637,306.0,19743.6
401.683,306.0,19747.5
401.719,306.0,19750.6
401.757,306.0,19753.8
401.796,306.0,19757.1
401.837,306.0,19760.6
401.878,306.0,19764.1
401.917,306.0,19767.4
401.963,306.0,19771.3
401.999,307.0,19774.4
402.040,307.0,19777.9
402.077,307.0,19781.0
402.116,307.0,19784.4
402.157,307.0,19787.9
402.198,307.0,19791.3
402.238,308.0,19794.8
402.280,308.0,19798.4
402.318,308.0,19801.6
402.357,309.0,19805.0
402.397,309.0,19808.4
402.438,309.0,19811.9
402.481,309.0,19815.6
402.519,310.0,19818.9
402.561,310.0,19822.5
402.604,311.0,19826.2
402.638,311.0,19829.1
402.678,311.0,19832.6
402.717,311.0,19836.0
402.756,312.0,19839.3
402.798,313.0,19843.0
402.837,313.0,19846.4
402.878,313.0,19849.9
402.917,313.0,19853.3
402.958,313.0,19856.9
402.996,314.0,19860.2
403.038,314.0,19863.9
403.078,314.0,19867.3
403.118,314.0,19870.8
403.168,313.0,19875.2
403.199,312.0,19877.9
403.240,312.0,19881.4
403.276,311.0,19884.5
403.317,311.0,19888.1
403.356,311.0,19891.5
403.398,309.0,19895.1
403.442,308.0,19898.8
403.482,307.0,19902.3
403.522,305.0,19905.7
403.557,305.0,19908.6
403.615,303.0,19913.5
403.640,302.0,19915.6
403.693,300.0,19920.1
403.720,300.0,19922.3
403.766,299.0,19926.1
403.798,297.0,19928.8
403.860,295.0,19933.9
403.887,294.0,19936.1
403.935,294.0,19940.0
403.957,292.0,19941.8
403.997,289.0,19945.0
404.043,287.0,19948.7
404.079,286.0,19951.6
404.118,284.0,19954.7
404.157,284.0,19957.7
404.197,282.0,19960.9
404.237,281.0,19964.0
404.276,279.0,19967.0
404.317,278.0,19970.2
404.363,278.0,19973.8
404.399,274.0,19976.5
404.437,273.0,19979.4
404.477,271.0,19982.4
404.518,269.0,19985.5
404.558,269.0,19988.5
404.598,266.0,19991.5
404.638,264.0,19994.4
404.681,263.0,19997.6
404.717,263.0,20000.2
404.757,263.0,20003.1
404.798,261.0,20006.1
404.839,260.0,20009.1
404.878,258.0,20011.9
404.918,257.0,20014.7
404.962,257.0,20017.9
404.998,256.0,20020.4
405.037,255.0,20023.2
405.077,255.0,20026.0
405.118,254.0,20028.9
405.158,254.0,20031.8
405.198,253.0,20034.6
405.251,253.0,20038.3
405.278,252.0,20040.2
405.317,252.0,20042.9
405.357,252.0,20045.7
405.396,252.0,20048.5
405.438,251.0,20051.4
405.476,252.0,20054.0
405.522,252.0,20057.3
405.558,252.0,20059.8
405.597,251.0,20062.5
405.637,251.0,20065.3
405.678,251.0,20068.2
405.718,251.0,20070.9
405.757,251.0,20073.7
405.804,251.0,20076.9
405.844,250.0,20079.7
405.877,250.0,20082.0
405.917,250.0,20084.8
405.958,249.0,20087.6
405.997,248.0,20090.3
406.042,247.0,20093.4
406.080,247.0,20096.0
406.122,247.0,20098.9
406.158,246.0,20101.4
406.196,244.0,20104.0
406.237,243.0,20106.7
406.278,242.0,20109.5
406.317,242.0,20112.1
406.401,239.0,20117.7
406.441,238.0,20120.4
406.478,237.0,20122.8
406.518,236.0,20125.4
406.558,236.0,20128.1
406.596,234.0,20130.6
406.638,233.0,20133.3
406.678,232.0,20135.9
406.718,232.0,20138.4
406.804,230.0,20144.0
406.838,229.0,20146.1
406.878,229.0,20148.7
406.919,229.0,20151.3
406.957,229.0,20153.7
406.997,229.0,20156.2
407.038,229.0,20158.8
407.083,229.0,20161.7
407.118,229.0,20163.9
407.158,229.0,20166.5
407.197,229.0,20169.0
407.237,229.0,20171.5
407.277,230.0,20174.1
407.317,230.0,20176.6
407.365,230.0,20179.7
407.439,230.0,20184.4
407.557,230.0,20191.9
407.597,231.0,20194.5
407.642,231.0,20197.4
407.685,232.0,20200.2
407.717,232.0,20202.2
407.758,232.0,20204.9
407.797,232.0,20207.4
407.838,232.0,20210.0
407.879,232.0,20212.7
407.917,232.0,20215.1
407.959,232.0,20217.8
407.999,232.0,20220.4
408.041,232.0,20223.1
408.078,232.0,20225.5
408.118,232.0,20228.1
408.158,232.0,20230.6
408.198,232.0,20233.2
408.242,232.0,20236.1
408.282,232.0,20238.6
408.318,232.0,20240.9
408.357,232.0,20243.5
408.396,232.0,20246.0
408.439,231.0,20248.7
408.478,231.0,20251.2
408.518,231.0,20253.8
408.559,230.0,20256.4
408.599,228.0,20259.0
408.637,226.0,20261.4
408.678,225.0,20263.9
408.718,224.0,20266.4
408.767,224.0,20269.5
408.837,219.0,20273.8
408.882,218.0,20276.5
408.917,216.0,20278.6
408.958,216.0,20281.1
408.997,212.0,20283.4
409.037,210.0,20285.8
409.078,208.0,20288.1
409.119,208.0,20290.5
409.238,206.0,20297.3
409.267,202.0,20299.0
409.291,199.0,20300.3
409.318,199.0,20301.8
409.362,197.0,20304.2
409.397,194.0,20306.1
409.439,193.0,20308.4
409.477,191.0,20310.4
409.517,189.0,20312.5
409.558,189.0,20314.7
409.603,187.0,20317.0
409.639,185.0,20318.9
409.677,184.0,20320.8
409.718,184.0,20322.9
409.762,181.0,20325.2
409.798,178.0,20327.0
409.838,177.0,20328.9
409.885,176.0,20331.2
409.918,176.0,20332.9
409.957,175.0,20334.8
409.997,172.0,20336.7
410.039,171.0,20338.7
410.077,169.0,20340.5
410.118,169.0,20342.4
410.163,168.0,20344.5
410.197,165.0,20346.1
410.237,164.0,20347.9
410.277,163.0,20349.7
410.319,161.0,20351.6
410.357,161.0,20353.3
410.404,159.0,20355.4
410.440,157.0,20357.0
410.478,156.0,20358.6
410.517,155.0,20360.3
410.562,155.0,20362.3
410.596,153.0,20363.7
410.637,152.0,20365.5
410.686,150.0,20367.5
410.720,150.0,20368.9
410.758,149.0,20370.5
410.797,146.0,20372.1
410.838,145.0,20373.8
410.881,144.0,20375.5
410.918,143.0,20377.0
410.959,143.0,20378.6
410.998,140.0,20380.1
411.037,138.0,20381.6
411.078,137.0,20383.2
411.119,137.0,20384.8
411.157,135.0,20386.2
411.197,133.0,20387.7
411.243,131.0,20389.4
411.279,130.0,20390.7
411.319,129.0,20392.1
411.359,129.0,20393.5
411.397,127.0,20394.9
411.438,126.0,20396.3
411.477,124.0,20397.7
411.522,124.0,20399.2
411.559,122.0,20400.5
411.599,119.0,20401.8
411.638,118.0,20403.1
411.678,117.0,20404.4
411.718,117.0,20405.7
411.758,116.0,20407.0
411.798,114.0,20408.3
411.843,112.0,20409.7
411.880,111.0,20410.9
411.918,111.0,20412.0
411.959,109.0,20413.3
411.998,107.0,20414.5
412.037,105.0,20415.6
412.079,104.0,20416.8
412.117,104.0,20417.9
412.163,101.0,20419.2
412.198,100.0,20420.2
412.236,99.0,20421.3
412.280,98.0,20422.5
412.317,97.0,20423.5
412.357,97.0,20424.5
412.399,94.0,20425.7
412.439,93.0,20426.7
412.477,92.0,20427.7
412.520,92.0,20428.8
412.558,91.0,20429.7
412.598,90.0,20430.7
412.639,89.0,20431.8
412.679,88.0,20432.7
412.716,88.0,20433.6
412.763,88.0,20434.8
412.800,88.0,20435.7
412.837,87.0,20436.6
412.877,87.0,20437.6
412.919,87.0,20438.6
412.962,87.0,20439.6
412.999,86.0,20440.5
413.044,85.0,20441.6
413.079,85.0,20442.4
413.117,85.0,20443.3
413.159,85.0,20444.3
413.199,87.0,20445.3
413.237,87.0,20446.2
413.282,86.0,20447.3
413.323,86.0,20448.2
413.363,86.0,20449.2
413.400,86.0,20450.1
413.437,86.0,20451.0
413.477,87.0,20451.9
413.520,87.0,20453.0
413.559,86.0,20453.9
413.598,86.0,20454.8
413.638,86.0,20455.8
413.679,86.0,20456.8
413.717,86.0,20457.7
413.758,86.0,20458.6
413.797,86.0,20459.6
413.841,86.0,20460.6
413.883,86.0,20461.6
413.924,86.0,20462.6
413.965,86.0,20463.6
414.000,87.0,20464.4
414.044,88.0,20465.5
414.080,89.0,20466.4
414.123,89.0,20467.4
414.157,89.0,20468.3
414.195,90.0,20469.2
414.235,91.0,20470.2
414.282,92.0,20471.4
414.320,94.0,20472.4
414.354,94.0,20473.3
414.396,96.0,20474.4
414.435,97.0,20475.5
414.477,98.0,20476.6
414.517,99.0,20477.7
414.555,99.0,20478.7
414.595,102.0,20479.9
414.639,103.0,20481.1
414.676,105.0,20482.2
414.715,105.0,20483.3
414.756,106.0,20484.5
414.796,108.0,20485.7
414.835,110.0,20486.9
414.887,111.0,20488.5
414.916,111.0,20489.4
414.957,112.0,20490.6
414.995,114.0,20491.8
415.034,115.0,20493.1
415.077,115.0,20494.4
415.115,115.0,20495.7
415.163,115.0,20497.2
415.196,115.0,20498.2
415.235,115.0,20499.5
415.275,115.0,20500.8
415.315,115.0,20502.1
415.355,115.0,20503.3
415.395,114.0,20504.6
415.436,114.0,20505.9
415.480,114.0,20507.3
415.515,114.0,20508.4
415.555,114.0,20509.7
415.595,113.0,20510.9
415.637,113.0,20512.2
415.674,112.0,20513.4
415.722,112.0,20514.9
415.756,112.0,20516.0
415.795,113.0,20517.2
415.836,113.0,20518.5
415.875,113.0,20519.7
415.914,113.0,20520.9
415.957,113.0,20522.3
416.003,113.0,20523.7
416.043,113.0,20525.0
416.081,114.0,20526.2
416.118,115.0,20527.3
416.160,115.0,20528.7
416.197,115.0,20529.9
416.237,115.0,20531.1
416.283,115.0,20532.6
416.323,115.0,20533.9
416.358,116.0,20535.0
416.402,116.0,20536.4
416.437,117.0,20537.6
416.478,116.0,20538.9
416.518,116.0,20540.2
416.558,117.0,20541.5
416.604,118.0,20543.0
416.641,118.0,20544.2
416.678,118.0,20545.4
416.717,118.0,20546.7
416.763,118.0,20548.2
416.797,118.0,20549.3
416.843,117.0,20550.8
416.883,117.0,20552.1
416.918,117.0,20553.2
416.962,116.0,20554.7
416.999,115.0,20555.8
417.038,114.0,20557.1
417.081,113.0,20558.4
417.118,113.0,20559.6
417.163,113.0,20561.0
417.199,110.0,20562.1
417.237,108.0,20563.3
417.280,107.0,20564.6
417.318,107.0,20565.7
417.357,106.0,20566.8
417.403,102.0,20568.2
417.443,101.0,20569.3
417.478,99.0,20570.3
417.519,98.0,20571.4
417.557,98.0,20572.4
417.597,95.0,20573.5
417.642,93.0,20574.7
417.678,92.0,20575.6
417.723,91.0,20576.7
417.763,91.0,20577.8
417.798,90.0,20578.6
417.841,88.0,20579.7
417.882,87.0,20580.7
417.918,87.0,20581.6
417.958,86.0,20582.5
418.002,85.0,20583.6
418.050,84.0,20584.7
418.081,83.0,20585.4
418.117,83.0,20586.2
418.157,82.0,20587.2
418.204,81.0,20588.2
418.237,81.0,20589.0
418.282,80.0,20590.0
418.318,80.0,20590.8
418.357,80.0,20591.6
418.396,79.0,20592.5
418.441,78.0,20593.5
418.478,77.0,20594.3
418.520,78.0,20595.2
418.569,78.0,20596.2
418.600,78.0,20596.9
418.639,79.0,20597.8
418.677,78.0,20598.6
418.721,78.0,20599.6
419.112,78.0,20608.0
419.141,79.0,20608.7
419.172,79.0,20609.3
419.197,85.0,20609.9
419.238,86.0,20610.9
419.282,86.0,20611.9
419.319,86.0,20612.8
419.357,86.0,20613.7
419.415,87.0,20615.1
419.445,87.0,20615.8
419.478,87.0,20616.6
419.521,88.0,20617.7
419.561,88.0,20618.7
419.597,90.0,20619.6
419.638,91.0,20620.6
419.683,92.0,20621.7
419.719,92.0,20622.6
419.761,93.0,20623.7
419.797,95.0,20624.7
419.840,96.0,20625.8
419.884,97.0,20627.0
419.922,97.0,20628.0
419.961,98.0,20629.1
419.999,100.0,20630.1
420.038,101.0,20631.2
420.076,102.0,20632.3
420.114,102.0,20633.3
420.155,102.0,20634.5
