lap_t,speed_kmh,s_m
-2.040,83.0,0.0
-2.000,83.0,0.9
-1.960,82.0,1.8
-1.920,82.0,2.8
-1.880,81.0,3.7
-1.840,81.0,4.6
-1.800,81.0,5.5
-1.760,81.0,6.4
-1.720,81.0,7.3
-1.680,80.0,8.2
-1.640,80.0,9.0
-1.600,80.0,9.9
-1.560,81.0,10.8
-1.520,81.0,11.7
-1.480,81.0,12.6
-1.440,81.0,13.5
-1.400,81.0,14.4
-1.360,83.0,15.3
-1.320,83.0,16.3
-1.280,84.0,17.2
-1.240,84.0,18.1
-1.200,84.0,19.0
-1.160,85.0,20.0
-1.120,85.0,20.9
-1.080,86.0,21.9
-1.040,86.0,22.8
-1.000,86.0,23.8
-0.960,88.0,24.8
-0.920,88.0,25.7
-0.880,87.0,26.7
-0.840,87.0,27.7
-0.800,87.0,28.6
-0.760,89.0,29.6
-0.720,89.0,30.6
-0.680,91.0,31.6
-0.640,91.0,32.6
-0.600,91.0,33.6
-0.560,92.0,34.6
-0.520,92.0,35.7
-0.480,93.0,36.7
-0.440,93.0,37.7
-0.400,93.0,38.8
-0.360,95.0,39.8
-0.320,95.0,40.9
-0.280,96.0,41.9
-0.240,96.0,43.0
-0.200,96.0,44.1
-0.160,98.0,45.1
-0.120,98.0,46.2
-0.080,100.0,47.3
-0.040,100.0,48.4
0.000,100.0,49.5
0.040,102.0,50.7
0.080,102.0,51.8
0.120,103.0,52.9
0.160,103.0,54.1
0.200,103.0,55.2
0.240,105.0,56.4
0.280,105.0,57.6
0.320,107.0,58.7
0.360,107.0,59.9
0.400,107.0,61.1
0.440,110.0,62.3
0.480,110.0,63.5
0.520,112.0,64.8
0.560,112.0,66.0
0.600,112.0,67.3
0.640,115.0,68.5
0.680,115.0,69.8
0.720,119.0,71.1
0.760,119.0,72.4
0.800,119.0,73.7
0.840,122.0,75.1
0.880,122.0,76.4
0.920,126.0,77.8
0.960,126.0,79.2
1.000,126.0,80.6
1.040,129.0,82.0
1.080,129.0,83.5
1.120,133.0,84.9
1.160,133.0,86.4
1.200,133.0,87.9
1.240,136.0,89.4
1.280,136.0,90.9
1.320,140.0,92.4
1.360,140.0,94.0
1.400,140.0,95.5
1.440,143.0,97.1
1.480,143.0,98.7
1.520,146.0,100.3
1.560,146.0,101.9
1.600,146.0,103.5
1.640,150.0,105.2
1.680,150.0,106.8
1.720,153.0,108.5
1.760,153.0,110.2
1.800,153.0,111.9
1.840,156.0,113.6
1.880,156.0,115.4
1.920,159.0,117.1
1.960,159.0,118.9
2.000,159.0,120.7
2.040,161.0,122.4
2.080,161.0,124.2
2.120,162.0,126.0
2.160,162.0,127.8
2.200,162.0,129.6
2.240,163.0,131.4
2.280,163.0,133.2
2.320,164.0,135.1
2.360,164.0,136.9
2.400,164.0,138.7
2.440,164.0,140.5
2.480,164.0,142.3
2.520,162.0,144.2
2.560,162.0,146.0
2.600,162.0,147.8
2.640,160.0,149.5
2.680,160.0,151.3
2.720,158.0,153.1
2.760,158.0,154.8
2.800,158.0,156.6
2.840,155.0,158.3
2.880,155.0,160.1
2.920,154.0,161.8
2.960,154.0,163.5
3.000,154.0,165.2
3.040,152.0,166.9
3.080,152.0,168.6
3.120,150.0,170.3
3.160,150.0,171.9
3.200,150.0,173.6
3.240,148.0,175.3
3.280,148.0,176.9
3.320,147.0,178.5
3.360,147.0,180.2
3.400,147.0,181.8
3.440,144.0,183.4
3.480,144.0,185.0
3.520,142.0,186.6
3.560,142.0,188.2
3.600,142.0,189.8
3.640,140.0,191.3
3.680,140.0,192.9
3.720,138.0,194.4
3.760,138.0,196.0
3.800,138.0,197.5
3.840,135.0,199.0
3.880,135.0,200.5
3.920,133.0,202.0
3.960,133.0,203.5
4.000,133.0,205.0
4.040,130.0,206.4
4.080,130.0,207.9
4.120,128.0,209.3
4.160,128.0,210.7
4.200,128.0,212.1
4.240,125.0,213.6
4.280,125.0,214.9
4.320,122.0,216.3
4.360,122.0,217.7
4.400,122.0,219.0
4.440,120.0,220.4
4.480,120.0,221.7
4.520,117.0,223.0
4.560,117.0,224.3
4.600,117.0,225.6
4.640,114.0,226.9
4.680,114.0,228.2
4.720,111.0,229.4
4.760,111.0,230.7
4.800,111.0,231.9
4.840,108.0,233.1
4.880,108.0,234.3
4.920,106.0,235.5
4.960,106.0,236.7
5.000,106.0,237.8
5.040,103.0,239.0
5.080,103.0,240.2
5.120,101.0,241.3
5.160,101.0,242.4
5.200,101.0,243.5
5.240,99.0,244.6
5.280,99.0,245.7
5.320,97.0,246.8
5.360,97.0,247.9
5.400,97.0,249.0
5.440,95.0,250.1
5.480,95.0,251.1
5.520,94.0,252.2
5.560,94.0,253.2
5.600,94.0,254.2
5.640,92.0,255.3
5.680,92.0,256.3
5.720,90.0,257.3
5.760,90.0,258.3
5.800,90.0,259.3
5.840,88.0,260.3
5.880,88.0,261.3
5.920,87.0,262.3
5.960,87.0,263.2
6.000,87.0,264.2
6.040,86.0,265.1
6.080,86.0,266.1
6.120,85.0,267.1
6.160,85.0,268.0
6.200,85.0,268.9
6.240,85.0,269.9
6.280,85.0,270.8
6.320,84.0,271.8
6.360,84.0,272.7
6.400,84.0,273.6
6.440,83.0,274.6
6.480,83.0,275.5
6.520,82.0,276.4
6.560,82.0,277.3
6.600,82.0,278.2
6.640,82.0,279.1
6.680,82.0,280.0
6.720,81.0,281.0
6.760,81.0,281.9
6.800,81.0,282.8
6.840,81.0,283.7
6.880,81.0,284.6
6.920,81.0,285.5
6.960,81.0,286.4
7.000,81.0,287.3
7.040,80.0,288.1
7.080,80.0,289.0
7.120,80.0,289.9
7.160,80.0,290.8
7.200,80.0,291.7
7.240,81.0,292.6
7.280,81.0,293.5
7.320,81.0,294.4
7.360,81.0,295.3
7.400,81.0,296.2
7.440,82.0,297.1
7.480,82.0,298.0
7.520,83.0,298.9
7.560,83.0,299.9
7.600,83.0,300.8
7.640,85.0,301.7
7.680,85.0,302.7
7.720,86.0,303.6
7.760,86.0,304.6
7.800,86.0,305.5
7.840,87.0,306.5
7.880,87.0,307.4
7.920,88.0,308.4
7.960,88.0,309.4
8.000,88.0,310.4
8.040,89.0,311.4
8.080,89.0,312.3
8.120,91.0,313.3
8.160,91.0,314.4
8.200,91.0,315.4
8.240,92.0,316.4
8.280,92.0,317.4
8.320,93.0,318.4
8.360,93.0,319.5
8.400,93.0,320.5
8.440,94.0,321.5
8.480,94.0,322.6
8.520,96.0,323.6
8.560,96.0,324.7
8.600,96.0,325.8
8.640,98.0,326.8
8.680,98.0,327.9
8.720,100.0,329.0
8.760,100.0,330.1
8.800,100.0,331.3
8.840,102.0,332.4
8.880,102.0,333.5
8.920,104.0,334.7
8.960,104.0,335.8
9.000,104.0,337.0
9.040,106.0,338.1
9.080,106.0,339.3
9.120,108.0,340.5
9.160,108.0,341.7
9.200,108.0,342.9
9.240,111.0,344.1
9.280,111.0,345.4
9.320,113.0,346.6
9.360,113.0,347.9
9.400,113.0,349.1
9.440,116.0,350.4
9.480,116.0,351.7
9.520,119.0,353.0
9.560,119.0,354.3
9.600,119.0,355.6
9.640,122.0,357.0
9.680,122.0,358.3
9.720,125.0,359.7
9.760,125.0,361.1
9.800,125.0,362.5
9.840,128.0,363.9
9.880,128.0,365.3
9.920,131.0,366.7
9.960,131.0,368.2
10.000,131.0,369.6
10.040,134.0,371.1
10.080,134.0,372.6
10.120,137.0,374.1
10.160,137.0,375.6
10.200,137.0,377.2
10.240,141.0,378.7
10.280,141.0,380.3
10.320,145.0,381.9
10.360,145.0,383.5
10.400,145.0,385.1
10.440,148.0,386.7
10.480,148.0,388.3
10.520,152.0,390.0
10.560,152.0,391.7
10.600,152.0,393.4
10.640,156.0,395.1
10.680,156.0,396.8
10.720,159.0,398.6
10.760,159.0,400.4
10.800,159.0,402.1
10.840,161.0,403.9
10.880,161.0,405.7
10.920,163.0,407.5
10.960,163.0,409.3
11.000,163.0,411.1
11.040,164.0,412.9
11.080,164.0,414.7
11.120,166.0,416.6
11.160,166.0,418.4
11.200,166.0,420.3
11.240,167.0,422.1
11.280,167.0,424.0
11.320,169.0,425.8
11.360,169.0,427.7
11.400,169.0,429.6
11.440,170.0,431.5
11.480,170.0,433.4
11.520,172.0,435.3
11.560,172.0,437.2
11.600,172.0,439.1
11.640,173.0,441.0
11.680,173.0,442.9
11.720,174.0,444.9
11.760,174.0,446.8
11.800,174.0,448.7
11.840,175.0,450.7
11.880,175.0,452.6
11.920,176.0,454.6
11.960,176.0,456.5
12.000,176.0,458.5
12.040,177.0,460.4
12.080,177.0,462.4
12.120,178.0,464.4
12.160,178.0,466.3
12.200,178.0,468.3
12.240,179.0,470.3
12.280,179.0,472.3
12.320,180.0,474.3
12.360,180.0,476.3
12.400,180.0,478.3
12.440,181.0,480.3
12.480,181.0,482.3
12.520,182.0,484.3
12.560,182.0,486.3
12.600,182.0,488.4
12.640,183.0,490.4
12.680,183.0,492.4
12.720,185.0,494.5
12.760,185.0,496.5
12.800,185.0,498.6
12.840,186.0,500.6
12.880,186.0,502.7
12.920,187.0,504.8
12.960,187.0,506.9
13.000,187.0,508.9
13.040,187.0,511.0
13.080,187.0,513.1
13.120,187.0,515.2
13.160,187.0,517.3
13.200,187.0,519.3
13.240,187.0,521.4
13.280,187.0,523.5
13.320,186.0,525.6
13.360,186.0,527.6
13.400,186.0,529.7
13.440,184.0,531.7
13.480,184.0,533.8
13.520,182.0,535.8
13.560,182.0,537.8
13.600,182.0,539.9
13.640,181.0,541.9
13.680,181.0,543.9
13.720,179.0,545.9
13.760,179.0,547.9
13.800,179.0,549.9
13.840,177.0,551.9
13.880,177.0,553.8
13.920,176.0,555.8
13.960,176.0,557.7
14.000,176.0,559.7
14.040,174.0,561.6
14.080,174.0,563.6
14.120,172.0,565.5
14.160,172.0,567.4
14.200,172.0,569.3
14.240,170.0,571.2
14.280,170.0,573.1
14.320,168.0,575.0
14.360,168.0,576.8
14.400,168.0,578.7
14.440,166.0,580.6
14.480,166.0,582.4
14.520,164.0,584.2
14.560,164.0,586.1
14.600,164.0,587.9
14.640,162.0,589.7
14.680,162.0,591.5
14.720,160.0,593.3
14.760,160.0,595.1
14.800,160.0,596.8
14.840,158.0,598.6
14.880,158.0,600.4
14.920,157.0,602.1
14.960,157.0,603.9
15.000,157.0,605.6
15.040,156.0,607.3
15.080,156.0,609.1
15.120,155.0,610.8
15.160,155.0,612.5
15.200,155.0,614.3
15.240,154.0,616.0
15.280,154.0,617.7
15.320,154.0,619.4
15.360,154.0,621.1
15.400,154.0,622.8
15.440,153.0,624.5
15.480,153.0,626.2
15.520,153.0,627.9
15.560,153.0,629.6
15.600,153.0,631.3
15.640,152.0,633.0
15.680,152.0,634.7
15.720,152.0,636.4
15.760,152.0,638.1
15.800,152.0,639.8
15.840,152.0,641.5
15.880,152.0,643.1
15.920,153.0,644.8
15.960,153.0,646.5
16.000,153.0,648.2
16.040,153.0,649.9
16.080,153.0,651.6
16.120,154.0,653.3
16.160,154.0,655.1
16.200,154.0,656.8
16.240,156.0,658.5
16.280,156.0,660.2
16.320,158.0,662.0
16.360,158.0,663.7
16.400,158.0,665.5
16.440,161.0,667.3
16.480,161.0,669.0
16.520,163.0,670.8
16.560,163.0,672.7
16.600,163.0,674.5
16.640,165.0,676.3
16.680,165.0,678.1
16.720,167.0,680.0
16.760,167.0,681.8
16.800,167.0,683.7
16.840,170.0,685.5
16.880,170.0,687.4
16.920,172.0,689.3
16.960,172.0,691.2
17.000,172.0,693.2
17.040,175.0,695.1
17.080,175.0,697.0
17.120,177.0,699.0
17.160,177.0,701.0
17.200,177.0,702.9
17.240,179.0,704.9
17.280,179.0,706.9
17.320,182.0,708.9
17.360,182.0,710.9
17.400,182.0,712.9
17.440,183.0,715.0
17.480,183.0,717.0
17.520,186.0,719.0
17.560,186.0,721.1
17.600,186.0,723.2
17.640,188.0,725.3
17.680,188.0,727.3
17.720,189.0,729.4
17.760,189.0,731.5
17.800,189.0,733.6
17.840,191.0,735.8
17.880,191.0,737.9
17.920,194.0,740.0
17.960,194.0,742.2
18.000,194.0,744.3
18.040,194.0,746.5
18.080,194.0,748.6
18.120,197.0,750.8
18.160,197.0,753.0
18.200,197.0,755.2
18.240,198.0,757.4
18.280,198.0,759.6
18.320,201.0,761.8
18.360,201.0,764.0
18.400,201.0,766.3
18.440,203.0,768.5
18.480,203.0,770.8
18.520,203.0,773.0
18.560,203.0,775.3
18.600,203.0,777.5
18.640,204.0,779.8
18.680,204.0,782.1
18.720,205.0,784.3
18.760,205.0,786.6
18.800,205.0,788.9
18.840,204.0,791.2
18.880,204.0,793.4
18.920,204.0,795.7
18.960,204.0,798.0
19.000,204.0,800.2
19.040,205.0,802.5
19.080,205.0,804.8
19.120,205.0,807.1
19.160,205.0,809.3
19.200,205.0,811.6
19.240,205.0,813.9
19.280,205.0,816.2
19.320,206.0,818.4
19.360,206.0,820.7
19.400,206.0,823.0
19.440,205.0,825.3
19.480,205.0,827.6
19.520,204.0,829.9
19.560,204.0,832.1
19.600,204.0,834.4
19.640,204.0,836.7
19.680,204.0,838.9
19.720,204.0,841.2
19.760,204.0,843.5
19.800,204.0,845.7
19.840,205.0,848.0
19.880,205.0,850.3
19.920,205.0,852.6
19.960,205.0,854.8
20.000,205.0,857.1
20.040,204.0,859.4
20.080,204.0,861.6
20.120,205.0,863.9
20.160,205.0,866.2
20.200,205.0,868.5
20.240,205.0,870.8
20.280,205.0,873.0
20.320,205.0,875.3
20.360,205.0,877.6
20.400,205.0,879.9
20.440,205.0,882.1
20.480,205.0,884.4
20.520,206.0,886.7
20.560,206.0,889.0
20.600,206.0,891.3
20.640,204.0,893.6
20.680,204.0,895.8
20.720,202.0,898.1
20.760,202.0,900.3
20.800,202.0,902.6
20.840,199.0,904.8
20.880,199.0,907.0
20.920,197.0,909.2
20.960,197.0,911.4
21.000,197.0,913.6
21.040,194.0,915.8
21.080,194.0,917.9
21.120,192.0,920.1
21.160,192.0,922.2
21.200,192.0,924.3
21.240,189.0,926.4
21.280,189.0,928.5
21.320,185.0,930.6
21.360,185.0,932.7
21.400,185.0,934.7
21.440,182.0,936.8
21.480,182.0,938.8
21.520,178.0,940.8
21.560,178.0,942.8
21.600,178.0,944.7
21.640,174.0,946.7
21.680,174.0,948.6
21.720,170.0,950.5
21.760,170.0,952.4
21.800,170.0,954.3
21.840,166.0,956.2
21.880,166.0,958.0
21.920,162.0,959.9
21.960,162.0,961.7
22.000,162.0,963.5
22.040,158.0,965.2
22.080,158.0,967.0
22.120,156.0,968.7
22.160,156.0,970.5
22.200,156.0,972.2
22.240,153.0,973.9
22.280,153.0,975.6
22.320,151.0,977.3
22.360,151.0,979.0
22.400,151.0,980.7
22.440,148.0,982.3
22.480,148.0,984.0
22.520,147.0,985.6
22.560,147.0,987.2
22.600,147.0,988.9
22.640,145.0,990.5
22.680,145.0,992.1
22.720,143.0,993.7
22.760,143.0,995.3
22.800,143.0,996.9
22.840,142.0,998.5
22.880,142.0,1000.0
22.920,141.0,1001.6
22.960,141.0,1003.2
23.000,141.0,1004.8
23.040,139.0,1006.3
23.080,139.0,1007.9
23.120,139.0,1009.4
23.160,139.0,1010.9
23.200,139.0,1012.5
23.240,137.0,1014.0
23.280,137.0,1015.5
23.320,135.0,1017.1
23.360,135.0,1018.6
23.400,135.0,1020.1
23.440,133.0,1021.5
23.480,133.0,1023.0
23.520,130.0,1024.5
23.560,130.0,1025.9
23.600,130.0,1027.4
23.640,130.0,1028.8
23.680,130.0,1030.3
23.720,128.0,1031.7
23.760,128.0,1033.1
23.800,128.0,1034.5
23.840,125.0,1035.9
23.880,125.0,1037.3
23.920,123.0,1038.7
23.960,123.0,1040.1
24.000,123.0,1041.4
24.040,120.0,1042.8
24.080,120.0,1044.1
24.120,118.0,1045.4
24.160,118.0,1046.8
24.200,118.0,1048.1
24.240,116.0,1049.4
24.280,116.0,1050.7
24.320,115.0,1051.9
24.360,115.0,1053.2
24.400,115.0,1054.5
24.440,114.0,1055.8
24.480,114.0,1057.0
24.520,113.0,1058.3
24.560,113.0,1059.6
24.600,113.0,1060.8
24.640,112.0,1062.1
24.680,112.0,1063.3
24.720,110.0,1064.5
24.760,110.0,1065.8
24.800,110.0,1067.0
24.840,110.0,1068.2
24.880,110.0,1069.4
24.920,109.0,1070.6
24.960,109.0,1071.9
25.000,109.0,1073.1
25.040,109.0,1074.3
25.080,109.0,1075.5
25.120,108.0,1076.7
25.160,108.0,1077.9
25.200,108.0,1079.1
25.240,107.0,1080.3
25.280,107.0,1081.5
25.320,106.0,1082.7
25.360,106.0,1083.8
25.400,106.0,1085.0
25.440,105.0,1086.2
25.480,105.0,1087.4
25.520,105.0,1088.5
25.560,105.0,1089.7
25.600,105.0,1090.9
25.640,104.0,1092.0
25.680,104.0,1093.2
25.720,105.0,1094.3
25.760,105.0,1095.5
25.800,105.0,1096.7
25.840,106.0,1097.8
25.880,106.0,1099.0
25.920,107.0,1100.2
25.960,107.0,1101.4
26.000,107.0,1102.6
26.040,108.0,1103.8
26.080,108.0,1105.0
26.120,110.0,1106.2
26.160,110.0,1107.4
26.200,110.0,1108.6
26.240,111.0,1109.9
26.280,111.0,1111.1
26.320,113.0,1112.3
26.360,113.0,1113.6
26.400,113.0,1114.8
26.440,114.0,1116.1
26.480,114.0,1117.4
26.520,116.0,1118.6
26.560,116.0,1119.9
26.600,116.0,1121.2
26.640,118.0,1122.5
26.680,118.0,1123.8
26.720,119.0,1125.2
26.760,119.0,1126.5
26.800,119.0,1127.8
26.840,121.0,1129.1
26.880,121.0,1130.5
26.920,123.0,1131.8
26.960,123.0,1133.2
27.000,123.0,1134.6
27.040,125.0,1135.9
27.080,125.0,1137.3
27.120,127.0,1138.7
27.160,127.0,1140.1
27.200,127.0,1141.6
27.240,128.0,1143.0
27.280,128.0,1144.4
27.320,131.0,1145.8
27.360,131.0,1147.3
27.400,131.0,1148.7
27.440,133.0,1150.2
27.480,133.0,1151.7
27.520,135.0,1153.2
27.560,135.0,1154.7
27.600,135.0,1156.2
27.640,137.0,1157.7
27.680,137.0,1159.2
27.720,140.0,1160.7
27.760,140.0,1162.3
27.800,140.0,1163.9
27.840,143.0,1165.4
27.880,143.0,1167.0
27.920,146.0,1168.6
27.960,146.0,1170.2
28.000,146.0,1171.9
28.040,149.0,1173.5
28.080,149.0,1175.2
28.120,152.0,1176.8
28.160,152.0,1178.5
28.200,152.0,1180.2
28.240,154.0,1181.9
28.280,154.0,1183.6
28.320,156.0,1185.3
28.360,156.0,1187.1
28.400,156.0,1188.8
28.440,156.0,1190.5
28.480,156.0,1192.3
28.520,155.0,1194.0
28.560,155.0,1195.7
28.600,155.0,1197.5
28.640,155.0,1199.2
28.680,155.0,1200.9
28.720,153.0,1202.6
28.760,153.0,1204.3
28.800,153.0,1206.0
28.840,151.0,1207.7
28.880,151.0,1209.4
28.920,149.0,1211.0
28.960,149.0,1212.7
29.000,149.0,1214.4
29.040,147.0,1216.0
29.080,147.0,1217.6
29.120,146.0,1219.3
29.160,146.0,1220.9
29.200,146.0,1222.5
29.240,144.0,1224.1
29.280,144.0,1225.7
29.320,142.0,1227.3
29.360,142.0,1228.9
29.400,142.0,1230.5
29.440,141.0,1232.0
29.480,141.0,1233.6
29.520,140.0,1235.2
29.560,140.0,1236.7
29.600,140.0,1238.3
29.640,139.0,1239.8
29.680,139.0,1241.4
29.720,139.0,1242.9
29.760,139.0,1244.5
29.800,139.0,1246.0
29.840,137.0,1247.5
29.880,137.0,1249.1
29.920,135.0,1250.6
29.960,135.0,1252.1
30.000,135.0,1253.6
30.040,134.0,1255.1
30.080,134.0,1256.5
30.120,131.0,1258.0
30.160,131.0,1259.5
30.200,131.0,1260.9
30.240,129.0,1262.4
30.280,129.0,1263.8
30.320,127.0,1265.2
30.360,127.0,1266.6
30.400,127.0,1268.1
30.440,125.0,1269.5
30.480,125.0,1270.8
30.520,123.0,1272.2
30.560,123.0,1273.6
30.600,123.0,1275.0
30.640,120.0,1276.3
30.680,120.0,1277.6
30.720,118.0,1279.0
30.760,118.0,1280.3
30.800,118.0,1281.6
30.840,117.0,1282.9
30.880,117.0,1284.2
30.920,116.0,1285.5
30.960,116.0,1286.8
31.000,116.0,1288.1
31.040,117.0,1289.4
31.080,117.0,1290.7
31.120,116.0,1291.9
31.160,116.0,1293.2
31.200,116.0,1294.5
31.240,115.0,1295.8
31.280,115.0,1297.1
31.320,115.0,1298.4
31.360,115.0,1299.6
31.400,115.0,1300.9
31.440,115.0,1302.2
31.480,115.0,1303.5
31.520,113.0,1304.7
31.560,113.0,1306.0
31.600,113.0,1307.3
31.640,113.0,1308.5
31.680,113.0,1309.8
31.720,113.0,1311.0
31.760,113.0,1312.3
31.800,113.0,1313.5
31.840,112.0,1314.8
31.880,112.0,1316.0
31.920,111.0,1317.3
31.960,111.0,1318.5
32.000,111.0,1319.7
32.040,111.0,1321.0
32.080,111.0,1322.2
32.120,111.0,1323.4
32.160,111.0,1324.7
32.200,111.0,1325.9
32.240,113.0,1327.1
32.280,113.0,1328.4
32.320,113.0,1329.7
32.360,113.0,1330.9
32.400,113.0,1332.2
32.440,114.0,1333.4
32.480,114.0,1334.7
32.520,115.0,1336.0
32.560,115.0,1337.2
32.600,115.0,1338.5
32.640,113.0,1339.8
32.680,113.0,1341.0
32.720,112.0,1342.3
32.760,112.0,1343.5
32.800,112.0,1344.8
32.840,112.0,1346.0
32.880,112.0,1347.3
32.920,110.0,1348.5
32.960,110.0,1349.7
33.000,110.0,1350.9
33.040,109.0,1352.2
33.080,109.0,1353.4
33.120,108.0,1354.6
33.160,108.0,1355.8
33.200,108.0,1357.0
33.240,107.0,1358.2
33.280,107.0,1359.4
33.320,106.0,1360.5
33.360,106.0,1361.7
33.400,106.0,1362.9
33.440,107.0,1364.1
33.480,107.0,1365.3
33.520,108.0,1366.5
33.560,108.0,1367.7
33.600,108.0,1368.9
33.640,108.0,1370.1
33.680,108.0,1371.3
33.720,108.0,1372.5
33.760,108.0,1373.7
33.800,108.0,1374.9
33.840,109.0,1376.1
33.880,109.0,1377.3
33.920,110.0,1378.5
33.960,110.0,1379.7
34.000,110.0,1381.0
34.040,111.0,1382.2
34.080,111.0,1383.4
34.120,113.0,1384.7
34.160,113.0,1385.9
34.200,113.0,1387.2
34.240,115.0,1388.4
34.280,115.0,1389.7
34.320,117.0,1391.0
34.360,117.0,1392.3
34.400,117.0,1393.6
34.440,119.0,1394.9
34.480,119.0,1396.2
34.520,121.0,1397.6
34.560,121.0,1398.9
34.600,121.0,1400.3
34.640,123.0,1401.6
34.680,123.0,1403.0
34.720,124.0,1404.3
34.760,124.0,1405.7
34.800,124.0,1407.1
34.840,126.0,1408.5
34.880,126.0,1409.9
34.920,128.0,1411.3
34.960,128.0,1412.7
35.000,128.0,1414.1
35.040,130.0,1415.6
35.080,130.0,1417.0
35.120,132.0,1418.5
35.160,132.0,1419.9
35.200,132.0,1421.4
35.240,134.0,1422.9
35.280,134.0,1424.4
35.320,136.0,1425.9
35.360,136.0,1427.4
35.400,136.0,1428.9
35.440,138.0,1430.4
35.480,138.0,1432.0
35.520,141.0,1433.5
35.560,141.0,1435.1
35.600,141.0,1436.6
35.640,144.0,1438.2
35.680,144.0,1439.8
35.720,147.0,1441.4
35.760,147.0,1443.1
35.800,147.0,1444.7
35.840,150.0,1446.4
35.880,150.0,1448.0
35.920,153.0,1449.7
35.960,153.0,1451.4
36.000,153.0,1453.1
36.040,155.0,1454.8
36.080,155.0,1456.5
36.120,157.0,1458.3
36.160,157.0,1460.0
36.200,157.0,1461.8
36.240,156.0,1463.5
36.280,156.0,1465.2
36.320,153.0,1467.0
36.360,153.0,1468.7
36.400,153.0,1470.4
36.440,149.0,1472.0
36.480,149.0,1473.7
36.520,146.0,1475.3
36.560,146.0,1477.0
36.600,146.0,1478.6
36.640,143.0,1480.2
36.680,143.0,1481.8
36.720,138.0,1483.3
36.760,138.0,1484.9
36.800,138.0,1486.4
36.840,135.0,1487.9
36.880,135.0,1489.4
36.920,132.0,1490.9
36.960,132.0,1492.4
37.000,132.0,1493.8
37.040,128.0,1495.3
37.080,128.0,1496.7
37.120,124.0,1498.1
37.160,124.0,1499.5
37.200,124.0,1500.9
37.240,122.0,1502.2
37.280,122.0,1503.6
37.320,118.0,1504.9
37.360,118.0,1506.2
37.400,118.0,1507.5
37.440,114.0,1508.8
37.480,114.0,1510.1
37.520,112.0,1511.3
37.560,112.0,1512.6
37.600,112.0,1513.8
37.640,108.0,1515.1
37.680,108.0,1516.3
37.720,107.0,1517.4
37.760,107.0,1518.6
37.800,107.0,1519.8
37.840,106.0,1521.0
37.880,106.0,1522.2
37.920,105.0,1523.4
37.960,105.0,1524.5
38.000,105.0,1525.7
38.040,105.0,1526.9
38.080,105.0,1528.0
38.120,103.0,1529.2
38.160,103.0,1530.3
38.200,103.0,1531.5
38.240,103.0,1532.6
38.280,103.0,1533.8
38.320,103.0,1534.9
38.360,103.0,1536.0
38.400,103.0,1537.2
38.440,101.0,1538.3
38.480,101.0,1539.4
38.520,101.0,1540.6
38.560,101.0,1541.7
38.600,100.0,1542.8
38.640,100.0,1543.9
38.680,100.0,1545.0
38.720,99.0,1546.1
38.760,99.0,1547.2
38.800,99.0,1548.3
38.840,99.0,1549.4
38.880,99.0,1550.5
38.920,100.0,1551.6
38.960,100.0,1552.8
39.000,100.0,1553.9
39.040,100.0,1555.0
39.080,100.0,1556.1
39.120,100.0,1557.2
39.160,100.0,1558.3
39.200,99.0,1559.4
39.240,99.0,1560.5
39.280,99.0,1561.6
39.320,99.0,1562.7
39.360,99.0,1563.8
39.400,99.0,1564.9
39.440,99.0,1566.0
39.480,99.0,1567.1
39.520,99.0,1568.2
39.560,99.0,1569.3
39.600,100.0,1570.4
39.640,100.0,1571.5
39.680,100.0,1572.6
39.720,100.0,1573.8
39.760,100.0,1574.9
39.800,101.0,1576.0
39.840,101.0,1577.1
39.880,101.0,1578.2
39.920,102.0,1579.4
39.960,102.0,1580.5
40.000,103.0,1581.6
40.040,103.0,1582.8
40.080,103.0,1583.9
40.120,104.0,1585.1
40.160,104.0,1586.2
40.200,106.0,1587.4
40.240,106.0,1588.6
40.280,106.0,1589.7
40.320,107.0,1590.9
40.360,107.0,1592.1
40.400,109.0,1593.3
40.440,109.0,1594.5
40.480,109.0,1595.7
40.520,110.0,1597.0
40.560,110.0,1598.2
40.600,111.0,1599.4
40.640,111.0,1600.6
40.680,111.0,1601.9
40.720,113.0,1603.1
40.760,113.0,1604.4
40.800,115.0,1605.6
40.840,115.0,1606.9
40.880,115.0,1608.2
40.920,117.0,1609.5
40.960,117.0,1610.8
41.000,119.0,1612.1
41.040,119.0,1613.4
41.080,119.0,1614.7
41.120,121.0,1616.1
41.160,121.0,1617.4
41.200,122.0,1618.8
41.240,122.0,1620.1
41.280,122.0,1621.5
41.320,123.0,1622.8
41.360,123.0,1624.2
41.400,125.0,1625.6
41.440,125.0,1627.0
41.480,125.0,1628.4
41.520,126.0,1629.8
41.560,126.0,1631.2
41.600,128.0,1632.6
41.640,128.0,1634.0
41.680,128.0,1635.4
41.720,129.0,1636.8
41.760,129.0,1638.3
41.800,131.0,1639.7
41.840,131.0,1641.2
41.880,131.0,1642.6
41.920,132.0,1644.1
41.960,132.0,1645.5
42.000,134.0,1647.0
42.040,134.0,1648.5
42.080,134.0,1650.0
42.120,136.0,1651.5
42.160,136.0,1653.0
42.200,139.0,1654.5
42.240,139.0,1656.1
42.280,139.0,1657.6
42.320,141.0,1659.2
42.360,141.0,1660.8
42.400,144.0,1662.3
42.440,144.0,1663.9
42.480,144.0,1665.5
42.520,147.0,1667.2
42.560,147.0,1668.8
42.600,149.0,1670.4
42.640,149.0,1672.1
42.680,149.0,1673.7
42.720,152.0,1675.4
42.760,152.0,1677.1
42.800,155.0,1678.8
42.840,155.0,1680.5
42.880,155.0,1682.3
42.920,158.0,1684.0
42.960,158.0,1685.7
43.000,161.0,1687.5
43.040,161.0,1689.3
43.080,161.0,1691.1
43.120,163.0,1692.9
43.160,163.0,1694.7
43.200,166.0,1696.5
43.240,166.0,1698.4
43.280,166.0,1700.2
43.320,168.0,1702.1
43.360,168.0,1703.9
43.400,170.0,1705.8
43.440,170.0,1707.7
43.480,170.0,1709.6
43.520,173.0,1711.5
43.560,173.0,1713.4
43.600,174.0,1715.4
43.640,174.0,1717.3
43.680,174.0,1719.2
43.720,177.0,1721.2
43.760,177.0,1723.1
43.800,179.0,1725.1
43.840,179.0,1727.1
43.880,179.0,1729.1
43.920,182.0,1731.1
43.960,182.0,1733.1
44.000,184.0,1735.2
44.040,184.0,1737.2
44.080,184.0,1739.2
44.120,188.0,1741.3
44.160,188.0,1743.4
44.200,190.0,1745.5
44.240,190.0,1747.6
44.280,190.0,1749.7
44.320,193.0,1751.9
44.360,193.0,1754.0
44.400,195.0,1756.2
44.440,195.0,1758.3
44.480,195.0,1760.5
44.520,198.0,1762.7
44.560,198.0,1764.9
44.600,201.0,1767.1
44.640,201.0,1769.3
44.680,201.0,1771.6
44.720,204.0,1773.8
44.760,204.0,1776.1
44.800,206.0,1778.4
44.840,206.0,1780.6
44.880,206.0,1782.9
44.920,209.0,1785.2
44.960,209.0,1787.6
45.000,211.0,1789.9
45.040,211.0,1792.2
45.080,211.0,1794.6
45.120,213.0,1796.9
45.160,213.0,1799.3
45.200,215.0,1801.7
45.240,215.0,1804.1
45.280,215.0,1806.5
45.320,218.0,1808.9
45.360,218.0,1811.3
45.400,220.0,1813.7
45.440,220.0,1816.2
45.480,220.0,1818.6
45.520,222.0,1821.1
45.560,222.0,1823.5
45.640,224.0,1828.5
45.680,224.0,1831.0
45.720,226.0,1833.5
45.760,226.0,1836.0
45.840,228.0,1841.0
45.880,228.0,1843.6
45.920,231.0,1846.1
45.960,231.0,1848.7
46.000,233.0,1851.3
46.040,233.0,1853.8
46.080,233.0,1856.4
46.120,235.0,1859.0
46.160,235.0,1861.6
46.200,236.0,1864.3
46.240,236.0,1866.9
46.280,236.0,1869.5
46.320,238.0,1872.1
46.360,238.0,1874.8
46.400,240.0,1877.4
46.440,240.0,1880.1
46.480,240.0,1882.8
46.520,242.0,1885.5
46.560,242.0,1888.1
46.600,243.0,1890.8
46.640,243.0,1893.5
46.680,243.0,1896.2
46.720,245.0,1898.9
46.760,245.0,1901.7
46.800,246.0,1904.4
46.840,246.0,1907.1
46.880,246.0,1909.9
46.920,248.0,1912.6
46.960,248.0,1915.4
47.000,249.0,1918.1
47.040,249.0,1920.9
47.080,249.0,1923.7
47.120,251.0,1926.4
47.160,251.0,1929.2
47.200,252.0,1932.0
47.240,252.0,1934.8
47.280,252.0,1937.6
47.320,253.0,1940.4
47.360,253.0,1943.2
47.400,253.0,1946.0
47.440,253.0,1948.9
47.480,253.0,1951.7
47.520,253.0,1954.5
47.560,253.0,1957.3
47.600,253.0,1960.1
47.640,253.0,1962.9
47.680,253.0,1965.7
47.720,253.0,1968.5
47.760,253.0,1971.3
47.800,254.0,1974.2
47.840,254.0,1977.0
47.880,254.0,1979.8
47.920,255.0,1982.6
47.960,255.0,1985.5
48.000,256.0,1988.3
48.040,256.0,1991.2
48.080,256.0,1994.0
48.120,256.0,1996.8
48.160,256.0,1999.7
48.200,257.0,2002.5
48.240,257.0,2005.4
48.280,257.0,2008.2
48.320,258.0,2011.1
48.360,258.0,2014.0
48.400,259.0,2016.8
48.440,259.0,2019.7
48.480,259.0,2022.6
48.560,261.0,2028.4
48.600,262.0,2031.3
48.640,262.0,2034.2
48.680,262.0,2037.1
48.720,265.0,2040.0
48.760,265.0,2043.0
48.800,266.0,2045.9
48.840,266.0,2048.9
48.880,266.0,2051.8
48.920,267.0,2054.8
48.960,267.0,2057.8
49.000,269.0,2060.7
49.040,269.0,2063.7
49.080,269.0,2066.7
49.120,269.0,2069.7
49.160,269.0,2072.7
49.240,271.0,2078.7
49.280,271.0,2081.7
49.400,274.0,2090.8
49.440,274.0,2093.8
49.480,274.0,2096.9
49.520,275.0,2099.9
49.560,275.0,2103.0
49.600,276.0,2106.1
49.640,276.0,2109.1
49.680,276.0,2112.2
49.720,278.0,2115.3
49.760,278.0,2118.4
49.800,278.0,2121.4
49.840,278.0,2124.5
49.880,278.0,2127.6
49.920,277.0,2130.7
49.960,277.0,2133.8
50.000,273.0,2136.8
50.040,273.0,2139.9
50.080,273.0,2142.9
50.120,269.0,2145.9
50.160,269.0,2148.9
50.200,266.0,2151.9
50.240,266.0,2154.8
50.280,266.0,2157.8
50.320,260.0,2160.7
50.360,260.0,2163.6
50.400,254.0,2166.5
50.440,254.0,2169.3
50.480,254.0,2172.1
50.520,248.0,2174.9
50.560,248.0,2177.6
50.600,242.0,2180.4
50.640,242.0,2183.1
50.680,242.0,2185.7
50.720,236.0,2188.4
50.760,236.0,2191.0
50.800,230.0,2193.6
50.840,230.0,2196.2
50.880,230.0,2198.7
51.000,226.0,2206.3
51.120,225.0,2213.8
51.160,225.0,2216.3
51.240,223.0,2221.3
51.400,220.0,2231.2
51.440,220.0,2233.6
51.480,220.0,2236.0
51.520,218.0,2238.5
51.560,218.0,2240.9
51.600,215.0,2243.3
51.640,215.0,2245.7
51.680,215.0,2248.1
51.720,214.0,2250.5
51.760,214.0,2252.8
51.800,212.0,2255.2
51.840,212.0,2257.6
51.880,212.0,2259.9
51.920,211.0,2262.3
51.960,211.0,2264.6
52.000,208.0,2266.9
52.040,208.0,2269.3
52.080,208.0,2271.6
52.120,206.0,2273.9
52.160,206.0,2276.2
52.200,204.0,2278.4
52.240,204.0,2280.7
52.280,204.0,2283.0
52.320,201.0,2285.2
52.360,201.0,2287.5
52.400,198.0,2289.7
52.440,198.0,2291.9
52.480,198.0,2294.1
52.520,195.0,2296.3
52.560,195.0,2298.4
52.600,191.0,2300.6
52.640,191.0,2302.7
52.680,191.0,2304.8
52.720,188.0,2306.9
52.760,188.0,2309.0
52.800,186.0,2311.1
52.840,186.0,2313.1
52.880,186.0,2315.2
52.920,184.0,2317.3
52.960,184.0,2319.3
53.000,182.0,2321.3
53.040,182.0,2323.4
53.080,182.0,2325.4
53.120,180.0,2327.4
53.160,180.0,2329.4
53.200,177.0,2331.4
53.240,177.0,2333.4
53.280,177.0,2335.3
53.320,175.0,2337.3
53.360,175.0,2339.2
53.400,174.0,2341.2
53.440,174.0,2343.1
53.480,174.0,2345.0
53.520,173.0,2347.0
53.560,173.0,2348.9
53.600,172.0,2350.8
53.640,172.0,2352.7
53.680,172.0,2354.6
53.720,171.0,2356.5
53.760,171.0,2358.4
53.800,171.0,2360.3
53.840,171.0,2362.2
53.880,171.0,2364.1
53.920,170.0,2366.0
53.960,170.0,2367.9
54.000,171.0,2369.8
54.040,171.0,2371.7
54.080,171.0,2373.6
54.120,172.0,2375.5
54.160,172.0,2377.4
54.200,173.0,2379.3
54.240,173.0,2381.3
54.280,173.0,2383.2
54.320,173.0,2385.1
54.360,173.0,2387.0
54.400,174.0,2388.9
54.440,174.0,2390.9
54.480,174.0,2392.8
54.520,175.0,2394.8
54.560,175.0,2396.7
54.600,175.0,2398.6
54.640,175.0,2400.6
54.680,175.0,2402.5
54.720,177.0,2404.5
54.760,177.0,2406.5
54.800,178.0,2408.4
54.840,178.0,2410.4
54.880,178.0,2412.4
54.920,179.0,2414.4
54.960,179.0,2416.4
55.000,179.0,2418.3
55.040,179.0,2420.3
55.080,179.0,2422.3
55.120,180.0,2424.3
55.160,180.0,2426.3
55.200,181.0,2428.3
55.240,181.0,2430.3
55.280,181.0,2432.3
55.320,182.0,2434.4
55.360,182.0,2436.4
55.400,183.0,2438.4
55.440,183.0,2440.4
55.480,183.0,2442.5
55.520,185.0,2444.5
55.560,185.0,2446.6
55.600,186.0,2448.6
55.640,186.0,2450.7
55.680,186.0,2452.8
55.720,187.0,2454.8
55.760,187.0,2456.9
55.800,188.0,2459.0
55.840,188.0,2461.1
55.880,188.0,2463.2
55.920,189.0,2465.3
55.960,189.0,2467.4
56.000,191.0,2469.5
56.040,191.0,2471.6
56.080,191.0,2473.7
56.120,191.0,2475.9
56.160,191.0,2478.0
56.200,191.0,2480.1
56.240,191.0,2482.2
56.280,191.0,2484.3
56.320,191.0,2486.5
56.360,191.0,2488.6
56.400,191.0,2490.7
56.440,191.0,2492.8
56.480,191.0,2495.0
56.520,191.0,2497.1
56.560,191.0,2499.2
56.600,192.0,2501.3
56.640,192.0,2503.5
56.680,192.0,2505.6
56.720,193.0,2507.7
56.760,193.0,2509.9
56.800,194.0,2512.0
56.840,194.0,2514.2
56.880,194.0,2516.3
56.920,195.0,2518.5
56.960,195.0,2520.7
57.000,197.0,2522.8
57.040,197.0,2525.0
57.080,197.0,2527.2
57.120,198.0,2529.4
57.160,198.0,2531.6
57.200,200.0,2533.8
57.240,200.0,2536.0
57.280,200.0,2538.3
57.320,202.0,2540.5
57.360,202.0,2542.7
57.400,203.0,2545.0
57.440,203.0,2547.3
57.480,203.0,2549.5
57.520,204.0,2551.8
57.560,204.0,2554.0
57.600,207.0,2556.3
57.640,207.0,2558.6
57.680,207.0,2560.9
57.720,208.0,2563.2
57.760,208.0,2565.5
57.800,210.0,2567.9
57.840,210.0,2570.2
57.880,210.0,2572.5
57.920,212.0,2574.9
57.960,212.0,2577.2
58.000,214.0,2579.6
58.040,214.0,2582.0
58.080,214.0,2584.3
58.120,216.0,2586.7
58.160,216.0,2589.1
58.200,217.0,2591.5
58.240,217.0,2594.0
58.280,217.0,2596.4
58.320,219.0,2598.8
58.360,219.0,2601.2
58.400,221.0,2603.7
58.440,221.0,2606.1
58.480,221.0,2608.6
58.520,223.0,2611.0
58.560,223.0,2613.5
58.600,224.0,2616.0
58.640,224.0,2618.5
58.680,224.0,2621.0
58.720,226.0,2623.5
58.760,226.0,2626.0
58.800,228.0,2628.5
58.840,228.0,2631.0
58.880,228.0,2633.6
58.920,229.0,2636.1
58.960,229.0,2638.7
59.000,230.0,2641.2
59.040,230.0,2643.8
59.080,230.0,2646.3
59.120,232.0,2648.9
59.160,232.0,2651.5
59.320,235.0,2661.8
59.360,235.0,2664.5
59.400,236.0,2667.1
59.440,236.0,2669.7
59.480,236.0,2672.3
59.520,237.0,2674.9
59.560,237.0,2677.6
59.600,238.0,2680.2
59.640,238.0,2682.9
59.680,238.0,2685.5
59.720,239.0,2688.2
59.760,239.0,2690.8
59.920,242.0,2701.5
59.960,242.0,2704.2
60.000,244.0,2706.9
60.040,244.0,2709.6
60.080,244.0,2712.3
60.120,245.0,2715.0
60.160,245.0,2717.8
60.200,247.0,2720.5
60.240,247.0,2723.2
60.280,247.0,2726.0
60.320,248.0,2728.7
60.360,248.0,2731.5
60.400,250.0,2734.2
60.440,250.0,2737.0
60.480,250.0,2739.8
60.520,251.0,2742.6
60.560,251.0,2745.4
60.600,253.0,2748.2
60.640,253.0,2751.0
60.680,253.0,2753.8
60.720,254.0,2756.6
60.760,254.0,2759.4
60.800,255.0,2762.3
60.840,255.0,2765.1
60.880,255.0,2767.9
60.920,257.0,2770.8
60.960,257.0,2773.6
61.000,258.0,2776.5
61.040,258.0,2779.4
61.080,258.0,2782.2
61.120,259.0,2785.1
61.160,259.0,2788.0
61.200,260.0,2790.9
61.240,260.0,2793.7
61.280,260.0,2796.6
61.320,262.0,2799.5
61.360,262.0,2802.4
61.400,263.0,2805.4
61.440,263.0,2808.3
61.480,263.0,2811.2
61.520,265.0,2814.1
61.560,265.0,2817.1
61.600,265.0,2820.0
61.640,265.0,2823.0
61.680,265.0,2825.9
61.720,267.0,2828.9
61.760,267.0,2831.8
61.800,268.0,2834.8
61.840,268.0,2837.8
61.880,268.0,2840.8
61.920,269.0,2843.8
61.960,269.0,2846.7
62.000,270.0,2849.7
62.040,270.0,2852.7
62.080,270.0,2855.7
62.120,272.0,2858.7
62.160,272.0,2861.8
62.200,273.0,2864.8
62.240,273.0,2867.8
62.280,273.0,2870.9
62.320,273.0,2873.9
62.360,273.0,2876.9
62.400,275.0,2880.0
62.440,275.0,2883.0
62.480,275.0,2886.1
62.520,276.0,2889.1
62.560,276.0,2892.2
62.600,276.0,2895.3
62.640,276.0,2898.3
62.680,276.0,2901.4
62.720,277.0,2904.5
62.800,279.0,2910.7
62.840,279.0,2913.8
62.880,279.0,2916.9
62.920,280.0,2920.0
62.960,280.0,2923.1
63.000,281.0,2926.2
63.040,281.0,2929.3
63.080,281.0,2932.4
63.120,282.0,2935.6
63.160,282.0,2938.7
63.200,283.0,2941.8
63.240,283.0,2945.0
63.280,283.0,2948.1
63.320,284.0,2951.3
63.360,284.0,2954.4
63.400,286.0,2957.6
63.440,286.0,2960.8
63.480,286.0,2964.0
63.520,287.0,2967.1
63.560,287.0,2970.3
63.600,288.0,2973.5
63.640,288.0,2976.7
63.680,288.0,2979.9
63.720,289.0,2983.1
63.760,289.0,2986.3
63.800,289.0,2989.6
63.840,289.0,2992.8
63.880,289.0,2996.0
63.920,290.0,2999.2
63.960,290.0,3002.4
64.000,291.0,3005.6
64.040,291.0,3008.9
64.080,291.0,3012.1
64.120,293.0,3015.4
64.160,293.0,3018.6
64.200,294.0,3021.9
64.240,294.0,3025.1
64.280,294.0,3028.4
64.320,295.0,3031.7
64.360,295.0,3035.0
64.400,295.0,3038.2
64.440,295.0,3041.5
64.480,295.0,3044.8
64.520,296.0,3048.1
64.560,296.0,3051.4
64.600,298.0,3054.7
64.640,298.0,3058.0
64.680,298.0,3061.3
64.720,298.0,3064.6
64.760,298.0,3067.9
64.800,299.0,3071.2
64.840,299.0,3074.5
64.880,299.0,3077.9
64.920,301.0,3081.2
64.960,301.0,3084.5
65.000,302.0,3087.9
65.040,302.0,3091.2
65.080,302.0,3094.6
65.120,303.0,3098.0
65.160,303.0,3101.3
65.200,304.0,3104.7
65.240,304.0,3108.1
65.280,304.0,3111.5
65.320,305.0,3114.8
65.360,305.0,3118.2
65.400,306.0,3121.6
65.440,306.0,3125.0
65.480,306.0,3128.4
65.520,307.0,3131.8
65.560,307.0,3135.2
65.600,308.0,3138.7
65.640,308.0,3142.1
65.680,308.0,3145.5
65.720,310.0,3148.9
65.760,310.0,3152.4
65.800,312.0,3155.8
65.840,312.0,3159.3
65.880,312.0,3162.8
65.920,312.0,3166.2
65.960,312.0,3169.7
66.000,314.0,3173.2
66.040,314.0,3176.7
66.080,314.0,3180.2
66.120,315.0,3183.7
66.160,315.0,3187.2
66.200,316.0,3190.7
66.240,316.0,3194.2
66.280,316.0,3197.7
66.320,317.0,3201.2
66.360,317.0,3204.7
66.400,318.0,3208.2
66.440,318.0,3211.8
66.480,318.0,3215.3
66.520,317.0,3218.8
66.560,317.0,3222.4
66.600,315.0,3225.9
66.640,315.0,3229.4
66.680,315.0,3232.9
66.720,312.0,3236.4
66.760,312.0,3239.8
66.800,310.0,3243.3
66.840,310.0,3246.7
66.880,310.0,3250.2
66.920,307.0,3253.6
66.960,307.0,3257.0
67.000,303.0,3260.4
67.040,303.0,3263.8
67.080,303.0,3267.1
67.120,300.0,3270.5
67.160,300.0,3273.8
67.200,296.0,3277.1
67.240,296.0,3280.4
67.280,296.0,3283.7
67.320,293.0,3287.0
67.360,293.0,3290.2
67.400,289.0,3293.5
67.440,289.0,3296.7
67.480,289.0,3299.9
67.520,286.0,3303.1
67.560,286.0,3306.3
67.600,284.0,3309.4
67.640,284.0,3312.6
67.680,284.0,3315.7
67.800,280.0,3325.1
67.840,280.0,3328.2
67.880,280.0,3331.4
67.920,279.0,3334.5
67.960,279.0,3337.6
68.000,278.0,3340.7
68.040,278.0,3343.7
68.080,278.0,3346.8
68.120,277.0,3349.9
68.160,277.0,3353.0
68.200,276.0,3356.1
68.240,276.0,3359.1
68.280,276.0,3362.2
68.320,276.0,3365.3
68.360,276.0,3368.3
68.400,274.0,3371.4
68.440,274.0,3374.4
68.480,274.0,3377.5
68.520,274.0,3380.5
68.560,274.0,3383.6
68.600,272.0,3386.6
68.640,272.0,3389.6
68.680,272.0,3392.6
68.760,271.0,3398.7
68.800,268.0,3401.7
68.840,268.0,3404.7
68.880,268.0,3407.6
68.920,264.0,3410.6
68.960,264.0,3413.5
69.000,260.0,3416.4
69.040,260.0,3419.3
69.080,260.0,3422.2
69.120,257.0,3425.1
69.160,257.0,3427.9
69.200,253.0,3430.8
69.240,253.0,3433.6
69.280,253.0,3436.4
69.320,249.0,3439.2
69.360,249.0,3441.9
69.400,245.0,3444.7
69.440,245.0,3447.4
69.480,245.0,3450.1
69.520,242.0,3452.8
69.560,242.0,3455.5
69.600,238.0,3458.2
69.640,238.0,3460.8
69.680,238.0,3463.5
69.720,234.0,3466.1
69.760,234.0,3468.7
69.800,232.0,3471.3
69.840,232.0,3473.9
69.880,232.0,3476.5
69.920,229.0,3479.0
69.960,229.0,3481.6
70.000,227.0,3484.1
70.040,227.0,3486.6
70.080,227.0,3489.1
70.120,224.0,3491.6
70.160,224.0,3494.1
70.200,222.0,3496.6
70.240,222.0,3499.1
70.280,222.0,3501.5
70.320,220.0,3504.0
70.360,220.0,3506.4
70.400,218.0,3508.9
70.440,218.0,3511.3
70.480,218.0,3513.7
70.520,215.0,3516.1
70.560,215.0,3518.5
70.600,214.0,3520.9
70.640,214.0,3523.3
70.680,214.0,3525.7
70.720,211.0,3528.0
70.760,211.0,3530.4
70.800,210.0,3532.7
70.840,210.0,3535.0
70.880,210.0,3537.4
70.920,209.0,3539.7
70.960,209.0,3542.0
71.000,208.0,3544.3
71.040,208.0,3546.6
71.080,208.0,3549.0
71.120,206.0,3551.3
71.160,206.0,3553.5
71.200,206.0,3555.8
71.240,206.0,3558.1
71.280,206.0,3560.4
71.320,205.0,3562.7
71.360,205.0,3565.0
71.400,204.0,3567.2
71.440,204.0,3569.5
71.480,204.0,3571.8
71.520,204.0,3574.0
71.560,204.0,3576.3
71.600,204.0,3578.6
71.640,204.0,3580.8
71.680,204.0,3583.1
71.720,204.0,3585.4
71.760,204.0,3587.6
71.800,204.0,3589.9
71.840,204.0,3592.2
71.880,204.0,3594.4
71.920,204.0,3596.7
71.960,204.0,3599.0
72.000,205.0,3601.2
72.040,205.0,3603.5
72.080,205.0,3605.8
72.120,204.0,3608.1
72.160,204.0,3610.3
72.200,204.0,3612.6
72.240,204.0,3614.9
72.280,204.0,3617.1
72.320,205.0,3619.4
72.360,205.0,3621.7
72.400,204.0,3624.0
72.440,204.0,3626.2
72.480,204.0,3628.5
72.520,205.0,3630.8
72.560,205.0,3633.0
72.600,206.0,3635.3
72.640,206.0,3637.6
72.680,206.0,3639.9
72.720,206.0,3642.2
72.760,206.0,3644.5
72.800,207.0,3646.8
72.840,207.0,3649.1
72.880,207.0,3651.4
72.920,207.0,3653.7
72.960,207.0,3656.0
73.000,208.0,3658.3
73.040,208.0,3660.6
73.080,208.0,3662.9
73.120,209.0,3665.2
73.160,209.0,3667.5
73.200,209.0,3669.9
73.240,209.0,3672.2
73.280,209.0,3674.5
73.320,210.0,3676.8
73.360,210.0,3679.2
73.400,211.0,3681.5
73.440,211.0,3683.9
73.480,211.0,3686.2
73.520,211.0,3688.5
73.560,211.0,3690.9
73.600,212.0,3693.2
73.640,212.0,3695.6
73.680,212.0,3698.0
73.720,213.0,3700.3
73.760,213.0,3702.7
73.800,214.0,3705.1
73.840,214.0,3707.4
73.880,214.0,3709.8
73.920,215.0,3712.2
73.960,215.0,3714.6
74.000,216.0,3717.0
74.040,216.0,3719.4
74.080,216.0,3721.8
74.120,219.0,3724.2
74.160,219.0,3726.6
74.200,221.0,3729.1
74.240,221.0,3731.5
74.280,221.0,3734.0
74.320,222.0,3736.4
74.360,222.0,3738.9
74.400,221.0,3741.4
74.440,221.0,3743.8
74.480,221.0,3746.3
74.520,218.0,3748.7
74.560,218.0,3751.1
74.600,215.0,3753.5
74.640,215.0,3755.9
74.680,215.0,3758.3
74.720,212.0,3760.7
74.760,212.0,3763.1
74.800,209.0,3765.4
74.840,209.0,3767.7
74.880,209.0,3770.0
74.920,205.0,3772.3
74.960,205.0,3774.6
75.040,201.0,3779.1
75.080,201.0,3781.4
75.120,197.0,3783.6
75.160,197.0,3785.8
75.200,193.0,3787.9
75.240,193.0,3790.1
75.280,193.0,3792.2
75.320,188.0,3794.3
75.360,188.0,3796.4
75.400,183.0,3798.5
75.440,183.0,3800.5
75.480,183.0,3802.5
75.520,179.0,3804.6
75.560,179.0,3806.5
75.600,174.0,3808.5
75.640,174.0,3810.4
75.680,174.0,3812.4
75.720,170.0,3814.3
75.760,170.0,3816.2
75.800,165.0,3818.0
75.840,165.0,3819.9
75.880,165.0,3821.7
75.920,161.0,3823.5
75.960,161.0,3825.3
76.000,158.0,3827.1
76.040,158.0,3828.8
76.080,158.0,3830.6
76.120,155.0,3832.3
76.160,155.0,3834.0
76.200,152.0,3835.8
76.240,152.0,3837.4
76.280,152.0,3839.1
76.320,147.0,3840.8
76.360,147.0,3842.4
76.400,143.0,3844.0
76.440,143.0,3845.6
76.480,143.0,3847.2
76.520,139.0,3848.8
76.560,139.0,3850.3
76.600,136.0,3851.9
76.640,136.0,3853.4
76.680,136.0,3854.9
76.720,132.0,3856.4
76.760,132.0,3857.8
76.800,129.0,3859.3
76.840,129.0,3860.7
76.880,129.0,3862.1
76.920,128.0,3863.6
76.960,128.0,3865.0
77.000,125.0,3866.4
77.040,125.0,3867.8
77.080,125.0,3869.2
77.120,124.0,3870.6
77.160,124.0,3871.9
77.200,123.0,3873.3
77.240,123.0,3874.7
77.280,123.0,3876.0
77.320,121.0,3877.4
77.360,121.0,3878.7
77.400,119.0,3880.1
77.440,119.0,3881.4
77.480,119.0,3882.7
77.520,116.0,3884.0
77.560,116.0,3885.3
77.600,113.0,3886.6
77.640,113.0,3887.8
77.680,113.0,3889.1
77.720,110.0,3890.3
77.760,110.0,3891.6
77.800,108.0,3892.8
77.840,108.0,3894.0
77.880,108.0,3895.2
77.920,106.0,3896.4
77.960,106.0,3897.5
78.000,105.0,3898.7
78.040,105.0,3899.9
78.080,105.0,3901.0
78.120,104.0,3902.2
78.160,104.0,3903.4
78.200,103.0,3904.5
78.240,103.0,3905.7
78.280,103.0,3906.8
78.320,102.0,3907.9
78.360,102.0,3909.1
78.400,102.0,3910.2
78.440,102.0,3911.3
78.480,102.0,3912.5
78.520,101.0,3913.6
78.560,101.0,3914.7
78.600,100.0,3915.8
78.640,100.0,3917.0
78.680,100.0,3918.1
78.720,100.0,3919.2
78.760,100.0,3920.3
78.800,99.0,3921.4
78.840,99.0,3922.5
78.880,99.0,3923.6
78.920,99.0,3924.7
78.960,99.0,3925.8
79.000,98.0,3926.9
79.040,98.0,3928.0
79.080,98.0,3929.1
79.120,97.0,3930.1
79.160,97.0,3931.2
79.200,97.0,3932.3
79.240,97.0,3933.4
79.280,97.0,3934.5
79.320,97.0,3935.5
79.360,97.0,3936.6
79.400,97.0,3937.7
79.440,97.0,3938.8
79.480,97.0,3939.8
79.520,97.0,3940.9
79.560,97.0,3942.0
79.600,98.0,3943.1
79.640,98.0,3944.2
79.680,98.0,3945.3
79.720,99.0,3946.4
79.760,99.0,3947.5
79.800,100.0,3948.6
79.840,100.0,3949.7
79.880,100.0,3950.8
79.920,102.0,3951.9
79.960,102.0,3953.0
80.000,103.0,3954.2
80.040,103.0,3955.3
80.080,103.0,3956.5
80.120,105.0,3957.6
80.160,105.0,3958.8
80.200,106.0,3960.0
80.240,106.0,3961.1
80.280,106.0,3962.3
80.320,107.0,3963.5
80.360,107.0,3964.7
80.400,109.0,3965.9
80.440,109.0,3967.1
80.480,109.0,3968.3
80.520,110.0,3969.5
80.560,110.0,3970.8
80.600,111.0,3972.0
80.640,111.0,3973.2
80.680,111.0,3974.4
80.720,113.0,3975.7
80.760,113.0,3976.9
80.800,114.0,3978.2
80.840,114.0,3979.5
80.880,114.0,3980.7
80.920,116.0,3982.0
80.960,116.0,3983.3
81.000,118.0,3984.6
81.040,118.0,3985.9
81.080,118.0,3987.2
81.120,120.0,3988.6
81.160,120.0,3989.9
81.200,122.0,3991.2
81.240,122.0,3992.6
81.280,122.0,3993.9
81.320,124.0,3995.3
81.360,124.0,3996.7
81.400,126.0,3998.1
81.440,126.0,3999.5
81.480,126.0,4000.9
81.520,128.0,4002.3
81.560,128.0,4003.7
81.600,131.0,4005.1
81.640,131.0,4006.6
81.680,131.0,4008.1
81.720,133.0,4009.5
81.760,133.0,4011.0
81.800,136.0,4012.5
81.840,136.0,4014.0
81.880,136.0,4015.5
81.920,138.0,4017.0
81.960,138.0,4018.6
82.000,140.0,4020.1
82.040,140.0,4021.7
82.080,140.0,4023.2
82.120,142.0,4024.8
82.160,142.0,4026.4
82.200,144.0,4028.0
82.240,144.0,4029.6
82.280,144.0,4031.2
82.320,147.0,4032.8
82.360,147.0,4034.4
82.400,149.0,4036.1
82.440,149.0,4037.7
82.480,149.0,4039.4
82.520,151.0,4041.0
82.560,151.0,4042.7
82.600,154.0,4044.4
82.640,154.0,4046.1
82.680,154.0,4047.8
82.720,156.0,4049.6
82.760,156.0,4051.3
82.800,158.0,4053.0
82.840,158.0,4054.8
82.880,158.0,4056.5
82.920,161.0,4058.3
82.960,161.0,4060.1
83.000,163.0,4061.9
83.040,163.0,4063.7
83.080,163.0,4065.5
83.120,164.0,4067.3
83.160,164.0,4069.2
83.200,166.0,4071.0
83.240,166.0,4072.8
83.280,166.0,4074.7
83.320,167.0,4076.5
83.360,167.0,4078.4
83.400,176.0,4080.3
83.440,176.0,4082.3
83.480,176.0,4084.2
83.520,179.0,4086.2
83.560,179.0,4088.2
83.600,180.0,4090.2
83.640,180.0,4092.2
83.680,180.0,4094.2
83.720,181.0,4096.2
83.760,181.0,4098.2
83.800,184.0,4100.2
83.840,184.0,4102.3
83.880,184.0,4104.3
83.920,188.0,4106.4
83.960,188.0,4108.5
84.000,190.0,4110.6
84.040,190.0,4112.7
84.080,190.0,4114.8
84.120,194.0,4116.9
84.160,194.0,4119.1
84.200,197.0,4121.2
84.240,197.0,4123.4
84.280,197.0,4125.6
84.320,200.0,4127.8
84.360,200.0,4130.0
84.400,202.0,4132.3
84.440,202.0,4134.5
84.480,202.0,4136.8
84.520,204.0,4139.0
84.560,204.0,4141.3
84.600,206.0,4143.6
84.640,206.0,4145.9
84.680,206.0,4148.1
84.720,209.0,4150.4
84.760,209.0,4152.8
84.800,211.0,4155.1
84.840,211.0,4157.4
84.880,211.0,4159.8
84.920,213.0,4162.1
84.960,213.0,4164.5
85.000,216.0,4166.9
85.040,216.0,4169.3
85.080,216.0,4171.7
85.120,217.0,4174.1
85.160,217.0,4176.5
85.200,219.0,4178.9
85.240,219.0,4181.4
85.280,219.0,4183.8
85.320,220.0,4186.2
85.360,220.0,4188.7
85.400,221.0,4191.1
85.440,221.0,4193.6
85.480,221.0,4196.0
85.520,221.0,4198.5
85.560,221.0,4201.0
85.600,223.0,4203.4
85.640,223.0,4205.9
85.680,223.0,4208.4
85.720,224.0,4210.9
85.760,224.0,4213.4
86.000,229.0,4228.5
86.040,229.0,4231.0
86.080,229.0,4233.5
86.120,231.0,4236.1
86.320,235.0,4249.0
86.360,235.0,4251.7
86.400,236.0,4254.3
86.440,236.0,4256.9
86.480,236.0,4259.5
86.520,238.0,4262.1
86.560,238.0,4264.8
86.600,240.0,4267.4
86.640,240.0,4270.1
86.680,240.0,4272.8
86.720,241.0,4275.4
86.760,241.0,4278.1
86.800,242.0,4280.8
86.840,242.0,4283.5
86.880,242.0,4286.2
86.920,242.0,4288.9
86.960,242.0,4291.6
87.000,242.0,4294.3
87.040,242.0,4296.9
87.080,242.0,4299.6
87.120,242.0,4302.3
87.160,242.0,4305.0
87.200,244.0,4307.7
87.240,244.0,4310.4
87.280,244.0,4313.1
87.320,245.0,4315.8
87.360,245.0,4318.6
87.400,247.0,4321.3
87.440,247.0,4324.0
87.480,247.0,4326.8
87.520,249.0,4329.5
87.560,249.0,4332.3
87.600,250.0,4335.1
87.640,250.0,4337.9
87.680,250.0,4340.6
87.720,252.0,4343.4
87.760,252.0,4346.2
87.800,254.0,4349.0
87.840,254.0,4351.9
87.880,254.0,4354.7
87.920,255.0,4357.5
87.960,255.0,4360.3
88.000,257.0,4363.2
88.040,257.0,4366.0
88.080,257.0,4368.9
88.120,259.0,4371.8
88.160,259.0,4374.6
88.200,260.0,4377.5
88.240,260.0,4380.4
88.280,260.0,4383.3
88.320,262.0,4386.2
88.360,262.0,4389.1
88.400,264.0,4392.0
88.440,264.0,4395.0
88.480,264.0,4397.9
88.520,265.0,4400.8
88.560,265.0,4403.8
88.600,267.0,4406.7
88.640,267.0,4409.7
88.680,267.0,4412.7
88.720,268.0,4415.7
88.760,268.0,4418.6
88.800,269.0,4421.6
88.840,269.0,4424.6
88.880,269.0,4427.6
88.920,271.0,4430.6
89.120,273.0,4445.7
89.160,273.0,4448.7
89.200,275.0,4451.8
89.240,275.0,4454.8
89.280,275.0,4457.9
89.320,276.0,4461.0
89.360,276.0,4464.0
89.400,277.0,4467.1
89.440,277.0,4470.2
89.480,277.0,4473.2
89.520,278.0,4476.3
89.560,278.0,4479.4
89.600,280.0,4482.5
89.640,280.0,4485.6
89.680,280.0,4488.7
89.720,281.0,4491.9
89.760,281.0,4495.0
89.800,282.0,4498.1
89.840,282.0,4501.2
89.880,282.0,4504.4
89.920,284.0,4507.5
89.960,284.0,4510.7
90.000,285.0,4513.8
90.040,285.0,4517.0
90.080,285.0,4520.2
90.160,287.0,4526.5
90.200,288.0,4529.7
90.240,288.0,4532.9
90.280,288.0,4536.1
90.400,285.0,4545.7
90.440,285.0,4548.8
90.480,285.0,4552.0
90.520,282.0,4555.2
90.560,282.0,4558.3
90.600,279.0,4561.4
90.640,279.0,4564.5
90.680,279.0,4567.6
90.720,275.0,4570.7
90.760,275.0,4573.7
90.800,272.0,4576.8
90.840,272.0,4579.8
90.880,272.0,4582.8
90.920,270.0,4585.8
90.960,270.0,4588.8
91.000,269.0,4591.8
91.040,269.0,4594.8
91.080,269.0,4597.8
91.120,267.0,4600.8
91.160,267.0,4603.7
91.200,264.0,4606.7
91.240,264.0,4609.6
91.280,264.0,4612.6
91.320,262.0,4615.5
91.360,262.0,4618.4
91.400,259.0,4621.3
91.440,259.0,4624.2
91.480,259.0,4627.0
91.520,257.0,4629.9
91.560,257.0,4632.8
91.600,254.0,4635.6
91.640,254.0,4638.4
91.680,254.0,4641.3
91.720,251.0,4644.1
91.760,251.0,4646.8
91.800,249.0,4649.6
91.840,249.0,4652.4
91.880,249.0,4655.2
91.920,247.0,4657.9
91.960,247.0,4660.7
92.000,245.0,4663.4
92.040,245.0,4666.1
92.080,245.0,4668.8
92.120,243.0,4671.5
92.160,243.0,4674.2
92.200,242.0,4676.9
92.240,242.0,4679.6
92.280,242.0,4682.3
92.320,241.0,4685.0
92.360,241.0,4687.7
92.400,240.0,4690.4
92.440,240.0,4693.0
92.480,240.0,4695.7
92.520,239.0,4698.3
92.560,239.0,4701.0
92.600,239.0,4703.7
92.640,239.0,4706.3
92.680,239.0,4709.0
92.720,238.0,4711.6
92.760,238.0,4714.3
92.800,238.0,4716.9
92.840,238.0,4719.6
92.880,238.0,4722.2
92.920,239.0,4724.8
92.960,239.0,4727.5
93.000,238.0,4730.2
93.040,238.0,4732.8
93.080,238.0,4735.4
93.120,239.0,4738.1
93.160,239.0,4740.7
93.200,239.0,4743.4
93.240,239.0,4746.1
93.280,239.0,4748.7
93.320,240.0,4751.4
93.360,240.0,4754.0
93.520,240.0,4764.7
93.560,240.0,4767.4
93.600,240.0,4770.0
93.640,240.0,4772.7
93.680,240.0,4775.4
93.720,240.0,4778.0
93.760,240.0,4780.7
93.800,240.0,4783.4
93.840,240.0,4786.0
93.880,240.0,4788.7
93.920,239.0,4791.4
93.960,239.0,4794.0
94.000,239.0,4796.7
94.040,239.0,4799.3
94.080,239.0,4802.0
94.120,239.0,4804.6
94.160,239.0,4807.3
94.200,238.0,4810.0
94.240,238.0,4812.6
94.280,238.0,4815.2
94.320,239.0,4817.9
94.360,239.0,4820.5
94.400,238.0,4823.2
94.440,238.0,4825.8
94.480,238.0,4828.5
94.520,238.0,4831.1
94.560,238.0,4833.8
94.600,239.0,4836.4
94.640,239.0,4839.1
94.680,239.0,4841.7
94.720,236.0,4844.4
94.760,236.0,4847.0
94.800,234.0,4849.6
94.840,234.0,4852.2
94.880,234.0,4854.8
94.920,230.0,4857.4
94.960,230.0,4859.9
95.040,227.0,4865.0
95.080,227.0,4867.5
95.120,222.0,4870.0
95.160,222.0,4872.5
95.200,218.0,4874.9
95.240,218.0,4877.4
95.280,218.0,4879.8
95.320,215.0,4882.2
95.360,215.0,4884.6
95.400,212.0,4887.0
95.440,212.0,4889.3
95.480,212.0,4891.7
95.520,209.0,4894.0
95.560,209.0,4896.3
95.600,206.0,4898.6
95.640,206.0,4900.9
95.680,206.0,4903.2
95.720,202.0,4905.5
95.760,202.0,4907.7
95.800,198.0,4909.9
95.840,198.0,4912.1
95.880,198.0,4914.3
95.920,193.0,4916.5
95.960,193.0,4918.7
96.000,190.0,4920.8
96.040,190.0,4922.9
96.080,190.0,4925.0
96.120,187.0,4927.1
96.160,187.0,4929.2
96.200,183.0,4931.2
96.240,183.0,4933.3
96.280,183.0,4935.3
96.320,181.0,4937.3
96.360,181.0,4939.3
96.400,178.0,4941.3
96.440,178.0,4943.3
96.480,178.0,4945.3
96.520,177.0,4947.3
96.560,177.0,4949.2
96.600,175.0,4951.2
96.640,175.0,4953.1
96.680,175.0,4955.1
96.720,175.0,4957.0
96.760,175.0,4959.0
96.800,175.0,4960.9
96.840,175.0,4962.9
96.880,175.0,4964.8
96.920,174.0,4966.7
96.960,174.0,4968.7
97.000,174.0,4970.6
97.040,174.0,4972.5
97.080,174.0,4974.5
97.120,174.0,4976.4
97.160,174.0,4978.3
97.200,174.0,4980.3
97.240,174.0,4982.2
97.280,174.0,4984.1
97.320,174.0,4986.1
97.360,174.0,4988.0
97.400,173.0,4989.9
97.440,173.0,4991.9
97.480,173.0,4993.8
97.520,175.0,4995.7
97.560,175.0,4997.7
97.600,175.0,4999.6
97.640,175.0,5001.5
97.680,175.0,5003.5
97.720,173.0,5005.4
97.760,173.0,5007.3
97.800,174.0,5009.3
97.840,174.0,5011.2
97.880,174.0,5013.1
97.920,175.0,5015.1
97.960,175.0,5017.0
98.000,176.0,5019.0
98.040,176.0,5020.9
98.080,176.0,5022.9
98.120,176.0,5024.8
98.160,176.0,5026.8
98.200,177.0,5028.8
98.240,177.0,5030.7
98.280,177.0,5032.7
98.320,177.0,5034.7
98.360,177.0,5036.6
98.400,174.0,5038.6
98.440,174.0,5040.5
98.480,174.0,5042.4
98.520,171.0,5044.4
98.560,171.0,5046.3
98.600,167.0,5048.1
98.640,167.0,5050.0
98.680,167.0,5051.8
98.720,163.0,5053.7
98.760,163.0,5055.5
98.800,159.0,5057.3
98.840,159.0,5059.0
98.880,159.0,5060.8
98.920,155.0,5062.6
98.960,155.0,5064.3
99.000,151.0,5066.0
99.040,151.0,5067.7
99.080,151.0,5069.3
99.120,148.0,5071.0
99.160,148.0,5072.6
99.200,145.0,5074.3
99.240,145.0,5075.9
99.280,145.0,5077.5
99.320,143.0,5079.1
99.360,143.0,5080.7
99.400,141.0,5082.3
99.440,141.0,5083.8
99.480,141.0,5085.4
99.520,139.0,5086.9
99.560,139.0,5088.5
99.600,137.0,5090.0
99.640,137.0,5091.5
99.680,137.0,5093.1
99.720,134.0,5094.6
99.760,134.0,5096.1
99.800,131.0,5097.5
99.840,131.0,5099.0
99.880,131.0,5100.4
99.920,129.0,5101.9
99.960,129.0,5103.3
100.000,128.0,5104.8
100.040,128.0,5106.2
100.080,128.0,5107.6
100.120,127.0,5109.0
100.160,127.0,5110.4
100.200,125.0,5111.8
100.240,125.0,5113.2
100.280,125.0,5114.6
100.320,125.0,5116.0
100.360,125.0,5117.4
100.400,125.0,5118.8
100.440,125.0,5120.2
100.480,125.0,5121.5
100.520,123.0,5122.9
100.560,123.0,5124.3
100.600,124.0,5125.7
100.640,124.0,5127.0
100.680,124.0,5128.4
100.720,125.0,5129.8
100.760,125.0,5131.2
100.800,125.0,5132.6
100.840,125.0,5134.0
100.880,125.0,5135.4
100.920,126.0,5136.7
100.960,126.0,5138.1
101.000,126.0,5139.5
101.040,126.0,5140.9
101.080,126.0,5142.3
101.120,127.0,5143.8
101.160,127.0,5145.2
101.200,128.0,5146.6
101.240,128.0,5148.0
101.280,128.0,5149.4
101.320,128.0,5150.8
101.360,128.0,5152.3
101.400,128.0,5153.7
101.440,128.0,5155.1
101.480,128.0,5156.5
101.520,128.0,5158.0
101.560,128.0,5159.4
101.600,129.0,5160.8
101.640,129.0,5162.2
101.680,129.0,5163.7
101.720,132.0,5165.1
101.760,132.0,5166.6
101.800,133.0,5168.1
101.840,133.0,5169.5
101.880,133.0,5171.0
101.920,135.0,5172.5
101.960,135.0,5174.0
102.000,137.0,5175.5
102.040,137.0,5177.0
102.080,137.0,5178.6
102.120,138.0,5180.1
102.160,138.0,5181.6
102.200,137.0,5183.2
102.240,137.0,5184.7
102.280,137.0,5186.2
102.320,134.0,5187.7
102.360,134.0,5189.2
102.400,132.0,5190.7
102.440,132.0,5192.1
102.480,132.0,5193.6
102.520,128.0,5195.0
102.560,128.0,5196.5
102.600,125.0,5197.9
102.640,125.0,5199.3
102.680,125.0,5200.7
102.720,120.0,5202.0
102.760,120.0,5203.3
102.800,115.0,5204.7
102.840,115.0,5205.9
102.880,115.0,5207.2
102.920,111.0,5208.5
102.960,111.0,5209.7
103.000,107.0,5210.9
103.040,107.0,5212.1
103.080,107.0,5213.3
103.120,105.0,5214.5
103.160,105.0,5215.6
103.200,103.0,5216.8
103.240,103.0,5217.9
103.280,103.0,5219.1
103.320,102.0,5220.2
103.360,102.0,5221.3
103.400,100.0,5222.5
103.440,100.0,5223.6
103.480,100.0,5224.7
103.520,99.0,5225.8
103.560,99.0,5226.9
103.600,97.0,5228.0
103.640,97.0,5229.1
103.680,97.0,5230.1
103.720,95.0,5231.2
103.760,95.0,5232.3
103.800,95.0,5233.3
103.840,95.0,5234.4
103.880,95.0,5235.4
103.920,94.0,5236.5
103.960,94.0,5237.5
104.000,93.0,5238.6
104.040,93.0,5239.6
104.080,93.0,5240.6
104.120,92.0,5241.7
104.160,92.0,5242.7
104.200,91.0,5243.7
104.240,91.0,5244.7
104.280,91.0,5245.7
104.320,89.0,5246.7
104.360,89.0,5247.7
104.400,89.0,5248.7
104.440,89.0,5249.7
104.480,89.0,5250.7
104.520,87.0,5251.7
104.560,87.0,5252.6
104.600,86.0,5253.6
104.640,86.0,5254.5
104.680,86.0,5255.5
104.720,85.0,5256.4
104.760,85.0,5257.4
104.800,84.0,5258.3
104.840,84.0,5259.3
104.880,84.0,5260.2
104.920,83.0,5261.1
104.960,83.0,5262.0
105.000,83.0,5263.0
105.040,83.0,5263.9
105.080,83.0,5264.8
105.120,81.0,5265.7
105.160,81.0,5266.6
105.200,80.0,5267.5
105.240,80.0,5268.4
105.280,80.0,5269.3
105.320,80.0,5270.2
105.360,80.0,5271.1
105.400,79.0,5272.0
105.440,79.0,5272.8
105.480,79.0,5273.7
105.520,78.0,5274.6
105.560,78.0,5275.4
105.600,77.0,5276.3
105.640,77.0,5277.2
105.680,77.0,5278.0
105.720,77.0,5278.9
105.760,77.0,5279.7
105.800,78.0,5280.6
105.840,78.0,5281.5
105.880,78.0,5282.3
105.920,79.0,5283.2
105.960,79.0,5284.1
106.000,81.0,5285.0
106.040,81.0,5285.9
106.080,81.0,5286.8
106.120,83.0,5287.7
106.160,83.0,5288.6
106.200,85.0,5289.5
106.240,85.0,5290.5
106.280,85.0,5291.4
106.320,87.0,5292.4
106.360,87.0,5293.3
106.400,90.0,5294.3
106.440,90.0,5295.3
106.480,90.0,5296.3
106.520,91.0,5297.3
106.560,91.0,5298.3
106.600,93.0,5299.4
106.640,93.0,5300.4
106.680,93.0,5301.4
106.720,93.0,5302.5
106.760,93.0,5303.5
106.800,92.0,5304.5
106.840,92.0,5305.5
106.880,92.0,5306.6
106.920,93.0,5307.6
106.960,93.0,5308.6
107.000,93.0,5309.7
107.040,93.0,5310.7
107.080,93.0,5311.7
107.120,93.0,5312.8
107.160,93.0,5313.8
107.200,94.0,5314.8
107.240,94.0,5315.9
107.280,94.0,5316.9
107.320,93.0,5318.0
107.360,93.0,5319.0
107.400,92.0,5320.0
107.440,92.0,5321.0
107.480,92.0,5322.1
107.520,92.0,5323.1
107.560,92.0,5324.1
107.600,91.0,5325.1
107.640,91.0,5326.1
107.680,91.0,5327.2
107.720,90.0,5328.2
107.760,90.0,5329.2
107.800,90.0,5330.2
107.840,90.0,5331.2
107.880,90.0,5332.2
107.920,89.0,5333.2
107.960,89.0,5334.1
108.000,88.0,5335.1
108.040,88.0,5336.1
108.080,88.0,5337.1
108.120,89.0,5338.1
108.160,89.0,5339.1
108.200,89.0,5340.0
108.240,89.0,5341.0
108.280,89.0,5342.0
108.320,90.0,5343.0
108.360,90.0,5344.0
108.400,90.0,5345.0
108.440,90.0,5346.0
108.480,90.0,5347.0
108.520,92.0,5348.0
108.560,92.0,5349.1
108.600,94.0,5350.1
108.640,94.0,5351.1
108.680,94.0,5352.2
108.720,96.0,5353.2
108.760,96.0,5354.3
108.800,98.0,5355.4
108.840,98.0,5356.5
108.880,98.0,5357.6
108.920,100.0,5358.7
108.960,100.0,5359.8
109.000,103.0,5360.9
109.040,103.0,5362.0
109.080,103.0,5363.2
109.120,105.0,5364.3
109.160,105.0,5365.5
109.200,105.0,5366.7
109.240,108.0,5367.9
109.280,108.0,5369.1
109.320,110.0,5370.3
109.360,110.0,5371.5
109.400,113.0,5372.7
109.440,113.0,5374.0
109.480,113.0,5375.2
109.520,115.0,5376.5
109.560,115.0,5377.8
109.600,118.0,5379.1
109.640,118.0,5380.4
109.680,118.0,5381.7
109.720,121.0,5383.0
109.760,121.0,5384.4
109.800,124.0,5385.7
109.840,124.0,5387.1
109.880,124.0,5388.5
109.920,127.0,5389.9
109.960,127.0,5391.3
110.000,130.0,5392.7
110.040,130.0,5394.2
110.080,130.0,5395.6
110.120,133.0,5397.1
110.160,133.0,5398.5
110.200,136.0,5400.0
110.240,136.0,5401.6
110.280,136.0,5403.1
110.320,139.0,5404.6
110.360,139.0,5406.1
110.400,143.0,5407.7
110.440,143.0,5409.3
110.480,143.0,5410.9
110.520,145.0,5412.5
110.560,145.0,5414.1
110.600,149.0,5415.7
110.640,149.0,5417.4
110.680,149.0,5419.0
110.720,152.0,5420.7
110.760,152.0,5422.4
110.800,155.0,5424.1
110.840,155.0,5425.8
110.880,155.0,5427.5
110.920,157.0,5429.3
110.960,157.0,5431.0
111.000,161.0,5432.8
111.040,161.0,5434.6
111.080,161.0,5436.4
111.120,163.0,5438.2
111.160,163.0,5440.0
111.200,167.0,5441.8
111.240,167.0,5443.7
111.280,167.0,5445.5
111.320,169.0,5447.4
111.360,169.0,5449.3
111.400,172.0,5451.2
111.440,172.0,5453.1
111.480,172.0,5455.0
111.520,175.0,5456.9
111.560,175.0,5458.9
111.600,178.0,5460.8
111.640,178.0,5462.8
111.680,178.0,5464.8
111.720,181.0,5466.8
111.760,181.0,5468.8
111.800,183.0,5470.8
111.840,183.0,5472.8
111.880,183.0,5474.9
111.920,186.0,5476.9
111.960,186.0,5479.0
112.000,188.0,5481.1
112.040,188.0,5483.2
112.080,188.0,5485.2
112.120,190.0,5487.3
112.160,190.0,5489.5
112.200,193.0,5491.6
112.240,193.0,5493.7
112.280,193.0,5495.9
112.320,196.0,5498.0
112.360,196.0,5500.2
112.400,198.0,5502.4
112.440,198.0,5504.6
112.480,198.0,5506.8
112.520,200.0,5509.0
112.560,200.0,5511.2
112.600,202.0,5513.5
112.640,202.0,5515.7
112.680,202.0,5518.0
112.720,205.0,5520.2
112.760,205.0,5522.5
112.800,207.0,5524.8
112.840,207.0,5527.1
112.880,207.0,5529.4
112.920,209.0,5531.7
112.960,209.0,5534.0
113.000,211.0,5536.3
113.040,211.0,5538.7
113.080,211.0,5541.0
113.120,213.0,5543.4
113.160,213.0,5545.8
113.200,216.0,5548.1
113.240,216.0,5550.5
113.280,216.0,5552.9
113.320,217.0,5555.3
113.360,217.0,5557.8
113.400,219.0,5560.2
113.440,219.0,5562.6
113.480,219.0,5565.0
113.520,221.0,5567.5
113.560,221.0,5569.9
113.600,223.0,5572.4
113.640,223.0,5574.9
113.680,223.0,5577.4
113.720,225.0,5579.9
113.760,225.0,5582.4
113.880,227.0,5589.9
113.920,228.0,5592.4
113.960,228.0,5594.9
114.000,230.0,5597.5
114.040,230.0,5600.1
114.080,230.0,5602.6
114.120,232.0,5605.2
114.160,232.0,5607.8
114.200,234.0,5610.3
114.240,234.0,5612.9
114.280,234.0,5615.5
114.320,235.0,5618.1
114.360,235.0,5620.8
114.400,237.0,5623.4
114.440,237.0,5626.0
114.480,237.0,5628.6
114.520,239.0,5631.3
114.560,239.0,5633.9
114.600,240.0,5636.6
114.640,240.0,5639.3
114.680,240.0,5641.9
114.720,242.0,5644.6
114.760,242.0,5647.3
114.800,243.0,5650.0
114.840,243.0,5652.7
114.880,243.0,5655.4
114.920,245.0,5658.1
114.960,245.0,5660.8
115.000,246.0,5663.6
115.040,246.0,5666.3
115.080,246.0,5669.0
115.120,248.0,5671.8
115.160,248.0,5674.5
115.200,249.0,5677.3
115.240,249.0,5680.1
115.280,249.0,5682.8
115.320,251.0,5685.6
115.360,251.0,5688.4
115.400,253.0,5691.2
115.440,253.0,5694.0
115.480,253.0,5696.8
115.520,254.0,5699.6
115.560,254.0,5702.4
115.600,255.0,5705.3
115.640,255.0,5708.1
115.680,255.0,5710.9
115.720,256.0,5713.8
115.760,256.0,5716.6
115.800,258.0,5719.5
115.840,258.0,5722.4
115.880,258.0,5725.2
115.920,260.0,5728.1
115.960,260.0,5731.0
116.000,261.0,5733.9
116.040,261.0,5736.8
116.080,261.0,5739.7
116.120,262.0,5742.6
116.160,262.0,5745.5
116.320,260.0,5757.1
116.360,260.0,5760.0
116.400,258.0,5762.9
116.440,258.0,5765.7
116.480,258.0,5768.6
116.520,254.0,5771.4
116.560,254.0,5774.3
116.600,251.0,5777.1
116.640,251.0,5779.9
116.680,251.0,5782.6
116.720,248.0,5785.4
116.760,248.0,5788.2
116.800,244.0,5790.9
116.840,244.0,5793.6
116.880,244.0,5796.3
116.920,240.0,5799.0
116.960,240.0,5801.7
117.000,237.0,5804.3
117.040,237.0,5807.0
117.120,235.0,5812.2
117.160,235.0,5814.8
117.320,229.0,5825.1
117.360,229.0,5827.7
117.400,226.0,5830.2
117.440,226.0,5832.7
117.480,226.0,5835.2
117.520,223.0,5837.7
117.560,223.0,5840.2
117.600,220.0,5842.7
117.640,220.0,5845.1
117.680,220.0,5847.6
117.720,219.0,5850.0
117.760,219.0,5852.4
117.800,216.0,5854.8
117.840,216.0,5857.2
117.880,216.0,5859.6
117.920,214.0,5862.0
117.960,214.0,5864.4
118.000,212.0,5866.8
118.040,212.0,5869.1
118.080,212.0,5871.5
118.120,207.0,5873.8
118.160,207.0,5876.1
118.200,205.0,5878.4
118.240,205.0,5880.7
118.280,205.0,5883.0
118.320,203.0,5885.2
118.360,203.0,5887.5
118.400,200.0,5889.7
118.440,200.0,5891.9
118.480,200.0,5894.2
118.520,198.0,5896.4
118.560,198.0,5898.6
118.600,196.0,5900.8
118.640,196.0,5902.9
118.680,196.0,5905.1
118.720,194.0,5907.3
118.760,194.0,5909.4
118.800,192.0,5911.6
118.840,192.0,5913.7
118.880,192.0,5915.9
118.920,189.0,5918.0
118.960,189.0,5920.1
119.000,186.0,5922.2
119.040,186.0,5924.2
119.080,186.0,5926.3
119.120,184.0,5928.3
119.160,184.0,5930.4
119.200,182.0,5932.4
119.240,182.0,5934.4
119.280,182.0,5936.5
119.320,180.0,5938.5
119.360,180.0,5940.5
119.400,177.0,5942.5
119.440,177.0,5944.4
119.480,177.0,5946.4
119.520,175.0,5948.3
119.560,175.0,5950.3
119.600,174.0,5952.2
119.640,174.0,5954.2
119.680,174.0,5956.1
119.720,173.0,5958.0
119.760,173.0,5959.9
119.800,171.0,5961.9
119.840,171.0,5963.8
119.880,171.0,5965.7
119.920,171.0,5967.6
119.960,171.0,5969.5
120.000,170.0,5971.4
120.040,170.0,5973.2
120.080,170.0,5975.1
120.120,170.0,5977.0
120.160,170.0,5978.9
120.200,170.0,5980.8
120.240,170.0,5982.7
120.280,170.0,5984.6
120.320,169.0,5986.5
120.360,169.0,5988.3
120.400,170.0,5990.2
120.440,170.0,5992.1
120.480,170.0,5994.0
120.520,170.0,5995.9
120.560,170.0,5997.8
120.600,170.0,5999.7
120.640,170.0,6001.6
120.680,170.0,6003.4
120.720,170.0,6005.3
120.760,170.0,6007.2
120.800,170.0,6009.1
120.840,170.0,6011.0
120.880,170.0,6012.9
120.920,170.0,6014.8
120.960,170.0,6016.7
121.000,171.0,6018.6
121.040,171.0,6020.5
121.080,171.0,6022.4
121.120,171.0,6024.3
121.160,171.0,6026.2
121.200,172.0,6028.1
121.240,172.0,6030.0
121.280,172.0,6031.9
121.320,172.0,6033.8
121.360,172.0,6035.7
121.400,173.0,6037.6
121.440,173.0,6039.5
121.480,173.0,6041.5
121.520,174.0,6043.4
121.560,174.0,6045.3
121.600,175.0,6047.3
121.640,175.0,6049.2
121.680,175.0,6051.2
121.720,176.0,6053.1
121.760,176.0,6055.1
121.800,177.0,6057.0
121.840,177.0,6059.0
121.880,177.0,6061.0
121.920,178.0,6062.9
121.960,178.0,6064.9
122.000,179.0,6066.9
122.040,179.0,6068.9
122.080,179.0,6070.9
122.120,180.0,6072.9
122.160,180.0,6074.9
122.200,181.0,6076.9
122.240,181.0,6078.9
122.280,181.0,6080.9
122.320,183.0,6082.9
122.360,183.0,6084.9
122.400,184.0,6087.0
122.440,184.0,6089.0
122.480,184.0,6091.1
122.520,184.0,6093.1
122.560,184.0,6095.2
122.600,186.0,6097.2
122.640,186.0,6099.3
122.680,186.0,6101.4
122.720,188.0,6103.4
122.760,188.0,6105.5
122.800,190.0,6107.6
122.840,190.0,6109.7
122.880,190.0,6111.8
122.920,193.0,6114.0
122.960,193.0,6116.1
123.000,195.0,6118.3
123.040,195.0,6120.4
123.080,195.0,6122.6
123.120,193.0,6124.8
123.160,193.0,6126.9
123.200,189.0,6129.0
123.240,189.0,6131.1
123.280,189.0,6133.2
123.320,185.0,6135.3
123.360,185.0,6137.4
123.400,181.0,6139.4
123.440,181.0,6141.4
123.480,181.0,6143.4
123.520,177.0,6145.4
123.560,177.0,6147.4
123.600,173.0,6149.3
123.640,173.0,6151.2
123.680,173.0,6153.2
123.720,168.0,6155.1
123.760,168.0,6156.9
123.800,162.0,6158.8
123.840,162.0,6160.6
123.880,162.0,6162.4
123.920,158.0,6164.1
123.960,158.0,6165.9
124.000,153.0,6167.6
124.040,153.0,6169.3
124.080,153.0,6171.0
124.120,149.0,6172.7
124.160,149.0,6174.3
124.200,145.0,6176.0
124.240,145.0,6177.6
124.280,145.0,6179.2
124.320,140.0,6180.8
124.360,140.0,6182.3
124.400,136.0,6183.9
124.440,136.0,6185.4
124.480,136.0,6186.9
124.520,133.0,6188.4
124.560,133.0,6189.9
124.600,129.0,6191.3
124.640,129.0,6192.8
124.680,129.0,6194.2
124.720,125.0,6195.6
124.760,125.0,6197.0
124.800,123.0,6198.4
124.840,123.0,6199.7
124.880,123.0,6201.1
124.920,121.0,6202.5
124.960,121.0,6203.8
125.000,119.0,6205.1
125.040,119.0,6206.5
125.080,119.0,6207.8
125.120,117.0,6209.1
125.160,117.0,6210.4
125.200,114.0,6211.7
125.240,114.0,6212.9
125.280,114.0,6214.2
125.320,112.0,6215.5
125.360,112.0,6216.7
125.400,110.0,6217.9
125.440,110.0,6219.2
125.480,110.0,6220.4
125.520,108.0,6221.6
125.560,108.0,6222.8
125.600,108.0,6224.0
125.640,108.0,6225.2
125.680,108.0,6226.4
125.720,107.0,6227.6
125.760,107.0,6228.8
125.800,106.0,6230.0
125.840,106.0,6231.1
125.880,106.0,6232.3
125.920,106.0,6233.5
125.960,106.0,6234.7
126.000,105.0,6235.8
126.040,105.0,6237.0
126.080,105.0,6238.2
126.120,106.0,6239.4
126.160,106.0,6240.5
126.200,106.0,6241.7
126.240,106.0,6242.9
126.280,106.0,6244.1
126.320,106.0,6245.2
126.360,106.0,6246.4
126.400,106.0,6247.6
126.440,106.0,6248.8
126.480,106.0,6250.0
126.520,106.0,6251.1
126.560,106.0,6252.3
126.600,107.0,6253.5
126.640,107.0,6254.7
126.680,107.0,6255.9
126.720,108.0,6257.1
126.760,108.0,6258.3
126.800,109.0,6259.5
126.840,109.0,6260.7
126.880,109.0,6261.9
126.920,109.0,6263.1
126.960,109.0,6264.3
127.000,110.0,6265.5
127.040,110.0,6266.8
127.080,110.0,6268.0
127.120,112.0,6269.2
127.160,112.0,6270.5
127.200,113.0,6271.7
127.240,113.0,6273.0
127.280,113.0,6274.2
127.320,115.0,6275.5
127.360,115.0,6276.8
127.400,117.0,6278.0
127.440,117.0,6279.3
127.480,117.0,6280.6
127.520,118.0,6282.0
127.560,118.0,6283.3
127.600,120.0,6284.6
127.640,120.0,6285.9
127.680,120.0,6287.3
127.720,121.0,6288.6
127.760,121.0,6289.9
127.800,123.0,6291.3
127.840,123.0,6292.7
127.880,123.0,6294.0
127.920,126.0,6295.4
127.960,126.0,6296.8
128.000,128.0,6298.2
128.040,128.0,6299.6
128.080,128.0,6301.1
128.120,129.0,6302.5
128.160,129.0,6303.9
128.200,130.0,6305.4
128.240,130.0,6306.8
128.280,130.0,6308.3
128.320,131.0,6309.7
128.360,131.0,6311.2
128.400,131.0,6312.6
128.440,131.0,6314.1
128.480,131.0,6315.5
128.520,132.0,6317.0
128.560,132.0,6318.5
128.600,133.0,6319.9
128.640,133.0,6321.4
128.680,133.0,6322.9
128.720,134.0,6324.4
128.760,134.0,6325.9
128.800,135.0,6327.3
128.840,135.0,6328.8
128.880,135.0,6330.3
128.920,137.0,6331.9
128.960,137.0,6333.4
129.000,139.0,6334.9
129.040,139.0,6336.5
129.080,139.0,6338.0
129.120,141.0,6339.6
129.160,141.0,6341.1
129.200,143.0,6342.7
129.240,143.0,6344.3
129.280,143.0,6345.9
129.320,145.0,6347.5
129.360,145.0,6349.1
129.400,146.0,6350.7
129.440,146.0,6352.3
129.480,146.0,6354.0
129.520,148.0,6355.6
129.560,148.0,6357.2
129.600,151.0,6358.9
129.640,151.0,6360.6
129.680,151.0,6362.2
129.720,153.0,6363.9
129.760,153.0,6365.6
129.800,156.0,6367.4
129.840,156.0,6369.1
129.880,156.0,6370.8
129.920,158.0,6372.6
129.960,158.0,6374.3
130.000,160.0,6376.1
130.040,160.0,6377.9
130.080,160.0,6379.6
130.120,163.0,6381.4
130.160,163.0,6383.2
130.200,165.0,6385.1
130.240,165.0,6386.9
130.280,165.0,6388.7
130.320,167.0,6390.6
130.360,167.0,6392.4
130.400,169.0,6394.3
130.440,169.0,6396.2
130.480,169.0,6398.1
130.520,171.0,6399.9
130.560,171.0,6401.8
130.600,170.0,6403.7
130.640,170.0,6405.6
130.680,170.0,6407.5
130.720,168.0,6409.4
130.760,168.0,6411.3
130.800,165.0,6413.1
130.840,165.0,6414.9
130.880,165.0,6416.8
130.920,162.0,6418.6
130.960,162.0,6420.4
131.000,158.0,6422.2
131.040,158.0,6423.9
131.080,158.0,6425.7
131.120,156.0,6427.4
131.160,156.0,6429.2
131.200,151.0,6430.9
131.240,151.0,6432.5
131.280,151.0,6434.2
131.320,148.0,6435.9
131.360,148.0,6437.5
131.400,145.0,6439.2
131.440,145.0,6440.8
131.480,145.0,6442.4
131.520,141.0,6444.0
131.560,141.0,6445.5
131.600,138.0,6447.1
131.640,138.0,6448.6
131.680,138.0,6450.2
131.720,134.0,6451.7
131.760,134.0,6453.2
131.800,130.0,6454.6
131.840,130.0,6456.1
131.880,130.0,6457.5
131.920,126.0,6458.9
131.960,126.0,6460.3
132.000,122.0,6461.7
132.040,122.0,6463.1
132.080,122.0,6464.4
132.120,118.0,6465.8
132.160,118.0,6467.1
132.200,115.0,6468.4
132.240,115.0,6469.6
132.280,115.0,6470.9
132.320,112.0,6472.2
132.360,112.0,6473.4
132.400,110.0,6474.7
132.440,110.0,6475.9
132.480,110.0,6477.1
132.520,108.0,6478.3
132.560,108.0,6479.5
132.600,107.0,6480.7
132.640,107.0,6481.9
132.680,107.0,6483.1
132.720,106.0,6484.3
132.760,106.0,6485.4
132.800,105.0,6486.6
132.840,105.0,6487.8
132.880,105.0,6488.9
132.920,103.0,6490.1
132.960,103.0,6491.2
133.000,103.0,6492.4
133.040,103.0,6493.5
133.080,103.0,6494.7
133.120,102.0,6495.8
133.160,102.0,6497.0
133.200,100.0,6498.1
133.240,100.0,6499.2
133.280,100.0,6500.3
133.320,99.0,6501.4
133.360,99.0,6502.5
133.400,97.0,6503.6
133.440,97.0,6504.7
133.480,97.0,6505.7
133.520,96.0,6506.8
133.560,96.0,6507.9
133.600,95.0,6508.9
133.640,95.0,6510.0
133.680,95.0,6511.1
133.720,94.0,6512.1
133.760,94.0,6513.2
133.800,93.0,6514.2
133.840,93.0,6515.2
133.880,93.0,6516.3
133.920,92.0,6517.3
133.960,92.0,6518.3
134.000,92.0,6519.3
134.040,92.0,6520.4
134.080,92.0,6521.4
134.120,91.0,6522.4
134.160,91.0,6523.4
134.200,91.0,6524.4
134.240,91.0,6525.4
134.280,91.0,6526.4
134.320,91.0,6527.4
134.360,91.0,6528.5
134.400,91.0,6529.5
134.440,91.0,6530.5
134.480,91.0,6531.5
134.520,90.0,6532.5
134.560,90.0,6533.5
134.600,91.0,6534.5
134.640,91.0,6535.5
134.680,91.0,6536.5
134.720,92.0,6537.5
134.760,92.0,6538.6
134.800,93.0,6539.6
134.840,93.0,6540.6
134.880,93.0,6541.7
134.920,94.0,6542.7
134.960,94.0,6543.7
135.000,96.0,6544.8
135.040,96.0,6545.9
135.080,96.0,6546.9
135.120,98.0,6548.0
135.160,98.0,6549.1
135.200,99.0,6550.2
135.240,99.0,6551.3
135.280,99.0,6552.4
135.320,101.0,6553.5
135.360,101.0,6554.6
135.400,102.0,6555.8
135.440,102.0,6556.9
135.480,102.0,6558.0
135.520,104.0,6559.2
135.560,104.0,6560.3
135.600,106.0,6561.5
135.640,106.0,6562.7
135.680,106.0,6563.8
135.720,109.0,6565.0
135.760,109.0,6566.2
135.800,111.0,6567.5
135.840,111.0,6568.7
135.880,111.0,6569.9
135.920,114.0,6571.2
135.960,114.0,6572.5
136.000,116.0,6573.7
136.040,116.0,6575.0
136.080,116.0,6576.3
136.120,118.0,6577.6
136.160,118.0,6578.9
136.200,121.0,6580.2
136.240,121.0,6581.6
136.280,121.0,6582.9
136.320,123.0,6584.3
136.360,123.0,6585.7
136.400,125.0,6587.0
136.440,125.0,6588.4
136.480,125.0,6589.8
136.520,127.0,6591.2
136.560,127.0,6592.6
136.600,129.0,6594.0
136.640,129.0,6595.5
136.680,129.0,6596.9
136.720,131.0,6598.4
136.760,131.0,6599.8
136.800,133.0,6601.3
136.840,133.0,6602.8
136.880,133.0,6604.2
136.920,136.0,6605.7
136.960,136.0,6607.2
137.000,139.0,6608.8
137.040,139.0,6610.3
137.080,139.0,6611.9
137.120,141.0,6613.4
137.160,141.0,6615.0
137.200,144.0,6616.6
137.240,144.0,6618.2
137.280,144.0,6619.8
137.320,147.0,6621.4
137.360,147.0,6623.0
137.400,151.0,6624.7
137.440,151.0,6626.3
137.480,151.0,6628.0
137.520,155.0,6629.7
137.560,155.0,6631.4
137.600,158.0,6633.2
137.640,158.0,6634.9
137.680,158.0,6636.7
137.720,161.0,6638.5
137.760,161.0,6640.3
137.800,164.0,6642.1
137.840,164.0,6643.9
137.880,164.0,6645.7
137.920,167.0,6647.5
137.960,167.0,6649.4
138.000,170.0,6651.3
138.040,170.0,6653.2
138.080,170.0,6655.1
138.120,173.0,6657.0
138.160,173.0,6658.9
138.200,176.0,6660.8
138.240,176.0,6662.8
138.280,176.0,6664.7
138.320,177.0,6666.7
138.360,177.0,6668.7
138.400,178.0,6670.6
138.440,178.0,6672.6
138.480,178.0,6674.6
138.520,177.0,6676.6
138.560,177.0,6678.5
138.600,177.0,6680.5
138.640,177.0,6682.5
138.680,177.0,6684.4
138.720,176.0,6686.4
138.760,176.0,6688.3
138.800,174.0,6690.3
138.840,174.0,6692.2
138.880,174.0,6694.2
138.920,173.0,6696.1
138.960,173.0,6698.0
139.000,171.0,6699.9
139.040,171.0,6701.8
139.080,171.0,6703.7
139.120,169.0,6705.6
139.160,169.0,6707.5
139.200,167.0,6709.3
139.240,167.0,6711.2
139.280,167.0,6713.1
139.320,165.0,6714.9
139.360,165.0,6716.7
139.400,163.0,6718.6
139.440,163.0,6720.4
139.480,163.0,6722.2
139.520,161.0,6724.0
139.560,161.0,6725.8
139.600,160.0,6727.6
139.640,160.0,6729.3
139.680,160.0,6731.1
139.720,158.0,6732.9
139.760,158.0,6734.6
139.800,158.0,6736.4
139.840,158.0,6738.1
139.880,158.0,6739.9
139.920,157.0,6741.6
139.960,157.0,6743.4
140.000,156.0,6745.1
140.040,156.0,6746.9
140.080,156.0,6748.6
140.120,156.0,6750.3
140.160,156.0,6752.1
140.200,155.0,6753.8
140.240,155.0,6755.5
140.280,155.0,6757.2
140.320,155.0,6759.0
140.360,155.0,6760.7
140.400,154.0,6762.4
140.440,154.0,6764.1
140.480,154.0,6765.8
140.520,154.0,6767.5
140.560,154.0,6769.2
140.600,154.0,6771.0
140.640,154.0,6772.7
140.680,154.0,6774.4
140.720,153.0,6776.1
140.760,153.0,6777.8
140.800,153.0,6779.5
140.840,153.0,6781.2
140.880,153.0,6782.9
140.920,153.0,6784.6
140.960,153.0,6786.3
141.000,154.0,6788.0
141.040,154.0,6789.7
141.080,154.0,6791.4
141.120,154.0,6793.1
141.160,154.0,6794.8
141.200,155.0,6796.5
141.240,155.0,6798.3
141.280,155.0,6800.0
141.320,155.0,6801.7
141.360,155.0,6803.4
141.400,157.0,6805.2
141.440,157.0,6806.9
141.480,157.0,6808.7
141.520,158.0,6810.4
141.560,158.0,6812.2
141.600,160.0,6813.9
141.640,160.0,6815.7
141.680,160.0,6817.5
141.720,161.0,6819.3
141.760,161.0,6821.1
141.800,163.0,6822.9
141.840,163.0,6824.7
141.880,163.0,6826.5
141.920,166.0,6828.3
141.960,166.0,6830.2
142.000,168.0,6832.0
142.040,168.0,6833.9
142.080,168.0,6835.7
142.120,170.0,6837.6
142.160,170.0,6839.5
142.200,171.0,6841.4
142.240,171.0,6843.3
142.280,171.0,6845.2
142.320,173.0,6847.1
142.360,173.0,6849.0
142.400,175.0,6851.0
142.440,175.0,6852.9
142.480,175.0,6854.9
142.520,177.0,6856.8
142.560,177.0,6858.8
142.600,179.0,6860.8
142.640,179.0,6862.7
142.680,179.0,6864.7
142.720,181.0,6866.7
142.760,181.0,6868.7
142.800,183.0,6870.8
142.840,183.0,6872.8
142.880,183.0,6874.8
142.920,185.0,6876.9
142.960,185.0,6878.9
143.000,188.0,6881.0
143.040,188.0,6883.1
143.080,188.0,6885.2
143.120,190.0,6887.3
143.160,190.0,6889.4
143.200,190.0,6891.5
143.240,190.0,6893.6
143.280,190.0,6895.7
143.320,185.0,6897.8
143.360,185.0,6899.9
143.400,182.0,6901.9
143.440,182.0,6903.9
143.480,182.0,6906.0
143.520,179.0,6908.0
143.560,179.0,6909.9
143.600,177.0,6911.9
143.640,177.0,6913.9
143.680,177.0,6915.9
143.720,175.0,6917.8
143.760,175.0,6919.8
143.800,173.0,6921.7
143.840,173.0,6923.6
143.880,173.0,6925.5
143.920,171.0,6927.4
143.960,171.0,6929.3
144.000,169.0,6931.2
144.040,169.0,6933.1
144.080,169.0,6935.0
144.120,167.0,6936.9
144.160,167.0,6938.7
144.200,165.0,6940.6
144.240,165.0,6942.4
144.280,165.0,6944.2
144.320,163.0,6946.0
144.360,163.0,6947.9
144.400,160.0,6949.7
144.440,160.0,6951.4
144.480,160.0,6953.2
144.520,158.0,6955.0
144.560,158.0,6956.7
144.600,156.0,6958.5
144.640,156.0,6960.2
144.680,156.0,6961.9
144.720,155.0,6963.7
144.760,155.0,6965.4
144.800,154.0,6967.1
144.840,154.0,6968.8
144.880,154.0,6970.5
144.920,153.0,6972.2
144.960,153.0,6973.9
145.000,151.0,6975.6
145.040,151.0,6977.3
145.080,151.0,6979.0
145.120,150.0,6980.7
145.160,150.0,6982.3
145.200,149.0,6984.0
145.240,149.0,6985.6
145.280,149.0,6987.3
145.320,148.0,6988.9
145.360,148.0,6990.6
145.400,146.0,6992.2
145.440,146.0,6993.8
145.480,146.0,6995.5
145.520,145.0,6997.1
145.560,145.0,6998.7
145.600,144.0,7000.3
145.640,144.0,7001.9
145.680,144.0,7003.5
145.720,143.0,7005.1
145.760,143.0,7006.7
145.800,142.0,7008.3
145.840,142.0,7009.8
145.880,142.0,7011.4
145.920,141.0,7013.0
145.960,141.0,7014.6
146.000,140.0,7016.1
146.040,140.0,7017.7
146.080,140.0,7019.2
146.120,140.0,7020.8
146.160,140.0,7022.3
146.200,140.0,7023.9
146.240,140.0,7025.5
146.280,140.0,7027.0
146.320,140.0,7028.6
146.360,140.0,7030.1
146.400,140.0,7031.7
146.440,140.0,7033.2
146.480,140.0,7034.8
146.520,140.0,7036.3
146.560,140.0,7037.9
146.600,140.0,7039.5
146.640,140.0,7041.0
146.680,140.0,7042.6
146.720,140.0,7044.1
146.760,140.0,7045.7
146.800,141.0,7047.2
146.840,141.0,7048.8
146.880,141.0,7050.4
146.920,142.0,7051.9
146.960,142.0,7053.5
147.000,143.0,7055.1
147.040,143.0,7056.7
147.080,143.0,7058.3
147.120,144.0,7059.9
147.160,144.0,7061.5
147.200,145.0,7063.1
147.240,145.0,7064.7
147.280,145.0,7066.3
147.320,146.0,7067.9
147.360,146.0,7069.5
147.400,147.0,7071.2
147.440,147.0,7072.8
147.480,147.0,7074.4
147.520,148.0,7076.1
147.560,148.0,7077.7
147.600,148.0,7079.4
147.640,148.0,7081.0
147.680,148.0,7082.7
147.720,149.0,7084.3
147.760,149.0,7086.0
147.800,150.0,7087.6
147.840,150.0,7089.3
147.880,150.0,7091.0
147.920,151.0,7092.6
147.960,151.0,7094.3
148.000,153.0,7096.0
148.040,153.0,7097.7
148.080,153.0,7099.4
148.120,154.0,7101.1
148.160,154.0,7102.8
148.200,156.0,7104.5
148.240,156.0,7106.3
148.280,156.0,7108.0
148.320,157.0,7109.7
148.360,157.0,7111.5
148.400,159.0,7113.2
148.440,159.0,7115.0
148.480,159.0,7116.8
148.520,160.0,7118.5
148.560,160.0,7120.3
148.600,161.0,7122.1
148.640,161.0,7123.9
148.680,161.0,7125.7
148.720,163.0,7127.5
148.760,163.0,7129.3
148.800,164.0,7131.1
148.840,164.0,7132.9
148.880,164.0,7134.8
148.920,165.0,7136.6
148.960,165.0,7138.4
149.000,166.0,7140.3
149.040,166.0,7142.1
149.080,166.0,7143.9
149.120,168.0,7145.8
149.160,168.0,7147.7
149.200,168.0,7149.5
149.240,168.0,7151.4
149.280,168.0,7153.3
149.320,170.0,7155.1
149.360,170.0,7157.0
149.400,171.0,7158.9
149.440,171.0,7160.8
149.480,171.0,7162.7
149.520,172.0,7164.6
149.560,172.0,7166.5
149.600,174.0,7168.5
149.640,174.0,7170.4
149.680,174.0,7172.3
149.720,174.0,7174.3
149.760,174.0,7176.2
149.800,176.0,7178.1
149.840,176.0,7180.1
149.880,176.0,7182.1
149.920,177.0,7184.0
149.960,177.0,7186.0
150.000,178.0,7188.0
150.040,178.0,7189.9
150.080,178.0,7191.9
150.120,180.0,7193.9
150.160,180.0,7195.9
150.200,181.0,7197.9
150.240,181.0,7199.9
150.280,181.0,7201.9
150.320,183.0,7203.9
150.360,183.0,7206.0
150.400,185.0,7208.0
150.440,185.0,7210.1
150.480,185.0,7212.1
150.520,187.0,7214.2
150.560,187.0,7216.3
150.600,189.0,7218.4
150.640,189.0,7220.5
150.680,189.0,7222.6
150.720,191.0,7224.7
150.760,191.0,7226.8
150.800,194.0,7228.9
150.840,194.0,7231.1
150.880,194.0,7233.3
150.920,196.0,7235.4
150.960,196.0,7237.6
151.000,198.0,7239.8
151.040,198.0,7242.0
151.080,198.0,7244.2
151.120,199.0,7246.4
151.160,199.0,7248.6
151.200,198.0,7250.8
151.240,198.0,7253.0
151.280,198.0,7255.2
151.320,196.0,7257.4
151.360,196.0,7259.6
151.400,193.0,7261.7
151.440,193.0,7263.9
151.480,193.0,7266.0
151.520,190.0,7268.2
151.560,190.0,7270.3
151.600,186.0,7272.4
151.640,186.0,7274.4
151.680,186.0,7276.5
151.720,181.0,7278.5
151.760,181.0,7280.5
151.800,176.0,7282.5
151.840,176.0,7284.5
151.880,176.0,7286.4
151.920,172.0,7288.4
151.960,172.0,7290.3
152.000,167.0,7292.2
152.040,167.0,7294.0
152.080,167.0,7295.9
152.120,163.0,7297.7
152.160,163.0,7299.5
152.200,160.0,7301.3
152.240,160.0,7303.1
152.280,160.0,7304.9
152.320,157.0,7306.6
152.360,157.0,7308.4
152.400,154.0,7310.1
152.440,154.0,7311.8
152.480,154.0,7313.5
152.520,150.0,7315.2
152.560,150.0,7316.9
152.600,147.0,7318.5
152.640,147.0,7320.2
152.680,147.0,7321.8
152.720,144.0,7323.4
152.760,144.0,7325.0
152.800,141.0,7326.6
152.840,141.0,7328.2
152.880,141.0,7329.7
152.920,138.0,7331.3
152.960,138.0,7332.8
153.000,136.0,7334.3
153.040,136.0,7335.8
153.080,136.0,7337.4
153.120,135.0,7338.9
153.160,135.0,7340.4
153.200,133.0,7341.8
153.240,133.0,7343.3
153.280,133.0,7344.8
153.320,131.0,7346.3
153.360,131.0,7347.7
153.400,129.0,7349.2
153.440,129.0,7350.6
153.480,129.0,7352.0
153.520,128.0,7353.5
153.560,128.0,7354.9
153.600,127.0,7356.3
153.640,127.0,7357.7
153.680,127.0,7359.1
153.720,127.0,7360.5
153.760,127.0,7361.9
153.800,126.0,7363.4
153.840,126.0,7364.8
153.880,126.0,7366.2
153.920,125.0,7367.5
153.960,125.0,7368.9
154.000,124.0,7370.3
154.040,124.0,7371.7
154.080,124.0,7373.1
154.120,121.0,7374.4
154.160,121.0,7375.8
154.200,119.0,7377.1
154.240,119.0,7378.4
154.280,119.0,7379.8
154.320,118.0,7381.1
154.360,118.0,7382.4
154.400,117.0,7383.7
154.440,117.0,7385.0
154.480,117.0,7386.3
154.520,115.0,7387.6
154.560,115.0,7388.9
154.600,112.0,7390.1
154.640,112.0,7391.4
154.680,112.0,7392.6
154.720,109.0,7393.8
154.760,109.0,7395.0
154.800,106.0,7396.2
154.840,106.0,7397.4
154.880,106.0,7398.6
154.920,104.0,7399.8
154.960,104.0,7400.9
155.000,102.0,7402.1
155.040,102.0,7403.2
155.080,102.0,7404.3
155.120,99.0,7405.4
155.160,99.0,7406.5
155.200,98.0,7407.6
155.240,98.0,7408.7
155.280,98.0,7409.8
155.320,96.0,7410.9
155.360,96.0,7412.0
155.400,94.0,7413.0
155.440,94.0,7414.1
155.480,94.0,7415.1
155.520,92.0,7416.1
155.560,92.0,7417.2
155.600,90.0,7418.2
155.640,90.0,7419.2
155.680,90.0,7420.2
155.720,88.0,7421.2
155.760,88.0,7422.1
155.800,87.0,7423.1
155.840,87.0,7424.1
155.880,87.0,7425.0
155.920,86.0,7426.0
155.960,86.0,7427.0
156.000,84.0,7427.9
156.040,84.0,7428.8
156.080,84.0,7429.8
156.120,81.0,7430.7
156.160,81.0,7431.6
156.200,79.0,7432.5
156.240,79.0,7433.4
156.280,79.0,7434.2
156.320,77.0,7435.1
156.360,77.0,7436.0
156.400,75.0,7436.8
156.440,75.0,7437.6
156.480,75.0,7438.5
156.520,74.0,7439.3
156.560,74.0,7440.1
156.600,73.0,7440.9
156.640,73.0,7441.7
156.680,73.0,7442.6
156.720,72.0,7443.4
156.760,72.0,7444.2
156.800,71.0,7445.0
156.840,71.0,7445.7
156.880,71.0,7446.5
156.920,71.0,7447.3
156.960,71.0,7448.1
157.000,70.0,7448.9
157.040,70.0,7449.7
157.080,70.0,7450.5
157.120,70.0,7451.2
157.160,70.0,7452.0
157.200,70.0,7452.8
157.240,70.0,7453.6
157.280,70.0,7454.3
157.320,71.0,7455.1
157.360,71.0,7455.9
157.400,72.0,7456.7
157.440,72.0,7457.5
157.480,72.0,7458.3
157.520,72.0,7459.1
157.560,72.0,7459.9
157.600,72.0,7460.7
157.640,72.0,7461.5
157.680,72.0,7462.3
157.720,73.0,7463.1
157.760,73.0,7463.9
157.800,75.0,7464.7
157.840,75.0,7465.6
157.880,75.0,7466.4
157.920,75.0,7467.2
157.960,75.0,7468.1
158.000,77.0,7468.9
158.040,77.0,7469.8
158.080,77.0,7470.6
158.120,79.0,7471.5
158.160,79.0,7472.4
158.200,80.0,7473.3
158.240,80.0,7474.2
158.280,80.0,7475.0
158.320,82.0,7475.9
158.360,82.0,7476.9
158.400,83.0,7477.8
158.440,83.0,7478.7
158.480,83.0,7479.6
158.520,86.0,7480.6
158.560,86.0,7481.5
158.600,88.0,7482.5
158.640,88.0,7483.5
158.680,88.0,7484.4
158.720,90.0,7485.4
158.760,90.0,7486.4
158.800,93.0,7487.4
158.840,93.0,7488.5
158.880,93.0,7489.5
158.920,95.0,7490.5
158.960,95.0,7491.6
159.000,98.0,7492.7
159.040,98.0,7493.8
159.080,98.0,7494.9
159.120,101.0,7496.0
159.160,101.0,7497.1
159.200,103.0,7498.2
159.240,103.0,7499.4
159.280,103.0,7500.5
159.320,105.0,7501.7
159.360,105.0,7502.8
159.400,106.0,7504.0
159.440,106.0,7505.2
159.480,106.0,7506.4
159.520,108.0,7507.5
159.560,108.0,7508.7
159.600,108.0,7509.9
159.640,108.0,7511.1
159.680,108.0,7512.3
159.720,110.0,7513.6
159.760,110.0,7514.8
159.800,111.0,7516.0
159.840,111.0,7517.2
159.880,111.0,7518.5
159.920,112.0,7519.7
159.960,112.0,7521.0
160.000,115.0,7522.2
160.040,115.0,7523.5
160.080,115.0,7524.8
160.120,114.0,7526.0
160.160,114.0,7527.3
160.200,115.0,7528.6
160.240,115.0,7529.9
160.280,115.0,7531.1
160.320,116.0,7532.4
160.360,116.0,7533.7
160.400,116.0,7535.0
160.440,116.0,7536.3
160.480,116.0,7537.6
160.520,118.0,7538.9
160.560,118.0,7540.2
160.600,119.0,7541.5
160.640,119.0,7542.8
160.680,119.0,7544.1
160.720,121.0,7545.5
160.760,121.0,7546.8
160.800,122.0,7548.2
160.840,122.0,7549.5
160.880,122.0,7550.9
160.920,124.0,7552.3
160.960,124.0,7553.6
161.000,126.0,7555.0
161.040,126.0,7556.4
161.080,126.0,7557.8
161.120,129.0,7559.2
161.160,129.0,7560.7
161.200,132.0,7562.1
161.240,132.0,7563.6
161.280,132.0,7565.1
161.320,134.0,7566.5
161.360,134.0,7568.0
161.400,136.0,7569.5
161.440,136.0,7571.0
161.480,136.0,7572.5
161.520,139.0,7574.1
161.560,139.0,7575.6
161.600,142.0,7577.2
161.640,142.0,7578.8
161.680,142.0,7580.3
161.720,145.0,7581.9
161.760,145.0,7583.5
161.800,147.0,7585.2
161.840,147.0,7586.8
161.880,147.0,7588.4
161.920,149.0,7590.1
161.960,149.0,7591.7
162.000,152.0,7593.4
162.040,152.0,7595.1
162.080,152.0,7596.8
162.120,155.0,7598.5
162.160,155.0,7600.2
162.200,157.0,7601.9
162.240,157.0,7603.7
162.280,157.0,7605.4
162.320,160.0,7607.2
162.360,160.0,7609.0
162.400,163.0,7610.8
162.440,163.0,7612.6
162.480,163.0,7614.4
162.520,166.0,7616.2
162.560,166.0,7618.1
162.600,169.0,7619.9
162.640,169.0,7621.8
162.680,169.0,7623.7
162.720,172.0,7625.6
162.760,172.0,7627.5
162.800,174.0,7629.4
162.840,174.0,7631.3
162.880,174.0,7633.3
162.920,177.0,7635.2
162.960,177.0,7637.2
163.000,180.0,7639.2
163.040,180.0,7641.2
163.080,180.0,7643.2
163.120,182.0,7645.2
163.160,182.0,7647.2
163.200,185.0,7649.2
163.240,185.0,7651.3
163.280,185.0,7653.3
163.320,188.0,7655.4
163.360,188.0,7657.5
163.400,190.0,7659.6
163.440,190.0,7661.7
163.480,190.0,7663.8
163.520,193.0,7666.0
163.560,193.0,7668.1
163.600,195.0,7670.3
163.640,195.0,7672.4
163.680,195.0,7674.6
163.720,197.0,7676.8
163.760,197.0,7679.0
163.800,200.0,7681.2
163.840,200.0,7683.4
163.880,200.0,7685.6
163.920,202.0,7687.8
163.960,202.0,7690.1
164.000,204.0,7692.3
164.040,204.0,7694.6
164.080,204.0,7696.9
164.120,206.0,7699.2
164.160,206.0,7701.4
164.200,209.0,7703.7
164.240,209.0,7706.1
164.280,209.0,7708.4
164.320,209.0,7710.7
164.360,209.0,7713.0
164.400,208.0,7715.4
164.440,208.0,7717.7
164.480,208.0,7720.0
164.520,208.0,7722.3
164.560,208.0,7724.6
164.600,206.0,7726.9
164.640,206.0,7729.2
164.680,206.0,7731.5
164.720,204.0,7733.8
164.760,204.0,7736.0
164.800,202.0,7738.3
164.840,202.0,7740.5
164.880,202.0,7742.8
164.920,199.0,7745.0
164.960,199.0,7747.2
165.000,198.0,7749.4
165.040,198.0,7751.6
165.080,198.0,7753.8
165.120,197.0,7756.0
165.160,197.0,7758.2
165.200,196.0,7760.4
165.240,196.0,7762.6
165.280,196.0,7764.7
165.320,197.0,7766.9
165.360,197.0,7769.1
165.400,197.0,7771.3
165.440,197.0,7773.5
165.480,197.0,7775.7
165.520,196.0,7777.9
165.560,196.0,7780.0
165.600,195.0,7782.2
165.640,195.0,7784.4
165.680,195.0,7786.5
165.720,194.0,7788.7
165.760,194.0,7790.9
165.800,192.0,7793.0
165.840,192.0,7795.1
165.880,192.0,7797.3
165.920,190.0,7799.4
165.960,190.0,7801.5
166.000,188.0,7803.6
166.040,188.0,7805.7
166.080,188.0,7807.8
166.120,186.0,7809.9
166.160,186.0,7811.9
166.200,184.0,7814.0
166.240,184.0,7816.0
166.280,184.0,7818.1
166.320,180.0,7820.1
166.360,180.0,7822.1
166.400,177.0,7824.1
166.440,177.0,7826.0
166.480,177.0,7828.0
166.520,174.0,7830.0
166.560,174.0,7831.9
166.600,171.0,7833.8
166.640,171.0,7835.7
166.680,171.0,7837.6
166.720,167.0,7839.5
166.760,167.0,7841.3
166.800,164.0,7843.2
166.840,164.0,7845.0
166.880,164.0,7846.8
166.920,160.0,7848.6
166.960,160.0,7850.4
167.000,156.0,7852.2
167.040,156.0,7853.9
167.080,156.0,7855.6
167.120,154.0,7857.3
167.160,154.0,7859.1
167.200,151.0,7860.7
167.240,151.0,7862.4
167.280,151.0,7864.1
167.320,148.0,7865.8
167.360,148.0,7867.4
167.400,144.0,7869.0
167.440,144.0,7870.6
167.480,144.0,7872.2
167.520,141.0,7873.8
167.560,141.0,7875.4
167.600,136.0,7876.9
167.640,136.0,7878.4
167.680,136.0,7879.9
167.720,132.0,7881.4
167.760,132.0,7882.9
167.800,130.0,7884.4
167.840,130.0,7885.8
167.880,130.0,7887.2
167.920,127.0,7888.7
167.960,127.0,7890.1
168.000,126.0,7891.5
168.040,126.0,7892.9
168.080,126.0,7894.3
168.120,124.0,7895.7
168.160,124.0,7897.1
168.200,122.0,7898.4
168.240,122.0,7899.8
168.280,122.0,7901.1
168.320,120.0,7902.5
168.360,120.0,7903.8
168.400,119.0,7905.1
168.440,119.0,7906.5
168.480,119.0,7907.8
168.520,118.0,7909.1
168.560,118.0,7910.4
168.600,116.0,7911.7
168.640,116.0,7913.0
168.680,116.0,7914.3
168.720,115.0,7915.6
168.760,115.0,7916.8
168.800,113.0,7918.1
168.840,113.0,7919.4
168.880,113.0,7920.6
168.920,112.0,7921.9
168.960,112.0,7923.1
169.000,111.0,7924.4
169.040,111.0,7925.6
169.080,111.0,7926.8
169.120,110.0,7928.1
169.160,110.0,7929.3
169.200,110.0,7930.5
169.240,110.0,7931.7
169.280,110.0,7932.9
169.320,109.0,7934.2
169.360,109.0,7935.4
169.400,109.0,7936.6
169.440,109.0,7937.8
169.480,109.0,7939.0
169.520,109.0,7940.2
169.560,109.0,7941.4
169.600,109.0,7942.6
169.640,109.0,7943.8
169.680,109.0,7945.1
169.720,109.0,7946.3
169.760,109.0,7947.5
169.800,110.0,7948.7
169.840,110.0,7949.9
169.880,110.0,7951.1
169.920,111.0,7952.4
169.960,111.0,7953.6
170.000,112.0,7954.8
170.040,112.0,7956.1
170.080,112.0,7957.3
170.120,112.0,7958.6
170.160,112.0,7959.8
170.200,113.0,7961.1
170.240,113.0,7962.3
170.280,113.0,7963.6
170.320,114.0,7964.8
170.360,114.0,7966.1
170.400,114.0,7967.4
170.440,114.0,7968.6
170.480,114.0,7969.9
170.520,115.0,7971.2
170.560,115.0,7972.5
170.600,115.0,7973.7
170.640,115.0,7975.0
170.680,115.0,7976.3
170.720,116.0,7977.6
170.760,116.0,7978.9
170.800,117.0,7980.2
170.840,117.0,7981.5
170.880,117.0,7982.8
170.920,118.0,7984.1
170.960,118.0,7985.4
171.000,120.0,7986.7
171.040,120.0,7988.0
171.080,120.0,7989.4
171.120,122.0,7990.7
171.160,122.0,7992.1
171.200,123.0,7993.4
171.240,123.0,7994.8
171.280,123.0,7996.2
171.320,125.0,7997.5
171.360,125.0,7998.9
171.400,125.0,8000.3
171.440,125.0,8001.7
171.480,125.0,8003.1
171.520,127.0,8004.5
171.560,127.0,8005.9
171.600,128.0,8007.3
171.640,128.0,8008.7
171.680,128.0,8010.2
171.720,130.0,8011.6
171.760,130.0,8013.0
171.800,131.0,8014.5
171.840,131.0,8015.9
171.880,131.0,8017.4
171.920,133.0,8018.9
171.960,133.0,8020.3
172.000,134.0,8021.8
172.040,134.0,8023.3
172.080,134.0,8024.8
172.120,137.0,8026.3
172.160,137.0,8027.8
172.200,139.0,8029.4
172.240,139.0,8030.9
172.280,139.0,8032.5
172.320,140.0,8034.0
172.360,140.0,8035.6
172.400,142.0,8037.1
172.440,142.0,8038.7
172.480,142.0,8040.3
172.520,144.0,8041.9
172.560,144.0,8043.5
172.600,146.0,8045.1
172.640,146.0,8046.7
172.680,146.0,8048.3
172.720,148.0,8050.0
172.760,148.0,8051.6
172.800,149.0,8053.3
172.840,149.0,8054.9
172.880,149.0,8056.6
172.920,151.0,8058.2
172.960,151.0,8059.9
173.000,154.0,8061.6
173.040,154.0,8063.3
173.080,154.0,8065.0
173.120,157.0,8066.8
173.160,157.0,8068.5
173.200,158.0,8070.3
173.240,158.0,8072.0
173.280,158.0,8073.8
173.320,158.0,8075.5
173.360,158.0,8077.3
173.400,155.0,8079.0
173.440,155.0,8080.7
173.480,155.0,8082.5
173.520,152.0,8084.2
173.560,152.0,8085.9
173.600,149.0,8087.5
173.640,149.0,8089.2
173.680,149.0,8090.8
173.720,144.0,8092.5
173.760,144.0,8094.1
173.800,140.0,8095.6
173.840,140.0,8097.2
173.880,140.0,8098.8
173.920,137.0,8100.3
173.960,137.0,8101.8
174.000,133.0,8103.3
174.040,133.0,8104.8
174.080,133.0,8106.3
174.120,129.0,8107.7
174.160,129.0,8109.2
174.200,128.0,8110.6
174.240,128.0,8112.0
174.280,128.0,8113.4
174.320,125.0,8114.8
174.360,125.0,8116.2
174.400,123.0,8117.6
174.440,123.0,8119.0
174.480,123.0,8120.3
174.520,120.0,8121.7
174.560,120.0,8123.0
174.600,118.0,8124.3
174.640,118.0,8125.7
174.680,118.0,8127.0
174.720,117.0,8128.3
174.760,117.0,8129.6
174.800,116.0,8130.9
174.840,116.0,8132.2
174.880,116.0,8133.4
174.920,114.0,8134.7
174.960,114.0,8136.0
175.000,113.0,8137.2
175.040,113.0,8138.5
175.080,113.0,8139.8
175.120,111.0,8141.0
175.160,111.0,8142.2
175.200,110.0,8143.5
175.240,110.0,8144.7
175.280,110.0,8145.9
175.320,110.0,8147.1
175.360,110.0,8148.4
175.400,109.0,8149.6
175.440,109.0,8150.8
175.480,109.0,8152.0
175.520,109.0,8153.2
175.560,109.0,8154.4
175.600,109.0,8155.6
175.640,109.0,8156.8
175.680,109.0,8158.0
175.720,109.0,8159.3
175.760,109.0,8160.5
175.800,110.0,8161.7
175.840,110.0,8162.9
175.880,110.0,8164.1
175.920,111.0,8165.4
175.960,111.0,8166.6
176.000,112.0,8167.8
176.040,112.0,8169.1
176.080,112.0,8170.3
176.120,113.0,8171.6
176.160,113.0,8172.8
176.200,115.0,8174.1
176.240,115.0,8175.4
176.280,115.0,8176.6
176.320,115.0,8177.9
176.360,115.0,8179.2
176.400,116.0,8180.5
176.440,116.0,8181.8
176.480,116.0,8183.1
176.520,118.0,8184.4
176.560,118.0,8185.7
176.600,119.0,8187.0
176.640,119.0,8188.3
176.680,119.0,8189.6
176.720,120.0,8191.0
176.760,120.0,8192.3
176.800,122.0,8193.6
176.840,122.0,8195.0
176.880,122.0,8196.4
176.920,122.0,8197.7
176.960,122.0,8199.1
177.000,123.0,8200.4
177.040,123.0,8201.8
177.080,123.0,8203.2
177.120,125.0,8204.5
177.160,125.0,8205.9
177.200,127.0,8207.3
177.240,127.0,8208.7
177.280,127.0,8210.1
177.320,130.0,8211.6
177.360,130.0,8213.0
177.400,132.0,8214.5
177.440,132.0,8215.9
177.480,132.0,8217.4
177.520,134.0,8218.9
177.560,134.0,8220.4
177.600,137.0,8221.9
177.640,137.0,8223.4
177.680,137.0,8224.9
177.720,140.0,8226.5
177.760,140.0,8228.0
177.800,143.0,8229.6
177.840,143.0,8231.2
177.880,143.0,8232.8
177.920,145.0,8234.4
177.960,145.0,8236.0
178.000,149.0,8237.6
178.040,149.0,8239.3
178.080,149.0,8240.9
178.120,151.0,8242.6
178.160,151.0,8244.3
178.200,154.0,8246.0
178.240,154.0,8247.7
178.280,154.0,8249.4
178.320,156.0,8251.1
178.360,156.0,8252.8
178.400,158.0,8254.6
178.440,158.0,8256.3
178.480,158.0,8258.1
178.520,161.0,8259.9
178.560,161.0,8261.7
178.600,164.0,8263.5
178.640,164.0,8265.3
178.680,164.0,8267.1
178.720,167.0,8268.9
178.760,167.0,8270.8
178.800,169.0,8272.7
178.840,169.0,8274.5
178.880,169.0,8276.4
178.920,171.0,8278.3
178.960,171.0,8280.2
179.000,174.0,8282.1
179.040,174.0,8284.1
179.080,174.0,8286.0
179.120,176.0,8287.9
179.160,176.0,8289.9
179.200,178.0,8291.9
179.240,178.0,8293.8
179.280,178.0,8295.8
179.320,180.0,8297.8
179.360,180.0,8299.8
179.400,182.0,8301.8
179.440,182.0,8303.8
179.480,182.0,8305.9
179.520,184.0,8307.9
179.560,184.0,8309.9
179.600,187.0,8312.0
179.640,187.0,8314.1
179.680,187.0,8316.2
179.720,189.0,8318.2
179.760,189.0,8320.3
179.800,191.0,8322.5
179.840,191.0,8324.6
179.880,191.0,8326.7
179.920,192.0,8328.8
179.960,192.0,8331.0
180.000,195.0,8333.1
180.040,195.0,8335.3
180.080,195.0,8337.4
180.120,197.0,8339.6
180.160,197.0,8341.8
180.200,199.0,8344.0
180.240,199.0,8346.2
180.280,199.0,8348.4
180.320,201.0,8350.7
180.360,201.0,8352.9
180.400,205.0,8355.1
180.440,205.0,8357.4
180.480,205.0,8359.7
180.520,206.0,8362.0
180.560,206.0,8364.3
180.600,209.0,8366.6
180.640,209.0,8368.9
180.680,209.0,8371.2
180.720,211.0,8373.6
180.760,211.0,8375.9
180.800,213.0,8378.3
180.840,213.0,8380.6
180.880,213.0,8383.0
180.920,215.0,8385.4
180.960,215.0,8387.8
181.000,217.0,8390.2
181.040,217.0,8392.6
181.080,217.0,8395.0
181.120,218.0,8397.4
181.160,218.0,8399.8
181.200,220.0,8402.3
181.240,220.0,8404.7
181.280,220.0,8407.1
181.400,224.0,8414.5
181.440,224.0,8417.0
181.480,224.0,8419.5
181.520,225.0,8422.0
181.560,225.0,8424.5
181.800,230.0,8439.7
181.840,230.0,8442.2
181.880,230.0,8444.8
181.920,230.0,8447.3
181.960,230.0,8449.9
182.000,231.0,8452.5
182.040,231.0,8455.0
182.080,231.0,8457.6
182.120,234.0,8460.2
182.160,234.0,8462.8
182.200,236.0,8465.4
182.240,236.0,8468.0
182.280,236.0,8470.6
182.320,237.0,8473.3
182.360,237.0,8475.9
182.400,239.0,8478.5
182.440,239.0,8481.2
182.480,239.0,8483.9
182.520,240.0,8486.5
182.560,240.0,8489.2
182.600,242.0,8491.9
182.640,242.0,8494.5
182.680,242.0,8497.2
182.720,242.0,8499.9
182.760,242.0,8502.6
182.800,241.0,8505.3
182.840,241.0,8508.0
182.880,241.0,8510.7
182.920,241.0,8513.3
182.960,241.0,8516.0
183.000,241.0,8518.7
183.040,241.0,8521.4
183.080,241.0,8524.0
183.120,240.0,8526.7
183.160,240.0,8529.4
183.200,239.0,8532.0
183.240,239.0,8534.7
183.280,239.0,8537.4
183.320,238.0,8540.0
183.360,238.0,8542.6
183.400,238.0,8545.3
183.440,238.0,8547.9
183.480,238.0,8550.6
183.520,237.0,8553.2
183.560,237.0,8555.9
183.600,237.0,8558.5
183.640,237.0,8561.1
183.680,237.0,8563.8
183.720,236.0,8566.4
183.760,236.0,8569.0
183.800,234.0,8571.6
183.840,234.0,8574.2
183.880,234.0,8576.8
183.920,233.0,8579.4
184.000,231.0,8584.6
184.040,231.0,8587.1
184.080,231.0,8589.7
184.120,230.0,8592.3
184.160,230.0,8594.8
184.200,228.0,8597.4
184.240,228.0,8599.9
184.280,228.0,8602.4
184.320,227.0,8605.0
184.360,227.0,8607.5
184.400,225.0,8610.0
184.440,225.0,8612.5
184.480,225.0,8615.0
184.520,223.0,8617.5
184.560,223.0,8620.0
184.640,221.0,8624.9
184.720,220.0,8629.8
184.760,220.0,8632.2
184.800,219.0,8634.7
184.840,219.0,8637.1
184.880,219.0,8639.5
184.920,218.0,8642.0
184.960,218.0,8644.4
185.000,217.0,8646.8
185.040,217.0,8649.2
185.080,217.0,8651.6
185.120,217.0,8654.0
185.160,217.0,8656.4
185.200,216.0,8658.9
185.240,216.0,8661.3
185.280,216.0,8663.7
185.320,216.0,8666.1
185.360,216.0,8668.5
185.400,216.0,8670.9
185.440,216.0,8673.3
185.480,216.0,8675.7
185.520,215.0,8678.0
185.560,215.0,8680.4
185.600,216.0,8682.8
185.640,216.0,8685.2
185.680,216.0,8687.6
185.720,217.0,8690.0
185.760,217.0,8692.4
185.800,216.0,8694.9
185.840,216.0,8697.3
185.880,216.0,8699.7
185.920,216.0,8702.1
185.960,216.0,8704.5
186.000,217.0,8706.9
186.040,217.0,8709.3
186.080,217.0,8711.7
186.120,216.0,8714.1
186.160,216.0,8716.5
186.200,217.0,8718.9
186.240,217.0,8721.3
186.280,217.0,8723.7
186.320,217.0,8726.1
186.360,217.0,8728.5
186.400,218.0,8731.0
186.440,218.0,8733.4
186.480,218.0,8735.8
186.520,218.0,8738.2
186.560,218.0,8740.6
186.600,218.0,8743.1
186.640,218.0,8745.5
186.680,218.0,8747.9
186.720,219.0,8750.3
186.760,219.0,8752.8
186.800,218.0,8755.2
186.840,218.0,8757.6
186.880,218.0,8760.0
186.920,217.0,8762.5
186.960,217.0,8764.9
187.000,215.0,8767.3
187.040,215.0,8769.7
187.080,215.0,8772.0
187.120,212.0,8774.4
187.160,212.0,8776.8
187.200,207.0,8779.1
187.240,207.0,8781.4
187.280,207.0,8783.7
187.320,204.0,8786.0
187.360,204.0,8788.3
187.400,199.0,8790.5
187.440,199.0,8792.7
187.480,199.0,8794.9
187.520,196.0,8797.1
187.560,196.0,8799.3
187.600,192.0,8801.4
187.640,192.0,8803.6
187.680,192.0,8805.7
187.720,188.0,8807.8
187.760,188.0,8809.9
187.800,183.0,8812.0
187.840,183.0,8814.0
187.880,183.0,8816.0
187.920,178.0,8818.0
187.960,178.0,8820.0
188.000,176.0,8822.0
188.040,176.0,8823.9
188.080,176.0,8825.9
188.120,172.0,8827.8
188.160,172.0,8829.7
188.200,168.0,8831.6
188.240,168.0,8833.5
188.280,168.0,8835.4
188.320,164.0,8837.2
188.360,164.0,8839.0
188.400,160.0,8840.8
188.440,160.0,8842.6
188.480,160.0,8844.4
188.520,157.0,8846.1
188.560,157.0,8847.9
188.600,155.0,8849.6
188.640,155.0,8851.3
188.680,155.0,8853.1
188.720,152.0,8854.8
188.760,152.0,8856.5
188.800,148.0,8858.1
188.840,148.0,8859.8
188.880,148.0,8861.4
188.920,145.0,8863.0
188.960,145.0,8864.7
189.000,142.0,8866.3
189.040,142.0,8867.8
189.080,142.0,8869.4
189.120,139.0,8871.0
189.160,139.0,8872.5
189.200,136.0,8874.0
189.240,136.0,8875.6
189.280,136.0,8877.1
189.320,132.0,8878.6
189.360,132.0,8880.0
189.400,129.0,8881.5
189.440,129.0,8882.9
189.480,129.0,8884.3
189.520,127.0,8885.8
189.560,127.0,8887.2
189.600,126.0,8888.6
189.640,126.0,8890.0
189.680,126.0,8891.4
189.720,125.0,8892.8
189.760,125.0,8894.2
189.800,123.0,8895.5
189.840,123.0,8896.9
189.880,123.0,8898.3
189.920,119.0,8899.6
189.960,119.0,8900.9
190.000,117.0,8902.2
190.040,117.0,8903.5
190.080,117.0,8904.8
190.120,115.0,8906.1
190.160,115.0,8907.4
190.200,113.0,8908.7
190.240,113.0,8909.9
190.280,113.0,8911.2
190.320,113.0,8912.4
190.360,113.0,8913.7
190.400,112.0,8915.0
190.440,112.0,8916.2
190.480,112.0,8917.4
190.520,111.0,8918.7
190.560,111.0,8919.9
190.600,110.0,8921.1
190.640,110.0,8922.4
190.680,110.0,8923.6
190.720,110.0,8924.8
190.760,110.0,8926.0
190.800,109.0,8927.2
190.840,109.0,8928.5
190.880,109.0,8929.7
190.920,110.0,8930.9
190.960,110.0,8932.1
191.000,110.0,8933.3
191.040,110.0,8934.6
191.080,110.0,8935.8
191.120,111.0,8937.0
191.160,111.0,8938.2
191.200,110.0,8939.5
191.240,110.0,8940.7
191.280,110.0,8941.9
191.320,111.0,8943.1
191.360,111.0,8944.4
191.400,109.0,8945.6
191.440,109.0,8946.8
191.480,109.0,8948.0
191.520,109.0,8949.2
191.560,109.0,8950.4
191.600,108.0,8951.6
191.640,108.0,8952.8
191.680,108.0,8954.0
191.720,107.0,8955.2
191.760,107.0,8956.4
191.800,106.0,8957.6
191.840,106.0,8958.8
191.880,106.0,8960.0
191.920,104.0,8961.1
191.960,104.0,8962.3
192.000,104.0,8963.4
192.040,104.0,8964.6
192.080,104.0,8965.8
192.120,103.0,8966.9
192.160,103.0,8968.0
192.200,103.0,8969.2
192.240,103.0,8970.3
192.280,103.0,8971.5
192.320,104.0,8972.6
192.360,104.0,8973.8
192.400,105.0,8974.9
192.440,105.0,8976.1
192.480,105.0,8977.3
192.520,106.0,8978.5
192.560,106.0,8979.6
192.600,108.0,8980.8
192.640,108.0,8982.0
192.680,108.0,8983.2
192.720,110.0,8984.4
192.760,110.0,8985.7
192.800,113.0,8986.9
192.840,113.0,8988.1
192.880,113.0,8989.4
192.920,114.0,8990.7
192.960,114.0,8991.9
193.000,116.0,8993.2
193.040,116.0,8994.5
193.080,116.0,8995.8
193.120,118.0,8997.1
193.160,118.0,8998.4
193.200,119.0,8999.7
193.240,119.0,9001.0
193.280,119.0,9002.4
193.320,122.0,9003.7
193.360,122.0,9005.1
193.400,124.0,9006.4
193.440,124.0,9007.8
193.480,124.0,9009.2
193.520,125.0,9010.6
193.560,125.0,9011.9
193.600,128.0,9013.4
193.640,128.0,9014.8
193.680,128.0,9016.2
193.720,130.0,9017.6
193.760,130.0,9019.1
193.800,131.0,9020.5
193.840,131.0,9022.0
193.880,131.0,9023.4
193.920,133.0,9024.9
193.960,133.0,9026.4
194.000,134.0,9027.9
194.040,134.0,9029.4
194.080,134.0,9030.8
194.120,136.0,9032.3
194.160,136.0,9033.9
194.200,137.0,9035.4
194.240,137.0,9036.9
194.280,137.0,9038.4
194.320,138.0,9039.9
194.360,138.0,9041.5
194.400,140.0,9043.0
194.440,140.0,9044.6
194.480,140.0,9046.1
194.520,141.0,9047.7
194.560,141.0,9049.3
194.600,143.0,9050.8
194.640,143.0,9052.4
194.680,143.0,9054.0
194.720,145.0,9055.6
194.760,145.0,9057.2
194.800,148.0,9058.9
194.840,148.0,9060.5
194.880,148.0,9062.1
194.920,149.0,9063.8
194.960,149.0,9065.4
195.000,152.0,9067.1
195.040,152.0,9068.8
195.080,152.0,9070.5
195.120,153.0,9072.2
195.160,153.0,9073.9
195.200,154.0,9075.6
195.240,154.0,9077.3
195.280,154.0,9079.0
195.320,156.0,9080.7
195.360,156.0,9082.5
195.400,158.0,9084.2
195.440,158.0,9086.0
195.480,158.0,9087.7
195.520,160.0,9089.5
195.560,160.0,9091.3
195.600,162.0,9093.1
195.640,162.0,9094.9
195.680,162.0,9096.7
195.720,165.0,9098.5
195.760,165.0,9100.3
195.800,167.0,9102.2
195.840,167.0,9104.0
195.880,167.0,9105.9
195.920,170.0,9107.7
195.960,170.0,9109.6
196.000,172.0,9111.5
196.040,172.0,9113.4
196.080,172.0,9115.4
196.120,175.0,9117.3
196.160,175.0,9119.2
196.200,177.0,9121.2
196.240,177.0,9123.1
196.280,177.0,9125.1
196.320,179.0,9127.1
196.360,179.0,9129.1
196.400,181.0,9131.1
196.440,181.0,9133.1
196.480,181.0,9135.1
196.520,183.0,9137.1
196.560,183.0,9139.2
196.600,185.0,9141.2
196.640,185.0,9143.3
196.680,185.0,9145.3
196.720,187.0,9147.4
196.760,187.0,9149.5
196.800,188.0,9151.5
196.840,188.0,9153.6
196.880,188.0,9155.7
196.920,190.0,9157.8
196.960,190.0,9159.9
197.000,192.0,9162.1
197.040,192.0,9164.2
197.080,192.0,9166.3
197.120,195.0,9168.5
197.160,195.0,9170.6
197.200,197.0,9172.8
197.240,197.0,9175.0
197.280,197.0,9177.2
197.320,198.0,9179.4
197.360,198.0,9181.6
197.400,201.0,9183.8
197.440,201.0,9186.0
197.480,201.0,9188.3
197.520,203.0,9190.5
197.560,203.0,9192.8
197.600,204.0,9195.0
197.640,204.0,9197.3
197.680,204.0,9199.6
197.720,206.0,9201.8
197.760,206.0,9204.1
197.800,208.0,9206.4
197.840,208.0,9208.7
197.880,208.0,9211.1
197.920,210.0,9213.4
197.960,210.0,9215.7
198.000,212.0,9218.1
198.040,212.0,9220.4
198.080,212.0,9222.8
198.120,212.0,9225.1
198.160,212.0,9227.5
198.200,213.0,9229.8
198.240,213.0,9232.2
198.280,213.0,9234.6
198.320,215.0,9236.9
198.360,215.0,9239.3
198.400,217.0,9241.7
198.440,217.0,9244.1
198.480,217.0,9246.6
198.520,218.0,9249.0
198.560,218.0,9251.4
198.600,220.0,9253.8
198.640,220.0,9256.3
198.680,220.0,9258.7
198.720,221.0,9261.2
198.760,221.0,9263.6
198.800,223.0,9266.1
198.840,223.0,9268.6
198.880,223.0,9271.0
198.920,225.0,9273.5
198.960,225.0,9276.0
199.000,225.0,9278.5
199.040,225.0,9281.0
199.080,225.0,9283.5
199.120,225.0,9286.0
199.160,225.0,9288.5
199.200,224.0,9291.0
199.280,224.0,9296.0
199.320,224.0,9298.5
199.360,224.0,9301.0
199.400,224.0,9303.5
199.480,224.0,9308.5
199.560,223.0,9313.4
199.600,223.0,9315.9
199.640,223.0,9318.4
199.680,223.0,9320.9
199.800,221.0,9328.3
199.840,221.0,9330.7
199.880,221.0,9333.2
199.920,220.0,9335.6
199.960,220.0,9338.1
200.000,219.0,9340.5
200.040,219.0,9342.9
200.080,219.0,9345.4
200.120,219.0,9347.8
200.160,219.0,9350.2
200.200,217.0,9352.7
200.240,217.0,9355.1
200.280,217.0,9357.5
200.320,218.0,9359.9
200.360,218.0,9362.3
200.400,217.0,9364.7
200.440,217.0,9367.1
200.480,217.0,9369.6
200.520,217.0,9372.0
200.560,217.0,9374.4
200.600,217.0,9376.8
200.640,217.0,9379.2
200.680,217.0,9381.6
200.720,217.0,9384.0
200.760,217.0,9386.4
200.800,217.0,9388.8
200.840,217.0,9391.3
200.880,217.0,9393.7
200.920,217.0,9396.1
200.960,217.0,9398.5
201.000,217.0,9400.9
201.040,217.0,9403.3
201.080,217.0,9405.7
201.120,217.0,9408.1
201.160,217.0,9410.5
201.200,217.0,9413.0
201.240,217.0,9415.4
201.280,217.0,9417.8
201.320,217.0,9420.2
201.360,217.0,9422.6
201.400,217.0,9425.0
201.440,217.0,9427.4
201.480,217.0,9429.8
201.520,217.0,9432.2
201.560,217.0,9434.7
201.600,217.0,9437.1
201.640,217.0,9439.5
201.680,217.0,9441.9
201.720,217.0,9444.3
201.760,217.0,9446.7
201.800,218.0,9449.1
201.840,218.0,9451.5
201.880,218.0,9454.0
201.920,218.0,9456.4
201.960,218.0,9458.8
202.000,218.0,9461.2
202.040,218.0,9463.7
202.080,218.0,9466.1
202.120,219.0,9468.5
202.160,219.0,9470.9
202.200,220.0,9473.4
202.240,220.0,9475.8
202.280,220.0,9478.3
202.360,221.0,9483.2
202.600,224.0,9498.0
202.640,224.0,9500.5
202.680,224.0,9503.0
202.760,226.0,9508.0
202.800,227.0,9510.5
202.840,227.0,9513.0
202.880,227.0,9515.5
202.920,228.0,9518.1
202.960,228.0,9520.6
203.000,230.0,9523.1
203.040,230.0,9525.7
203.080,230.0,9528.3
203.320,233.0,9543.7
203.400,235.0,9548.9
203.440,235.0,9551.5
203.480,235.0,9554.1
203.520,236.0,9556.7
203.560,236.0,9559.4
203.600,237.0,9562.0
203.640,237.0,9564.6
203.680,237.0,9567.2
203.720,238.0,9569.9
203.760,238.0,9572.5
203.800,238.0,9575.2
203.840,238.0,9577.8
203.880,238.0,9580.5
203.920,239.0,9583.1
203.960,239.0,9585.8
204.000,241.0,9588.4
204.040,241.0,9591.1
204.080,241.0,9593.8
204.120,242.0,9596.5
204.160,242.0,9599.2
204.200,243.0,9601.9
204.240,243.0,9604.6
204.280,243.0,9607.3
204.320,244.0,9610.0
204.360,244.0,9612.7
204.400,245.0,9615.4
204.440,245.0,9618.1
204.480,245.0,9620.8
204.520,246.0,9623.6
204.560,246.0,9626.3
204.600,246.0,9629.0
204.640,246.0,9631.8
204.680,246.0,9634.5
204.720,247.0,9637.2
204.760,247.0,9640.0
204.800,247.0,9642.7
204.840,247.0,9645.5
204.880,247.0,9648.2
204.920,247.0,9651.0
204.960,247.0,9653.7
205.000,248.0,9656.5
205.040,248.0,9659.2
205.080,248.0,9662.0
205.120,248.0,9664.7
205.160,248.0,9667.5
205.200,248.0,9670.2
205.240,248.0,9673.0
205.280,248.0,9675.7
205.320,248.0,9678.5
205.360,248.0,9681.3
205.400,248.0,9684.0
205.440,248.0,9686.8
205.480,248.0,9689.5
205.520,248.0,9692.3
205.560,248.0,9695.0
205.600,247.0,9697.8
205.640,247.0,9700.5
205.680,247.0,9703.3
205.720,246.0,9706.0
205.760,246.0,9708.7
205.800,245.0,9711.5
205.840,245.0,9714.2
205.880,245.0,9716.9
205.920,244.0,9719.6
205.960,244.0,9722.3
206.000,244.0,9725.1
206.040,244.0,9727.8
206.080,244.0,9730.5
206.120,244.0,9733.2
206.160,244.0,9735.9
206.200,243.0,9738.6
206.240,243.0,9741.3
206.280,243.0,9744.0
206.320,243.0,9746.7
206.360,243.0,9749.4
206.400,243.0,9752.1
206.440,243.0,9754.8
206.480,243.0,9757.5
206.520,244.0,9760.2
206.560,244.0,9762.9
206.600,244.0,9765.6
206.640,244.0,9768.3
206.680,244.0,9771.1
206.720,243.0,9773.8
206.760,243.0,9776.5
206.800,243.0,9779.2
206.840,243.0,9781.9
206.880,243.0,9784.6
206.920,242.0,9787.3
206.960,242.0,9789.9
207.000,242.0,9792.6
207.040,242.0,9795.3
207.080,242.0,9798.0
207.120,241.0,9800.7
207.320,240.0,9814.1
207.360,240.0,9816.7
207.400,240.0,9819.4
207.440,240.0,9822.1
207.480,240.0,9824.7
207.520,239.0,9827.4
207.560,239.0,9830.0
207.600,239.0,9832.7
207.640,239.0,9835.3
207.680,239.0,9838.0
207.720,238.0,9840.7
207.760,238.0,9843.3
207.800,238.0,9845.9
207.840,238.0,9848.6
207.880,238.0,9851.2
207.920,238.0,9853.9
207.960,238.0,9856.5
208.000,238.0,9859.2
208.040,238.0,9861.8
208.080,238.0,9864.5
208.120,239.0,9867.1
208.160,239.0,9869.8
208.200,239.0,9872.4
208.240,239.0,9875.1
208.280,239.0,9877.7
208.320,239.0,9880.4
208.360,239.0,9883.0
208.400,240.0,9885.7
208.440,240.0,9888.4
208.480,240.0,9891.0
208.520,241.0,9893.7
208.560,241.0,9896.4
208.600,242.0,9899.1
208.640,242.0,9901.8
208.680,242.0,9904.4
208.720,243.0,9907.1
208.760,243.0,9909.8
208.800,243.0,9912.5
208.840,243.0,9915.2
208.880,243.0,9917.9
208.920,244.0,9920.6
208.960,244.0,9923.4
209.000,245.0,9926.1
209.040,245.0,9928.8
209.080,245.0,9931.5
209.120,246.0,9934.2
209.160,246.0,9937.0
209.200,247.0,9939.7
209.240,247.0,9942.5
209.280,247.0,9945.2
209.320,248.0,9948.0
209.360,248.0,9950.7
209.400,249.0,9953.5
209.440,249.0,9956.2
209.480,249.0,9959.0
209.520,250.0,9961.8
209.560,250.0,9964.6
209.640,251.0,9970.1
209.680,251.0,9972.9
209.720,252.0,9975.7
209.760,252.0,9978.5
209.800,253.0,9981.3
209.840,253.0,9984.1
209.880,253.0,9986.9
209.920,254.0,9989.7
209.960,254.0,9992.6
210.000,255.0,9995.4
210.040,255.0,9998.2
210.080,255.0,10001.1
210.120,256.0,10003.9
210.160,256.0,10006.7
210.200,258.0,10009.6
210.240,258.0,10012.5
210.280,258.0,10015.3
210.320,259.0,10018.2
210.360,259.0,10021.1
210.400,260.0,10024.0
210.440,260.0,10026.9
210.480,260.0,10029.7
210.520,261.0,10032.6
210.600,262.0,10038.5
210.640,262.0,10041.4
210.680,262.0,10044.3
210.720,263.0,10047.2
210.760,263.0,10050.1
210.800,263.0,10053.0
210.840,263.0,10056.0
210.880,263.0,10058.9
210.920,264.0,10061.8
210.960,264.0,10064.7
211.000,265.0,10067.7
211.040,265.0,10070.6
211.080,265.0,10073.6
211.120,266.0,10076.5
211.160,266.0,10079.5
211.200,267.0,10082.4
211.240,267.0,10085.4
211.280,267.0,10088.4
211.320,267.0,10091.3
211.360,267.0,10094.3
211.400,269.0,10097.3
211.440,269.0,10100.3
211.480,269.0,10103.3
211.520,270.0,10106.2
211.560,270.0,10109.2
211.720,272.0,10121.3
211.760,272.0,10124.3
211.800,273.0,10127.3
211.920,272.0,10136.4
211.960,272.0,10139.5
212.000,274.0,10142.5
212.040,274.0,10145.5
212.080,274.0,10148.6
212.120,275.0,10151.6
212.160,275.0,10154.7
212.200,276.0,10157.7
212.280,276.0,10163.9
212.320,277.0,10166.9
212.400,277.0,10173.1
212.440,277.0,10176.2
212.480,277.0,10179.3
212.520,278.0,10182.3
212.560,278.0,10185.4
212.600,278.0,10188.5
212.640,278.0,10191.6
212.680,278.0,10194.7
212.720,279.0,10197.8
212.760,279.0,10200.9
212.800,280.0,10204.0
212.840,280.0,10207.1
212.880,280.0,10210.2
212.920,281.0,10213.3
213.000,282.0,10219.6
213.040,282.0,10222.7
213.080,282.0,10225.9
213.120,283.0,10229.0
213.160,283.0,10232.1
213.200,284.0,10235.3
213.240,284.0,10238.4
213.280,284.0,10241.6
213.320,284.0,10244.8
213.360,284.0,10247.9
213.400,285.0,10251.1
213.440,285.0,10254.2
213.480,285.0,10257.4
213.520,285.0,10260.6
213.560,285.0,10263.7
213.600,286.0,10266.9
213.640,286.0,10270.1
213.680,286.0,10273.3
213.800,287.0,10282.8
213.840,287.0,10286.0
213.880,287.0,10289.2
213.920,286.0,10292.4
213.960,286.0,10295.6
214.000,285.0,10298.7
214.040,285.0,10301.9
214.080,285.0,10305.1
214.120,284.0,10308.2
214.160,284.0,10311.4
214.200,283.0,10314.5
214.240,283.0,10317.7
214.280,283.0,10320.8
214.320,280.0,10323.9
214.360,280.0,10327.1
214.560,277.0,10342.5
214.600,275.0,10345.6
214.640,275.0,10348.6
214.680,275.0,10351.7
214.720,274.0,10354.8
214.760,274.0,10357.8
214.920,269.0,10369.9
214.960,269.0,10372.9
215.000,267.0,10375.8
215.040,267.0,10378.8
215.080,267.0,10381.8
215.120,265.0,10384.7
215.160,265.0,10387.7
215.200,264.0,10390.6
215.240,264.0,10393.5
215.280,264.0,10396.5
215.320,262.0,10399.4
215.360,262.0,10402.3
215.400,262.0,10405.2
215.440,262.0,10408.1
215.480,262.0,10411.0
215.520,260.0,10413.9
215.560,260.0,10416.8
215.600,260.0,10419.7
215.640,260.0,10422.6
215.680,260.0,10425.5
215.720,259.0,10428.4
215.760,259.0,10431.3
215.800,259.0,10434.1
215.840,259.0,10437.0
215.880,259.0,10439.9
215.920,258.0,10442.8
215.960,258.0,10445.6
216.000,258.0,10448.5
216.040,258.0,10451.4
216.080,258.0,10454.2
216.120,257.0,10457.1
216.160,257.0,10459.9
216.200,257.0,10462.8
216.240,257.0,10465.7
216.280,257.0,10468.5
216.320,257.0,10471.4
216.360,257.0,10474.2
216.400,256.0,10477.1
216.440,256.0,10479.9
216.480,256.0,10482.8
216.520,255.0,10485.6
216.560,255.0,10488.4
216.600,255.0,10491.3
216.640,255.0,10494.1
216.680,255.0,10496.9
216.720,255.0,10499.8
216.760,255.0,10502.6
216.800,254.0,10505.4
216.840,254.0,10508.3
216.880,254.0,10511.1
216.920,254.0,10513.9
216.960,254.0,10516.7
217.000,253.0,10519.5
217.040,253.0,10522.3
217.080,253.0,10525.2
217.120,253.0,10528.0
217.160,253.0,10530.8
217.200,252.0,10533.6
217.240,252.0,10536.4
217.280,252.0,10539.2
217.320,252.0,10542.0
217.360,252.0,10544.8
217.400,253.0,10547.6
217.440,253.0,10550.4
217.480,253.0,10553.2
217.520,254.0,10556.0
217.560,254.0,10558.8
217.600,254.0,10561.7
217.640,254.0,10564.5
217.680,254.0,10567.3
217.720,254.0,10570.1
217.760,254.0,10573.0
217.800,254.0,10575.8
217.840,254.0,10578.6
217.880,254.0,10581.4
217.920,255.0,10584.3
217.960,255.0,10587.1
218.000,256.0,10589.9
218.040,256.0,10592.8
218.080,256.0,10595.6
218.120,257.0,10598.5
218.160,257.0,10601.3
218.200,257.0,10604.2
218.240,257.0,10607.0
218.280,257.0,10609.9
218.320,259.0,10612.8
218.360,259.0,10615.6
218.400,260.0,10618.5
218.440,260.0,10621.4
218.480,260.0,10624.3
218.520,261.0,10627.2
218.560,261.0,10630.1
218.680,261.0,10638.8
218.720,260.0,10641.7
218.760,260.0,10644.6
218.800,259.0,10647.5
218.840,259.0,10650.3
218.880,259.0,10653.2
218.920,259.0,10656.1
218.960,259.0,10659.0
219.000,258.0,10661.8
219.040,258.0,10664.7
219.080,258.0,10667.6
219.120,254.0,10670.4
219.160,254.0,10673.2
219.200,250.0,10676.0
219.240,250.0,10678.8
219.280,250.0,10681.6
219.320,247.0,10684.4
219.360,247.0,10687.1
219.400,242.0,10689.8
219.440,242.0,10692.5
219.480,242.0,10695.2
219.520,237.0,10697.9
219.560,237.0,10700.5
219.600,234.0,10703.1
219.640,234.0,10705.7
219.680,234.0,10708.3
219.720,230.0,10710.9
219.760,230.0,10713.4
219.920,224.0,10723.5
219.960,224.0,10726.0
220.000,219.0,10728.5
220.040,219.0,10730.9
220.080,219.0,10733.3
220.120,214.0,10735.7
220.160,214.0,10738.1
220.200,213.0,10740.5
220.240,213.0,10742.9
220.280,213.0,10745.2
220.320,210.0,10747.6
220.360,210.0,10749.9
220.400,207.0,10752.2
220.440,207.0,10754.5
220.480,207.0,10756.8
220.520,203.0,10759.1
220.560,203.0,10761.4
220.600,200.0,10763.6
220.640,200.0,10765.8
220.680,200.0,10768.1
220.720,198.0,10770.3
220.760,198.0,10772.5
220.800,195.0,10774.6
220.840,195.0,10776.8
220.880,195.0,10779.0
220.920,193.0,10781.1
220.960,193.0,10783.3
221.000,192.0,10785.4
221.040,192.0,10787.5
221.080,192.0,10789.7
221.120,191.0,10791.8
221.160,191.0,10793.9
221.200,189.0,10796.0
221.240,189.0,10798.1
221.280,189.0,10800.2
221.320,187.0,10802.3
221.360,187.0,10804.4
221.400,185.0,10806.5
221.440,185.0,10808.5
221.480,185.0,10810.6
221.520,185.0,10812.6
221.560,185.0,10814.7
221.600,183.0,10816.7
221.640,183.0,10818.8
221.680,183.0,10820.8
221.720,183.0,10822.8
221.760,183.0,10824.9
221.800,183.0,10826.9
221.840,183.0,10828.9
221.880,183.0,10831.0
221.920,182.0,10833.0
221.960,182.0,10835.0
222.000,181.0,10837.0
222.040,181.0,10839.1
222.080,181.0,10841.1
222.120,180.0,10843.1
222.160,180.0,10845.1
222.200,180.0,10847.1
222.240,180.0,10849.1
222.280,180.0,10851.1
222.320,178.0,10853.1
222.360,178.0,10855.0
222.400,177.0,10857.0
222.440,177.0,10859.0
222.480,177.0,10860.9
222.520,178.0,10862.9
222.560,178.0,10864.9
222.600,178.0,10866.9
222.640,178.0,10868.9
222.680,178.0,10870.8
222.720,178.0,10872.8
222.760,178.0,10874.8
222.800,178.0,10876.8
222.840,178.0,10878.7
222.880,178.0,10880.7
222.920,179.0,10882.7
222.960,179.0,10884.7
223.000,180.0,10886.7
223.040,180.0,10888.7
223.080,180.0,10890.7
223.120,180.0,10892.7
223.160,180.0,10894.7
223.200,181.0,10896.7
223.240,181.0,10898.7
223.280,181.0,10900.7
223.320,182.0,10902.7
223.360,182.0,10904.8
223.400,182.0,10906.8
223.440,182.0,10908.8
223.480,182.0,10910.8
223.520,184.0,10912.9
223.560,184.0,10914.9
223.600,184.0,10916.9
223.640,184.0,10919.0
223.680,184.0,10921.0
223.720,186.0,10923.1
223.760,186.0,10925.2
223.800,187.0,10927.2
223.840,187.0,10929.3
223.880,187.0,10931.4
223.920,188.0,10933.5
223.960,188.0,10935.6
224.000,189.0,10937.6
224.040,189.0,10939.7
224.080,189.0,10941.8
224.120,191.0,10944.0
224.160,191.0,10946.1
224.200,192.0,10948.2
224.240,192.0,10950.3
224.280,192.0,10952.5
224.320,193.0,10954.6
224.360,193.0,10956.8
224.400,195.0,10958.9
224.440,195.0,10961.1
224.480,195.0,10963.2
224.520,197.0,10965.4
224.560,197.0,10967.6
224.600,197.0,10969.8
224.640,197.0,10972.0
224.680,197.0,10974.2
224.720,199.0,10976.4
224.760,199.0,10978.6
224.800,200.0,10980.8
224.840,200.0,10983.0
224.880,200.0,10985.3
224.920,200.0,10987.5
224.960,200.0,10989.7
225.000,201.0,10991.9
225.040,201.0,10994.2
225.120,202.0,10998.6
225.160,202.0,11000.9
225.200,203.0,11003.1
225.240,203.0,11005.4
225.280,203.0,11007.6
225.320,205.0,11009.9
225.360,205.0,11012.2
225.400,206.0,11014.5
225.440,206.0,11016.8
225.480,206.0,11019.0
225.520,208.0,11021.3
225.560,208.0,11023.7
225.600,210.0,11026.0
225.640,210.0,11028.3
225.680,210.0,11030.6
225.720,211.0,11033.0
225.760,211.0,11035.3
225.800,213.0,11037.7
225.840,213.0,11040.1
225.880,213.0,11042.4
225.920,215.0,11044.8
225.960,215.0,11047.2
226.000,217.0,11049.6
226.040,217.0,11052.0
226.080,217.0,11054.4
226.120,219.0,11056.8
226.160,219.0,11059.3
226.200,220.0,11061.7
226.240,220.0,11064.1
226.280,220.0,11066.6
226.400,223.0,11074.0
226.440,223.0,11076.5
226.480,223.0,11078.9
226.520,225.0,11081.4
226.560,225.0,11083.9
226.600,226.0,11086.4
226.640,226.0,11088.9
226.680,226.0,11091.4
226.800,228.0,11099.0
226.840,228.0,11101.5
226.880,228.0,11104.1
226.920,228.0,11106.6
226.960,228.0,11109.1
227.000,229.0,11111.7
227.040,229.0,11114.2
227.080,229.0,11116.8
227.120,230.0,11119.3
227.160,230.0,11121.9
227.200,229.0,11124.4
227.240,229.0,11127.0
227.280,229.0,11129.5
227.320,227.0,11132.1
227.520,223.0,11144.6
227.600,220.0,11149.5
227.640,220.0,11151.9
227.680,220.0,11154.4
227.720,218.0,11156.8
227.760,218.0,11159.2
227.800,215.0,11161.6
227.840,215.0,11164.0
227.880,215.0,11166.4
227.920,213.0,11168.8
227.960,213.0,11171.1
228.000,210.0,11173.5
228.040,210.0,11175.8
228.080,210.0,11178.2
228.120,208.0,11180.5
228.160,208.0,11182.8
228.200,206.0,11185.1
228.240,206.0,11187.4
228.280,206.0,11189.7
228.320,205.0,11192.0
228.360,205.0,11194.2
228.400,204.0,11196.5
228.440,204.0,11198.8
228.480,204.0,11201.0
228.520,201.0,11203.3
228.560,201.0,11205.5
228.600,200.0,11207.8
228.640,200.0,11210.0
228.680,200.0,11212.2
228.720,198.0,11214.4
228.760,198.0,11216.6
228.800,195.0,11218.8
228.840,195.0,11221.0
228.880,195.0,11223.1
228.920,192.0,11225.3
228.960,192.0,11227.4
229.000,191.0,11229.5
229.040,191.0,11231.7
229.080,191.0,11233.8
229.120,189.0,11235.9
229.160,189.0,11238.0
229.200,188.0,11240.1
229.240,188.0,11242.2
229.280,188.0,11244.3
229.320,187.0,11246.3
229.360,187.0,11248.4
229.400,186.0,11250.5
229.440,186.0,11252.6
229.480,186.0,11254.6
229.520,186.0,11256.7
229.560,186.0,11258.8
229.600,186.0,11260.8
229.640,186.0,11262.9
229.680,186.0,11265.0
229.720,185.0,11267.0
229.760,185.0,11269.1
229.800,185.0,11271.1
229.840,185.0,11273.2
229.880,185.0,11275.2
229.920,184.0,11277.3
229.960,184.0,11279.3
230.000,184.0,11281.4
230.040,184.0,11283.4
230.080,184.0,11285.5
230.120,185.0,11287.5
230.160,185.0,11289.6
230.200,186.0,11291.6
230.240,186.0,11293.7
230.280,186.0,11295.8
230.320,186.0,11297.8
230.360,186.0,11299.9
230.400,187.0,11302.0
230.440,187.0,11304.1
230.480,187.0,11306.1
230.520,188.0,11308.2
230.560,188.0,11310.3
230.600,189.0,11312.4
230.640,189.0,11314.5
230.680,189.0,11316.6
230.720,191.0,11318.7
230.760,191.0,11320.8
230.800,193.0,11323.0
230.840,193.0,11325.1
230.880,193.0,11327.3
230.920,195.0,11329.4
230.960,195.0,11331.6
231.000,196.0,11333.8
231.040,196.0,11335.9
231.080,196.0,11338.1
231.120,198.0,11340.3
231.160,198.0,11342.5
231.200,199.0,11344.7
231.240,199.0,11346.9
231.280,199.0,11349.1
231.320,201.0,11351.3
231.360,201.0,11353.6
231.400,203.0,11355.8
231.440,203.0,11358.1
231.480,203.0,11360.3
231.520,204.0,11362.6
231.560,204.0,11364.9
231.600,205.0,11367.1
231.640,205.0,11369.4
231.680,205.0,11371.7
231.720,207.0,11374.0
231.760,207.0,11376.3
231.800,207.0,11378.6
231.840,207.0,11380.9
231.880,207.0,11383.2
231.920,210.0,11385.5
231.960,210.0,11387.8
232.000,211.0,11390.2
232.040,211.0,11392.5
232.080,211.0,11394.9
232.120,212.0,11397.2
232.160,212.0,11399.6
232.200,214.0,11401.9
232.240,214.0,11404.3
232.280,214.0,11406.7
232.320,215.0,11409.1
232.360,215.0,11411.5
232.400,217.0,11413.9
232.440,217.0,11416.3
232.480,217.0,11418.7
232.520,217.0,11421.1
232.560,217.0,11423.5
232.600,215.0,11425.9
232.640,215.0,11428.3
232.680,215.0,11430.7
232.720,211.0,11433.0
232.760,211.0,11435.4
232.800,208.0,11437.7
232.840,208.0,11440.0
232.880,208.0,11442.3
232.920,204.0,11444.6
232.960,204.0,11446.9
233.000,202.0,11449.2
233.040,202.0,11451.4
233.080,202.0,11453.6
233.120,198.0,11455.9
233.160,198.0,11458.1
233.200,194.0,11460.2
233.240,194.0,11462.4
233.280,194.0,11464.6
233.320,191.0,11466.7
233.360,191.0,11468.8
233.400,188.0,11470.9
233.440,188.0,11473.0
233.480,188.0,11475.1
233.520,185.0,11477.2
233.560,185.0,11479.2
233.600,181.0,11481.3
233.640,181.0,11483.3
233.680,181.0,11485.3
233.720,178.0,11487.3
233.760,178.0,11489.3
233.800,175.0,11491.2
233.840,175.0,11493.2
233.880,175.0,11495.1
233.920,172.0,11497.0
233.960,172.0,11498.9
234.000,169.0,11500.8
234.040,169.0,11502.7
234.080,169.0,11504.6
234.120,165.0,11506.4
234.160,165.0,11508.3
234.200,162.0,11510.1
234.240,162.0,11511.9
234.280,162.0,11513.7
234.320,158.0,11515.5
234.360,158.0,11517.2
234.400,154.0,11519.0
234.440,154.0,11520.7
234.480,154.0,11522.4
234.520,151.0,11524.1
234.560,151.0,11525.8
234.600,146.0,11527.4
234.640,146.0,11529.0
234.680,146.0,11530.7
234.720,143.0,11532.3
234.760,143.0,11533.8
234.800,140.0,11535.4
234.840,140.0,11537.0
234.880,140.0,11538.5
234.920,136.0,11540.1
234.960,136.0,11541.6
235.000,133.0,11543.1
235.040,133.0,11544.5
235.080,133.0,11546.0
235.120,130.0,11547.5
235.160,130.0,11548.9
235.200,126.0,11550.4
235.240,126.0,11551.8
235.280,126.0,11553.2
235.320,123.0,11554.5
235.360,123.0,11555.9
235.400,119.0,11557.2
235.440,119.0,11558.6
235.480,119.0,11559.9
235.520,115.0,11561.2
235.560,115.0,11562.5
235.600,112.0,11563.7
235.640,112.0,11565.0
235.680,112.0,11566.2
235.720,108.0,11567.4
235.760,108.0,11568.6
235.800,105.0,11569.8
235.840,105.0,11571.0
235.880,105.0,11572.2
235.920,103.0,11573.3
235.960,103.0,11574.5
236.000,100.0,11575.6
236.040,100.0,11576.7
236.080,100.0,11577.8
236.120,99.0,11578.9
236.160,99.0,11580.0
236.200,97.0,11581.1
236.240,97.0,11582.2
236.280,97.0,11583.3
236.320,95.0,11584.3
236.360,95.0,11585.4
236.400,93.0,11586.4
236.440,93.0,11587.5
236.480,93.0,11588.5
236.520,91.0,11589.5
236.560,91.0,11590.5
236.600,89.0,11591.5
236.640,89.0,11592.5
236.680,89.0,11593.5
236.720,87.0,11594.5
236.760,87.0,11595.4
236.800,86.0,11596.4
236.840,86.0,11597.4
236.880,86.0,11598.3
236.920,85.0,11599.3
236.960,85.0,11600.2
237.000,84.0,11601.2
237.040,84.0,11602.1
237.080,84.0,11603.0
237.120,83.0,11603.9
237.160,83.0,11604.9
237.200,82.0,11605.8
237.240,82.0,11606.7
237.280,82.0,11607.6
237.320,81.0,11608.5
237.360,81.0,11609.4
237.400,80.0,11610.3
237.440,80.0,11611.2
237.480,80.0,11612.1
237.520,79.0,11613.0
237.560,79.0,11613.8
237.600,78.0,11614.7
237.640,78.0,11615.6
237.680,78.0,11616.5
237.720,78.0,11617.3
237.760,78.0,11618.2
237.800,79.0,11619.1
237.840,79.0,11619.9
237.880,79.0,11620.8
237.920,80.0,11621.7
237.960,80.0,11622.6
238.000,81.0,11623.5
238.040,81.0,11624.4
238.080,81.0,11625.3
238.120,83.0,11626.2
238.160,83.0,11627.1
238.200,83.0,11628.0
238.240,83.0,11629.0
238.280,83.0,11629.9
238.320,84.0,11630.8
238.360,84.0,11631.7
238.400,85.0,11632.7
238.440,85.0,11633.6
238.480,85.0,11634.6
238.520,87.0,11635.5
238.560,87.0,11636.5
238.600,88.0,11637.5
238.640,88.0,11638.4
238.680,88.0,11639.4
238.720,89.0,11640.4
238.760,89.0,11641.4
238.800,91.0,11642.4
238.840,91.0,11643.4
238.880,91.0,11644.4
238.920,93.0,11645.4
238.960,93.0,11646.5
239.000,94.0,11647.5
239.040,94.0,11648.6
239.080,94.0,11649.6
239.120,96.0,11650.7
239.160,96.0,11651.7
239.200,99.0,11652.8
239.240,99.0,11653.9
239.280,99.0,11655.0
239.320,101.0,11656.1
239.360,101.0,11657.2
239.400,103.0,11658.4
239.440,103.0,11659.5
239.480,103.0,11660.7
239.520,105.0,11661.8
239.560,105.0,11663.0
239.600,107.0,11664.2
239.640,107.0,11665.3
239.680,107.0,11666.5
239.720,110.0,11667.7
239.760,110.0,11669.0
239.800,112.0,11670.2
239.840,112.0,11671.4
239.880,112.0,11672.7
239.920,114.0,11673.9
239.960,114.0,11675.2
240.000,116.0,11676.5
240.040,116.0,11677.8
240.080,116.0,11679.1
240.120,118.0,11680.4
240.160,118.0,11681.7
240.200,120.0,11683.0
240.240,120.0,11684.3
240.280,120.0,11685.7
240.320,122.0,11687.0
240.360,122.0,11688.4
240.400,124.0,11689.7
240.440,124.0,11691.1
240.480,124.0,11692.5
240.520,126.0,11693.9
240.560,126.0,11695.3
240.600,129.0,11696.7
240.640,129.0,11698.1
240.680,129.0,11699.6
240.720,131.0,11701.0
240.760,131.0,11702.5
240.800,133.0,11703.9
240.840,133.0,11705.4
240.880,133.0,11706.9
240.920,135.0,11708.4
240.960,135.0,11709.9
241.000,137.0,11711.4
241.040,137.0,11712.9
241.080,137.0,11714.4
241.120,139.0,11716.0
241.160,139.0,11717.5
241.200,142.0,11719.1
241.240,142.0,11720.6
241.280,142.0,11722.2
241.320,144.0,11723.8
241.360,144.0,11725.4
241.400,146.0,11727.0
241.440,146.0,11728.6
241.480,146.0,11730.3
241.520,148.0,11731.9
241.560,148.0,11733.5
241.600,150.0,11735.2
241.640,150.0,11736.9
241.680,150.0,11738.5
241.720,153.0,11740.2
241.760,153.0,11741.9
241.800,155.0,11743.6
241.840,155.0,11745.3
241.880,155.0,11747.1
241.920,158.0,11748.8
241.960,158.0,11750.6
242.000,159.0,11752.3
242.040,159.0,11754.1
242.080,159.0,11755.9
242.120,162.0,11757.6
242.160,162.0,11759.4
242.200,164.0,11761.3
242.240,164.0,11763.1
242.280,164.0,11764.9
242.320,166.0,11766.7
242.360,166.0,11768.6
242.400,169.0,11770.4
242.440,169.0,11772.3
242.480,169.0,11774.2
242.520,171.0,11776.1
242.560,171.0,11778.0
242.600,173.0,11779.9
242.640,173.0,11781.8
242.680,173.0,11783.7
242.720,174.0,11785.7
242.760,174.0,11787.6
242.800,174.0,11789.5
242.840,174.0,11791.5
242.880,174.0,11793.4
242.920,175.0,11795.3
242.960,175.0,11797.3
243.000,177.0,11799.2
243.040,177.0,11801.2
243.080,177.0,11803.2
243.120,179.0,11805.1
243.160,179.0,11807.1
243.200,178.0,11809.1
243.240,178.0,11811.1
243.280,178.0,11813.1
243.320,180.0,11815.1
243.360,180.0,11817.1
243.400,181.0,11819.1
243.440,181.0,11821.1
243.480,181.0,11823.1
243.520,183.0,11825.1
243.560,183.0,11827.1
243.600,185.0,11829.2
243.640,185.0,11831.2
243.680,185.0,11833.3
243.720,187.0,11835.4
243.760,187.0,11837.4
243.800,188.0,11839.5
243.840,188.0,11841.6
243.880,188.0,11843.7
243.920,190.0,11845.8
243.960,190.0,11847.9
244.000,192.0,11850.0
244.040,192.0,11852.2
244.080,192.0,11854.3
244.120,194.0,11856.5
244.160,194.0,11858.6
244.200,196.0,11860.8
244.240,196.0,11863.0
244.280,196.0,11865.1
244.320,197.0,11867.3
244.360,197.0,11869.5
244.400,197.0,11871.7
244.440,197.0,11873.9
244.480,197.0,11876.1
244.520,194.0,11878.2
244.560,194.0,11880.4
244.600,190.0,11882.5
244.640,190.0,11884.6
244.680,190.0,11886.8
244.720,188.0,11888.9
244.760,188.0,11890.9
244.800,184.0,11893.0
244.840,184.0,11895.1
244.880,184.0,11897.1
244.920,181.0,11899.1
244.960,181.0,11901.1
245.000,177.0,11903.1
245.040,177.0,11905.1
245.080,177.0,11907.1
245.120,174.0,11909.0
245.160,174.0,11910.9
245.200,171.0,11912.9
245.240,171.0,11914.8
245.280,171.0,11916.7
245.320,168.0,11918.5
245.360,168.0,11920.4
245.400,164.0,11922.3
245.440,164.0,11924.1
245.480,164.0,11925.9
245.520,161.0,11927.7
245.560,161.0,11929.5
245.600,157.0,11931.3
245.640,157.0,11933.0
245.680,157.0,11934.7
245.720,152.0,11936.5
245.760,152.0,11938.1
245.800,148.0,11939.8
245.840,148.0,11941.5
245.880,148.0,11943.1
245.920,144.0,11944.7
245.960,144.0,11946.3
246.000,140.0,11947.9
246.040,140.0,11949.5
246.080,140.0,11951.0
246.120,136.0,11952.5
246.160,136.0,11954.1
246.200,132.0,11955.5
246.240,132.0,11957.0
246.280,132.0,11958.5
246.320,128.0,11959.9
246.360,128.0,11961.4
246.400,124.0,11962.8
246.440,124.0,11964.1
246.480,124.0,11965.5
246.520,120.0,11966.9
246.560,120.0,11968.2
246.600,116.0,11969.5
246.640,116.0,11970.8
246.680,116.0,11972.1
246.720,113.0,11973.4
246.760,113.0,11974.6
246.800,110.0,11975.9
246.840,110.0,11977.1
246.880,110.0,11978.3
246.920,107.0,11979.5
246.960,107.0,11980.7
247.000,104.0,11981.9
247.040,104.0,11983.0
247.080,104.0,11984.2
247.120,102.0,11985.3
247.160,102.0,11986.5
247.200,98.0,11987.6
247.240,98.0,11988.7
247.280,98.0,11989.7
247.320,97.0,11990.8
247.360,97.0,11991.9
247.400,96.0,11993.0
247.440,96.0,11994.0
247.480,96.0,11995.1
247.520,94.0,11996.2
247.560,94.0,11997.2
247.600,92.0,11998.2
247.640,92.0,11999.3
247.680,92.0,12000.3
247.720,92.0,12001.3
247.760,92.0,12002.3
247.800,91.0,12003.3
247.840,91.0,12004.4
247.880,91.0,12005.4
247.920,90.0,12006.4
247.960,90.0,12007.4
248.000,90.0,12008.4
248.040,90.0,12009.4
248.080,90.0,12010.4
248.120,89.0,12011.4
248.160,89.0,12012.4
248.200,88.0,12013.3
248.240,88.0,12014.3
248.280,88.0,12015.3
248.320,88.0,12016.3
248.360,88.0,12017.3
248.400,87.0,12018.2
248.440,87.0,12019.2
248.480,87.0,12020.2
248.520,86.0,12021.1
248.560,86.0,12022.1
248.600,86.0,12023.0
248.640,86.0,12024.0
248.680,86.0,12024.9
248.720,85.0,12025.9
248.760,85.0,12026.8
248.800,86.0,12027.8
248.840,86.0,12028.7
248.880,86.0,12029.7
248.920,85.0,12030.6
248.960,85.0,12031.6
249.000,86.0,12032.5
249.040,86.0,12033.5
249.080,86.0,12034.5
249.120,85.0,12035.4
249.160,85.0,12036.3
249.200,87.0,12037.3
249.240,87.0,12038.3
249.280,87.0,12039.2
249.320,86.0,12040.2
249.360,86.0,12041.2
249.400,85.0,12042.1
249.440,85.0,12043.0
249.480,85.0,12044.0
249.520,86.0,12044.9
249.560,86.0,12045.9
249.600,85.0,12046.8
249.640,85.0,12047.8
249.680,85.0,12048.7
249.720,85.0,12049.7
249.760,85.0,12050.6
249.800,86.0,12051.6
249.840,86.0,12052.5
249.880,86.0,12053.5
249.920,85.0,12054.4
249.960,85.0,12055.4
250.000,86.0,12056.3
250.040,86.0,12057.3
250.080,86.0,12058.2
250.120,86.0,12059.2
250.160,86.0,12060.2
250.200,86.0,12061.1
250.240,86.0,12062.1
250.280,86.0,12063.0
250.320,86.0,12064.0
250.360,86.0,12064.9
250.400,87.0,12065.9
250.440,87.0,12066.9
250.480,87.0,12067.8
250.520,86.0,12068.8
250.560,86.0,12069.7
250.600,86.0,12070.7
250.640,86.0,12071.7
250.680,86.0,12072.6
250.720,86.0,12073.6
250.760,86.0,12074.5
250.800,86.0,12075.5
250.840,86.0,12076.4
250.880,86.0,12077.4
250.920,87.0,12078.3
250.960,87.0,12079.3
251.000,86.0,12080.3
251.040,86.0,12081.2
251.080,86.0,12082.2
251.120,87.0,12083.1
251.160,87.0,12084.1
251.200,88.0,12085.1
251.240,88.0,12086.1
251.280,88.0,12087.0
251.320,88.0,12088.0
251.360,88.0,12089.0
251.400,88.0,12090.0
251.440,88.0,12091.0
251.480,88.0,12091.9
251.520,88.0,12092.9
251.560,88.0,12093.9
251.600,90.0,12094.9
251.640,90.0,12095.9
251.680,90.0,12096.9
251.720,90.0,12097.9
251.760,90.0,12098.9
251.800,92.0,12099.9
251.840,92.0,12100.9
251.880,92.0,12101.9
251.920,95.0,12103.0
251.960,95.0,12104.0
252.000,96.0,12105.1
252.040,96.0,12106.2
252.080,96.0,12107.2
252.120,100.0,12108.3
252.160,100.0,12109.4
252.200,102.0,12110.5
252.240,102.0,12111.7
252.280,102.0,12112.8
252.320,102.0,12113.9
252.360,102.0,12115.1
252.400,105.0,12116.2
252.440,105.0,12117.4
252.480,105.0,12118.6
252.520,108.0,12119.7
252.560,108.0,12120.9
252.600,109.0,12122.1
252.640,109.0,12123.4
252.680,109.0,12124.6
252.720,111.0,12125.8
252.760,111.0,12127.0
252.800,114.0,12128.3
252.840,114.0,12129.5
252.880,114.0,12130.8
252.920,117.0,12132.1
252.960,117.0,12133.4
253.000,119.0,12134.7
253.040,119.0,12136.0
253.080,119.0,12137.3
253.120,121.0,12138.7
253.160,121.0,12140.0
253.200,123.0,12141.4
253.240,123.0,12142.7
253.280,123.0,12144.1
253.320,126.0,12145.5
253.360,126.0,12146.9
253.400,128.0,12148.3
253.440,128.0,12149.7
253.480,128.0,12151.2
253.520,129.0,12152.6
253.560,129.0,12154.0
253.600,131.0,12155.5
253.640,131.0,12156.9
253.680,131.0,12158.4
253.720,133.0,12159.8
253.760,133.0,12161.3
253.800,135.0,12162.8
253.840,135.0,12164.3
253.880,135.0,12165.8
253.920,137.0,12167.3
253.960,137.0,12168.8
254.000,139.0,12170.4
254.040,139.0,12171.9
254.080,139.0,12173.5
254.120,141.0,12175.0
254.160,141.0,12176.6
254.200,143.0,12178.2
254.240,143.0,12179.7
254.280,143.0,12181.3
254.320,144.0,12182.9
254.360,144.0,12184.5
254.400,146.0,12186.1
254.440,146.0,12187.8
254.480,146.0,12189.4
254.520,148.0,12191.0
254.560,148.0,12192.7
254.600,150.0,12194.3
254.640,150.0,12196.0
254.680,150.0,12197.7
254.720,152.0,12199.3
254.760,152.0,12201.0
254.800,154.0,12202.7
254.840,154.0,12204.4
254.880,154.0,12206.1
254.920,156.0,12207.9
254.960,156.0,12209.6
255.000,157.0,12211.3
255.040,157.0,12213.1
255.080,157.0,12214.8
255.120,159.0,12216.6
255.160,159.0,12218.3
255.200,161.0,12220.1
255.240,161.0,12221.9
255.280,161.0,12223.7
255.320,163.0,12225.5
255.360,163.0,12227.3
255.400,164.0,12229.1
255.440,164.0,12231.0
255.480,164.0,12232.8
255.520,165.0,12234.6
255.560,165.0,12236.4
255.600,167.0,12238.3
255.640,167.0,12240.1
255.680,167.0,12242.0
255.720,168.0,12243.9
255.760,168.0,12245.7
255.800,170.0,12247.6
255.840,170.0,12249.5
255.880,170.0,12251.4
255.920,171.0,12253.3
255.960,171.0,12255.2
256.000,172.0,12257.1
256.040,172.0,12259.0
256.080,172.0,12260.9
256.120,174.0,12262.8
256.160,174.0,12264.8
256.200,175.0,12266.7
256.240,175.0,12268.6
256.280,175.0,12270.6
256.320,177.0,12272.5
256.360,177.0,12274.5
256.400,178.0,12276.5
256.440,178.0,12278.5
256.480,178.0,12280.4
256.520,179.0,12282.4
256.560,179.0,12284.4
256.600,181.0,12286.4
256.640,181.0,12288.4
256.680,181.0,12290.4
256.720,183.0,12292.4
256.760,183.0,12294.5
256.800,184.0,12296.5
256.840,184.0,12298.6
256.880,184.0,12300.6
256.920,186.0,12302.7
256.960,186.0,12304.7
257.000,188.0,12306.8
257.040,188.0,12308.9
257.080,188.0,12311.0
257.120,189.0,12313.1
257.160,189.0,12315.2
257.200,191.0,12317.3
257.240,191.0,12319.4
257.280,191.0,12321.5
257.320,192.0,12323.7
257.360,192.0,12325.8
257.400,194.0,12327.9
257.440,194.0,12330.1
257.480,194.0,12332.3
257.520,195.0,12334.4
257.560,195.0,12336.6
257.600,197.0,12338.8
257.640,197.0,12340.9
257.680,197.0,12343.1
257.720,198.0,12345.3
257.760,198.0,12347.5
257.800,200.0,12349.7
257.840,200.0,12352.0
257.880,200.0,12354.2
257.920,202.0,12356.4
257.960,202.0,12358.7
258.000,204.0,12360.9
258.040,204.0,12363.2
258.080,204.0,12365.5
258.120,205.0,12367.7
258.160,205.0,12370.0
258.200,207.0,12372.3
258.240,207.0,12374.6
258.280,207.0,12376.9
258.320,208.0,12379.2
258.360,208.0,12381.5
258.400,210.0,12383.8
258.440,210.0,12386.2
258.480,210.0,12388.5
258.520,212.0,12390.8
258.560,212.0,12393.2
258.600,212.0,12395.6
258.640,212.0,12397.9
258.680,212.0,12400.3
258.720,212.0,12402.6
258.760,212.0,12405.0
258.800,211.0,12407.3
258.840,211.0,12409.7
258.880,211.0,12412.0
258.920,211.0,12414.4
258.960,211.0,12416.7
259.000,209.0,12419.0
259.040,209.0,12421.4
259.080,209.0,12423.7
259.120,207.0,12426.0
259.160,207.0,12428.3
259.200,205.0,12430.6
259.240,205.0,12432.9
259.280,205.0,12435.1
259.320,203.0,12437.4
259.360,203.0,12439.7
259.400,201.0,12441.9
259.440,201.0,12444.1
259.480,201.0,12446.4
259.520,198.0,12448.6
259.560,198.0,12450.8
259.600,196.0,12453.0
259.640,196.0,12455.2
259.680,196.0,12457.3
259.720,193.0,12459.5
259.760,193.0,12461.6
259.800,191.0,12463.8
259.840,191.0,12465.9
259.880,191.0,12468.0
259.920,189.0,12470.1
259.960,189.0,12472.2
260.000,188.0,12474.3
260.040,188.0,12476.4
260.080,188.0,12478.5
260.120,187.0,12480.6
260.160,187.0,12482.7
260.200,186.0,12484.7
260.240,186.0,12486.8
260.280,186.0,12488.9
260.320,185.0,12490.9
260.360,185.0,12493.0
260.400,184.0,12495.0
260.440,184.0,12497.1
260.480,184.0,12499.1
260.520,183.0,12501.2
260.560,183.0,12503.2
260.600,183.0,12505.2
260.640,183.0,12507.3
260.680,183.0,12509.3
260.720,181.0,12511.3
260.760,181.0,12513.3
260.800,180.0,12515.3
260.840,180.0,12517.3
260.880,180.0,12519.3
260.920,179.0,12521.3
260.960,179.0,12523.3
261.000,178.0,12525.3
261.040,178.0,12527.3
261.080,178.0,12529.3
261.120,176.0,12531.2
261.160,176.0,12533.2
261.200,176.0,12535.1
261.240,176.0,12537.1
261.280,176.0,12539.0
261.320,175.0,12541.0
261.360,175.0,12542.9
261.400,176.0,12544.9
261.440,176.0,12546.8
261.480,176.0,12548.8
261.520,176.0,12550.8
261.560,176.0,12552.7
261.600,176.0,12554.7
261.640,176.0,12556.6
261.680,176.0,12558.6
261.720,176.0,12560.5
261.760,176.0,12562.5
261.800,177.0,12564.4
261.840,177.0,12566.4
261.880,177.0,12568.4
261.920,178.0,12570.4
261.960,178.0,12572.3
262.000,177.0,12574.3
262.040,177.0,12576.3
262.080,177.0,12578.2
262.120,177.0,12580.2
262.160,177.0,12582.2
262.200,178.0,12584.1
262.240,178.0,12586.1
262.280,178.0,12588.1
262.320,179.0,12590.1
262.360,179.0,12592.1
262.400,179.0,12594.1
262.440,179.0,12596.0
262.480,179.0,12598.0
262.520,181.0,12600.0
262.560,181.0,12602.0
262.600,181.0,12604.1
262.640,181.0,12606.1
262.680,181.0,12608.1
262.720,182.0,12610.1
262.760,182.0,12612.1
262.800,184.0,12614.2
262.840,184.0,12616.2
262.880,184.0,12618.2
262.920,185.0,12620.3
262.960,185.0,12622.3
263.000,186.0,12624.4
263.040,186.0,12626.5
263.080,186.0,12628.5
263.120,187.0,12630.6
263.160,187.0,12632.7
263.200,189.0,12634.8
263.240,189.0,12636.9
263.280,189.0,12639.0
263.320,190.0,12641.1
263.360,190.0,12643.2
263.400,192.0,12645.3
263.440,192.0,12647.5
263.480,192.0,12649.6
263.520,193.0,12651.7
263.560,193.0,12653.9
263.600,193.0,12656.0
263.640,193.0,12658.2
263.680,193.0,12660.3
263.720,190.0,12662.4
263.760,190.0,12664.5
263.800,186.0,12666.6
263.840,186.0,12668.7
263.880,186.0,12670.8
263.920,182.0,12672.8
263.960,182.0,12674.8
264.000,178.0,12676.8
264.040,178.0,12678.8
264.080,178.0,12680.8
264.120,174.0,12682.7
264.160,174.0,12684.7
264.200,171.0,12686.6
264.240,171.0,12688.5
264.280,171.0,12690.4
264.320,167.0,12692.3
264.360,167.0,12694.1
264.400,165.0,12696.0
264.440,165.0,12697.8
264.480,165.0,12699.6
264.520,163.0,12701.5
264.560,163.0,12703.3
264.600,160.0,12705.1
264.640,160.0,12706.8
264.680,160.0,12708.6
264.720,157.0,12710.4
264.760,157.0,12712.1
264.800,155.0,12713.9
264.840,155.0,12715.6
264.880,155.0,12717.3
264.920,153.0,12719.0
264.960,153.0,12720.7
265.000,151.0,12722.4
265.040,151.0,12724.1
265.080,151.0,12725.8
265.120,149.0,12727.4
265.160,149.0,12729.1
265.200,148.0,12730.7
265.240,148.0,12732.4
265.280,148.0,12734.0
265.320,147.0,12735.7
265.360,147.0,12737.3
265.400,146.0,12738.9
265.440,146.0,12740.5
265.480,146.0,12742.2
265.520,146.0,12743.8
265.560,146.0,12745.4
265.600,146.0,12747.0
265.640,146.0,12748.7
265.680,146.0,12750.3
265.720,146.0,12751.9
265.760,146.0,12753.5
265.800,146.0,12755.1
265.840,146.0,12756.8
265.880,146.0,12758.4
265.920,145.0,12760.0
265.960,145.0,12761.6
266.000,144.0,12763.2
266.040,144.0,12764.8
266.080,144.0,12766.4
266.120,143.0,12768.0
266.160,143.0,12769.6
266.200,141.0,12771.2
266.240,141.0,12772.7
266.280,141.0,12774.3
266.320,140.0,12775.9
266.360,140.0,12777.4
266.400,139.0,12779.0
266.440,139.0,12780.5
266.480,139.0,12782.1
266.520,138.0,12783.6
266.560,138.0,12785.1
266.600,138.0,12786.7
266.640,138.0,12788.2
266.680,138.0,12789.7
266.720,138.0,12791.3
266.760,138.0,12792.8
266.800,137.0,12794.3
266.840,137.0,12795.9
266.880,137.0,12797.4
266.920,139.0,12798.9
266.960,139.0,12800.5
267.000,140.0,12802.0
267.040,140.0,12803.6
267.080,140.0,12805.1
267.120,140.0,12806.7
267.160,140.0,12808.2
267.200,142.0,12809.8
267.240,142.0,12811.4
267.280,142.0,12813.0
267.320,143.0,12814.5
267.360,143.0,12816.1
267.400,144.0,12817.7
267.440,144.0,12819.3
267.480,144.0,12820.9
267.520,143.0,12822.5
267.560,143.0,12824.1
267.600,142.0,12825.7
267.640,142.0,12827.3
267.680,142.0,12828.8
267.720,141.0,12830.4
267.760,141.0,12832.0
267.800,140.0,12833.5
267.840,140.0,12835.1
267.880,140.0,12836.7
267.920,138.0,12838.2
267.960,138.0,12839.7
268.000,137.0,12841.3
268.040,137.0,12842.8
268.080,137.0,12844.3
268.120,135.0,12845.8
268.160,135.0,12847.3
268.200,134.0,12848.8
268.240,134.0,12850.3
268.280,134.0,12851.8
268.320,133.0,12853.3
268.360,133.0,12854.7
268.400,132.0,12856.2
268.440,132.0,12857.7
268.480,132.0,12859.2
268.520,131.0,12860.6
268.560,131.0,12862.1
268.600,130.0,12863.5
268.640,130.0,12865.0
268.680,130.0,12866.4
268.720,130.0,12867.9
268.760,130.0,12869.3
268.800,131.0,12870.7
268.840,131.0,12872.2
268.880,131.0,12873.7
268.920,131.0,12875.1
268.960,131.0,12876.6
269.000,131.0,12878.0
269.040,131.0,12879.5
269.080,131.0,12880.9
269.120,132.0,12882.4
269.160,132.0,12883.9
269.200,133.0,12885.3
269.240,133.0,12886.8
269.280,133.0,12888.3
269.320,134.0,12889.8
269.360,134.0,12891.3
269.400,136.0,12892.8
269.440,136.0,12894.3
269.480,136.0,12895.8
269.520,137.0,12897.3
269.560,137.0,12898.8
269.600,138.0,12900.4
269.640,138.0,12901.9
269.680,138.0,12903.4
269.720,139.0,12905.0
269.760,139.0,12906.5
269.800,139.0,12908.0
269.840,139.0,12909.6
269.880,139.0,12911.1
269.920,141.0,12912.7
269.960,141.0,12914.3
270.000,143.0,12915.8
270.040,143.0,12917.4
270.080,143.0,12919.0
270.120,145.0,12920.6
270.160,145.0,12922.2
270.200,147.0,12923.8
270.240,147.0,12925.5
270.280,147.0,12927.1
270.320,149.0,12928.8
270.360,149.0,12930.4
270.400,150.0,12932.1
270.440,150.0,12933.7
270.480,150.0,12935.4
270.520,147.0,12937.1
270.560,147.0,12938.7
270.600,144.0,12940.3
270.640,144.0,12941.9
270.680,144.0,12943.5
270.720,141.0,12945.1
270.760,141.0,12946.7
270.800,139.0,12948.2
270.840,139.0,12949.8
270.880,139.0,12951.3
270.920,137.0,12952.8
270.960,137.0,12954.4
271.000,133.0,12955.9
271.040,133.0,12957.3
271.080,133.0,12958.8
271.120,130.0,12960.3
271.160,130.0,12961.7
271.200,127.0,12963.1
271.240,127.0,12964.6
271.280,127.0,12966.0
271.320,126.0,12967.4
271.360,126.0,12968.8
271.400,125.0,12970.2
271.440,125.0,12971.6
271.480,125.0,12972.9
271.520,122.0,12974.3
271.560,122.0,12975.7
271.600,120.0,12977.0
271.640,120.0,12978.4
271.680,120.0,12979.7
271.720,118.0,12981.0
271.760,118.0,12982.3
271.800,117.0,12983.6
271.840,117.0,12984.9
271.880,117.0,12986.2
271.920,115.0,12987.5
271.960,115.0,12988.8
272.000,115.0,12990.1
272.040,115.0,12991.3
272.080,115.0,12992.6
272.120,114.0,12993.9
272.160,114.0,12995.2
272.200,114.0,12996.4
272.240,114.0,12997.7
272.280,114.0,12999.0
272.320,113.0,13000.2
272.360,113.0,13001.5
272.400,113.0,13002.7
272.440,113.0,13004.0
272.480,113.0,13005.2
272.520,112.0,13006.5
272.560,112.0,13007.7
272.600,111.0,13009.0
272.640,111.0,13010.2
272.680,111.0,13011.4
272.720,111.0,13012.7
272.760,111.0,13013.9
272.800,110.0,13015.1
272.840,110.0,13016.4
272.880,110.0,13017.6
272.920,110.0,13018.8
272.960,110.0,13020.0
273.000,110.0,13021.3
273.040,110.0,13022.5
273.080,110.0,13023.7
273.120,110.0,13024.9
273.160,110.0,13026.1
273.200,110.0,13027.4
273.240,110.0,13028.6
273.280,110.0,13029.8
273.320,111.0,13031.0
273.360,111.0,13032.3
273.400,112.0,13033.5
273.440,112.0,13034.8
273.480,112.0,13036.0
273.520,113.0,13037.2
273.560,113.0,13038.5
273.600,113.0,13039.8
273.640,113.0,13041.0
273.680,113.0,13042.3
273.720,115.0,13043.5
273.760,115.0,13044.8
273.800,116.0,13046.1
273.840,116.0,13047.4
273.880,116.0,13048.7
273.920,117.0,13050.0
273.960,117.0,13051.3
274.000,119.0,13052.6
274.040,119.0,13053.9
274.080,119.0,13055.2
274.120,120.0,13056.6
274.160,120.0,13057.9
274.200,122.0,13059.2
274.240,122.0,13060.6
274.280,122.0,13061.9
274.320,124.0,13063.3
274.360,124.0,13064.7
274.400,126.0,13066.1
274.440,126.0,13067.5
274.480,126.0,13068.9
274.520,129.0,13070.3
274.560,129.0,13071.7
274.600,131.0,13073.2
274.640,131.0,13074.6
274.680,131.0,13076.1
274.720,133.0,13077.5
274.760,133.0,13079.0
274.800,135.0,13080.5
274.840,135.0,13082.0
274.880,135.0,13083.5
274.920,137.0,13085.0
274.960,137.0,13086.5
275.000,139.0,13088.1
275.040,139.0,13089.6
275.080,139.0,13091.2
275.120,142.0,13092.7
275.160,142.0,13094.3
275.200,143.0,13095.9
275.240,143.0,13097.5
275.280,143.0,13099.1
275.320,145.0,13100.7
275.360,145.0,13102.3
275.400,148.0,13103.9
275.440,148.0,13105.6
275.480,148.0,13107.2
275.520,150.0,13108.9
275.560,150.0,13110.5
275.600,153.0,13112.2
275.640,153.0,13113.9
275.680,153.0,13115.6
275.720,156.0,13117.3
275.760,156.0,13119.1
275.800,158.0,13120.8
275.840,158.0,13122.6
275.880,158.0,13124.3
275.920,161.0,13126.1
275.960,161.0,13127.9
276.000,163.0,13129.7
276.040,163.0,13131.5
276.080,163.0,13133.3
276.120,165.0,13135.1
276.160,165.0,13136.9
276.200,167.0,13138.8
276.240,167.0,13140.6
276.280,167.0,13142.5
276.320,169.0,13144.4
276.360,169.0,13146.2
276.400,171.0,13148.1
276.440,171.0,13150.0
276.480,171.0,13151.9
276.520,173.0,13153.8
276.560,173.0,13155.8
276.600,174.0,13157.7
276.640,174.0,13159.6
276.680,174.0,13161.6
276.720,175.0,13163.5
276.760,175.0,13165.4
276.800,178.0,13167.4
276.840,178.0,13169.4
276.880,178.0,13171.4
276.920,180.0,13173.4
276.960,180.0,13175.4
277.000,182.0,13177.4
277.040,182.0,13179.4
277.080,182.0,13181.4
277.120,184.0,13183.4
277.160,184.0,13185.5
277.200,186.0,13187.5
277.240,186.0,13189.6
277.280,186.0,13191.7
277.320,189.0,13193.8
277.360,189.0,13195.9
277.400,191.0,13198.0
277.440,191.0,13200.1
277.480,191.0,13202.2
277.520,192.0,13204.3
277.560,192.0,13206.5
277.600,192.0,13208.6
277.640,192.0,13210.7
277.680,192.0,13212.9
277.720,190.0,13215.0
277.760,190.0,13217.1
277.800,188.0,13219.2
277.840,188.0,13221.3
277.880,188.0,13223.4
277.920,185.0,13225.5
277.960,185.0,13227.5
278.000,183.0,13229.6
278.040,183.0,13231.6
278.080,183.0,13233.6
278.120,180.0,13235.6
278.160,180.0,13237.6
278.200,176.0,13239.6
278.240,176.0,13241.6
278.280,176.0,13243.5
278.320,174.0,13245.5
278.360,174.0,13247.4
278.400,171.0,13249.3
278.440,171.0,13251.2
278.480,171.0,13253.1
278.520,169.0,13255.0
278.560,169.0,13256.9
278.600,168.0,13258.8
278.640,168.0,13260.6
278.680,168.0,13262.5
278.720,166.0,13264.4
278.760,166.0,13266.2
278.800,165.0,13268.0
278.840,165.0,13269.9
278.880,165.0,13271.7
278.920,165.0,13273.5
278.960,165.0,13275.4
279.000,164.0,13277.2
279.040,164.0,13279.0
279.080,164.0,13280.8
279.120,163.0,13282.7
279.160,163.0,13284.5
279.200,163.0,13286.3
279.240,163.0,13288.1
279.280,163.0,13289.9
279.320,162.0,13291.7
279.360,162.0,13293.5
279.400,163.0,13295.3
279.440,163.0,13297.1
279.480,163.0,13298.9
279.520,163.0,13300.7
279.560,163.0,13302.6
279.600,163.0,13304.4
279.640,163.0,13306.2
279.680,163.0,13308.0
279.720,162.0,13309.8
279.760,162.0,13311.6
279.800,162.0,13313.4
279.840,162.0,13315.2
279.880,162.0,13317.0
279.920,161.0,13318.8
279.960,161.0,13320.6
280.000,161.0,13322.4
280.040,161.0,13324.2
280.080,161.0,13325.9
280.120,161.0,13327.7
280.160,161.0,13329.5
280.200,160.0,13331.3
280.240,160.0,13333.1
280.280,160.0,13334.9
280.320,159.0,13336.6
280.360,159.0,13338.4
280.400,159.0,13340.2
280.440,159.0,13341.9
280.480,159.0,13343.7
280.520,159.0,13345.5
280.560,159.0,13347.2
280.600,159.0,13349.0
280.640,158.0,13350.8
280.680,158.0,13352.5
280.720,158.0,13354.3
280.760,158.0,13356.0
280.800,158.0,13357.8
280.840,158.0,13359.5
280.880,158.0,13361.3
280.920,159.0,13363.1
280.960,159.0,13364.8
281.000,160.0,13366.6
281.040,160.0,13368.4
281.080,160.0,13370.2
281.120,160.0,13371.9
281.160,160.0,13373.7
281.200,159.0,13375.5
281.240,159.0,13377.2
281.280,159.0,13379.0
281.320,159.0,13380.8
281.360,159.0,13382.5
281.400,157.0,13384.3
281.440,157.0,13386.0
281.480,157.0,13387.8
281.520,156.0,13389.5
281.560,156.0,13391.3
281.600,154.0,13393.0
281.640,154.0,13394.7
281.680,154.0,13396.4
281.720,152.0,13398.1
281.760,152.0,13399.8
281.800,151.0,13401.5
281.840,151.0,13403.2
281.880,151.0,13404.8
281.920,149.0,13406.5
281.960,149.0,13408.2
282.000,146.0,13409.8
282.040,146.0,13411.4
282.080,146.0,13413.0
282.120,145.0,13414.7
282.160,145.0,13416.3
282.200,144.0,13417.9
282.240,144.0,13419.5
282.280,144.0,13421.1
282.320,143.0,13422.7
282.360,143.0,13424.3
282.400,143.0,13425.8
282.440,143.0,13427.4
282.480,143.0,13429.0
282.520,142.0,13430.6
282.560,142.0,13432.2
282.600,141.0,13433.8
282.640,141.0,13435.3
282.680,141.0,13436.9
282.720,140.0,13438.5
282.760,140.0,13440.0
282.800,138.0,13441.6
282.840,138.0,13443.1
282.880,138.0,13444.6
282.920,138.0,13446.2
282.960,138.0,13447.7
283.000,138.0,13449.2
283.040,138.0,13450.8
283.080,138.0,13452.3
283.120,137.0,13453.8
283.160,137.0,13455.3
283.200,138.0,13456.9
283.240,138.0,13458.4
283.280,138.0,13459.9
283.320,138.0,13461.5
283.360,138.0,13463.0
283.400,139.0,13464.5
283.440,139.0,13466.1
283.480,139.0,13467.6
283.520,138.0,13469.2
283.560,138.0,13470.7
283.600,138.0,13472.2
283.640,138.0,13473.8
283.680,138.0,13475.3
283.720,138.0,13476.8
283.760,138.0,13478.4
283.800,137.0,13479.9
283.840,137.0,13481.4
283.880,137.0,13482.9
283.920,136.0,13484.5
283.960,136.0,13486.0
284.000,137.0,13487.5
284.040,137.0,13489.0
284.080,137.0,13490.5
284.120,137.0,13492.0
284.160,137.0,13493.6
284.200,137.0,13495.1
284.240,137.0,13496.6
284.280,137.0,13498.1
284.320,137.0,13499.7
284.360,137.0,13501.2
284.400,138.0,13502.7
284.440,138.0,13504.2
284.480,138.0,13505.8
284.520,138.0,13507.3
284.560,138.0,13508.8
284.600,138.0,13510.4
284.640,138.0,13511.9
284.680,138.0,13513.4
284.720,137.0,13515.0
284.760,137.0,13516.5
284.800,138.0,13518.0
284.840,138.0,13519.6
284.880,138.0,13521.1
284.920,138.0,13522.6
284.960,138.0,13524.2
285.000,138.0,13525.7
285.040,138.0,13527.2
285.080,138.0,13528.8
285.120,138.0,13530.3
285.160,138.0,13531.8
285.200,137.0,13533.3
285.240,137.0,13534.9
285.280,137.0,13536.4
285.320,137.0,13537.9
285.360,137.0,13539.4
285.400,137.0,13541.0
285.440,137.0,13542.5
285.480,137.0,13544.0
285.520,138.0,13545.5
285.560,138.0,13547.1
285.600,138.0,13548.6
285.640,138.0,13550.1
285.680,138.0,13551.7
285.720,139.0,13553.2
285.760,139.0,13554.7
285.800,140.0,13556.3
285.840,140.0,13557.9
285.880,140.0,13559.4
285.920,140.0,13561.0
285.960,140.0,13562.5
286.000,141.0,13564.1
286.040,141.0,13565.6
286.080,141.0,13567.2
286.120,140.0,13568.8
286.160,140.0,13570.3
286.200,141.0,13571.9
286.240,141.0,13573.5
286.280,141.0,13575.0
286.320,141.0,13576.6
286.360,141.0,13578.2
286.400,142.0,13579.7
286.440,142.0,13581.3
286.480,142.0,13582.9
286.520,144.0,13584.5
286.560,144.0,13586.1
286.600,146.0,13587.7
286.640,146.0,13589.3
286.680,146.0,13590.9
286.720,147.0,13592.6
286.760,147.0,13594.2
286.800,149.0,13595.8
286.840,149.0,13597.5
286.880,149.0,13599.1
286.920,151.0,13600.8
286.960,151.0,13602.5
287.000,153.0,13604.2
287.040,153.0,13605.9
287.080,153.0,13607.6
287.120,155.0,13609.3
287.160,155.0,13611.0
287.200,157.0,13612.7
287.240,157.0,13614.5
287.280,157.0,13616.2
287.320,158.0,13618.0
287.360,158.0,13619.7
287.400,161.0,13621.5
287.440,161.0,13623.3
287.480,161.0,13625.1
287.520,163.0,13626.9
287.560,163.0,13628.7
287.600,165.0,13630.5
287.640,165.0,13632.4
287.680,165.0,13634.2
287.720,168.0,13636.0
287.760,168.0,13637.9
287.800,170.0,13639.8
287.840,170.0,13641.7
287.880,170.0,13643.6
287.920,173.0,13645.5
287.960,173.0,13647.4
288.000,175.0,13649.3
288.040,175.0,13651.3
288.080,175.0,13653.2
288.120,177.0,13655.2
288.160,177.0,13657.1
288.200,176.0,13659.1
288.240,176.0,13661.1
288.280,176.0,13663.0
288.320,174.0,13665.0
288.360,174.0,13666.9
288.400,171.0,13668.8
288.440,171.0,13670.7
288.480,171.0,13672.6
288.520,169.0,13674.5
288.560,169.0,13676.4
288.600,165.0,13678.2
288.640,165.0,13680.1
288.680,165.0,13681.9
288.720,160.0,13683.7
288.760,160.0,13685.5
288.800,156.0,13687.2
288.840,156.0,13689.0
288.880,156.0,13690.7
288.920,149.0,13692.4
288.960,149.0,13694.0
289.000,145.0,13695.7
289.040,145.0,13697.3
289.080,145.0,13698.9
289.120,141.0,13700.5
289.160,141.0,13702.1
289.200,137.0,13703.6
289.240,137.0,13705.1
289.280,137.0,13706.6
289.320,135.0,13708.2
289.360,135.0,13709.7
289.400,133.0,13711.1
289.440,133.0,13712.6
289.480,133.0,13714.1
289.520,131.0,13715.6
289.560,131.0,13717.0
289.600,130.0,13718.5
289.640,130.0,13719.9
289.680,130.0,13721.4
289.720,129.0,13722.8
289.760,129.0,13724.2
289.800,127.0,13725.7
289.840,127.0,13727.1
289.880,127.0,13728.5
289.920,126.0,13729.9
289.960,126.0,13731.3
290.000,127.0,13732.7
290.040,127.0,13734.1
290.080,127.0,13735.5
290.120,126.0,13736.9
290.160,126.0,13738.3
290.200,125.0,13739.7
290.240,125.0,13741.1
290.280,125.0,13742.5
290.320,124.0,13743.9
290.360,124.0,13745.3
290.400,124.0,13746.6
290.440,124.0,13748.0
290.480,124.0,13749.4
290.520,124.0,13750.8
290.560,124.0,13752.1
290.600,123.0,13753.5
290.640,123.0,13754.9
290.680,123.0,13756.2
290.720,122.0,13757.6
290.760,122.0,13759.0
290.800,121.0,13760.3
290.840,121.0,13761.7
290.880,121.0,13763.0
290.920,119.0,13764.3
290.960,119.0,13765.7
291.000,118.0,13767.0
291.040,118.0,13768.3
291.080,118.0,13769.6
291.120,117.0,13770.9
291.160,117.0,13772.2
291.200,117.0,13773.5
291.240,117.0,13774.8
291.280,117.0,13776.1
291.320,118.0,13777.4
291.360,118.0,13778.7
291.400,118.0,13780.0
291.440,118.0,13781.3
291.480,118.0,13782.7
291.520,118.0,13784.0
291.560,118.0,13785.3
291.600,116.0,13786.6
291.640,116.0,13787.9
291.680,116.0,13789.2
291.720,117.0,13790.4
291.760,117.0,13791.7
291.800,120.0,13793.1
291.840,120.0,13794.4
291.880,120.0,13795.7
291.920,122.0,13797.1
291.960,122.0,13798.4
292.000,123.0,13799.8
292.040,123.0,13801.2
292.080,123.0,13802.5
292.120,125.0,13803.9
292.160,125.0,13805.3
292.200,126.0,13806.7
292.240,126.0,13808.1
292.280,126.0,13809.5
292.320,127.0,13810.9
292.360,127.0,13812.3
292.400,128.0,13813.7
292.440,128.0,13815.1
292.480,128.0,13816.6
292.520,128.0,13818.0
292.560,128.0,13819.4
292.600,131.0,13820.8
292.640,131.0,13822.3
292.680,131.0,13823.8
292.720,131.0,13825.2
292.760,131.0,13826.7
292.800,133.0,13828.1
292.840,133.0,13829.6
292.880,133.0,13831.1
292.920,135.0,13832.6
292.960,135.0,13834.1
293.000,137.0,13835.6
293.040,137.0,13837.1
293.080,137.0,13838.6
293.120,138.0,13840.2
293.160,138.0,13841.7
293.200,141.0,13843.2
293.240,141.0,13844.8
293.280,141.0,13846.4
293.320,142.0,13848.0
293.360,142.0,13849.5
293.400,145.0,13851.1
293.440,145.0,13852.7
293.480,145.0,13854.3
293.520,147.0,13856.0
293.560,147.0,13857.6
293.600,149.0,13859.2
293.640,149.0,13860.9
293.680,149.0,13862.6
293.720,152.0,13864.2
293.760,152.0,13865.9
293.800,154.0,13867.6
293.840,154.0,13869.3
293.880,154.0,13871.0
293.920,157.0,13872.8
293.960,157.0,13874.5
294.000,159.0,13876.3
294.040,159.0,13878.0
294.080,159.0,13879.8
294.120,156.0,13881.6
294.160,156.0,13883.3
294.200,154.0,13885.0
294.240,154.0,13886.7
294.280,154.0,13888.4
294.320,152.0,13890.1
294.360,152.0,13891.8
294.400,149.0,13893.5
294.440,149.0,13895.1
294.480,149.0,13896.8
294.520,145.0,13898.4
294.560,145.0,13900.0
294.600,142.0,13901.6
294.640,142.0,13903.2
294.680,142.0,13904.8
294.720,138.0,13906.4
294.760,138.0,13907.9
294.800,135.0,13909.4
294.840,135.0,13910.9
294.880,135.0,13912.4
294.920,131.0,13913.9
294.960,131.0,13915.3
295.000,128.0,13916.8
295.040,128.0,13918.2
295.080,128.0,13919.6
295.120,125.0,13921.0
295.160,125.0,13922.4
295.200,124.0,13923.8
295.240,124.0,13925.2
295.280,124.0,13926.6
295.320,122.0,13927.9
295.360,122.0,13929.3
295.400,121.0,13930.6
295.440,121.0,13932.0
295.480,121.0,13933.3
295.520,122.0,13934.7
295.560,122.0,13936.0
295.600,120.0,13937.4
295.640,120.0,13938.7
295.680,120.0,13940.0
295.720,120.0,13941.4
295.760,120.0,13942.7
295.800,119.0,13944.0
295.840,119.0,13945.3
295.880,119.0,13946.7
295.920,119.0,13948.0
295.960,119.0,13949.3
296.000,119.0,13950.6
296.040,119.0,13952.0
296.080,119.0,13953.3
296.120,117.0,13954.6
296.160,117.0,13955.9
296.200,117.0,13957.2
296.240,117.0,13958.5
296.280,117.0,13959.8
296.320,116.0,13961.1
296.360,116.0,13962.4
296.400,115.0,13963.7
296.440,115.0,13964.9
296.480,115.0,13966.2
296.520,115.0,13967.5
296.560,115.0,13968.8
296.600,115.0,13970.0
296.640,115.0,13971.3
296.680,115.0,13972.6
296.720,115.0,13973.9
296.760,115.0,13975.2
296.800,114.0,13976.4
296.840,114.0,13977.7
296.880,114.0,13979.0
296.920,115.0,13980.2
296.960,115.0,13981.5
297.000,115.0,13982.8
297.040,115.0,13984.1
297.080,115.0,13985.3
297.120,115.0,13986.6
297.160,115.0,13987.9
297.200,116.0,13989.2
297.240,116.0,13990.5
297.280,116.0,13991.8
297.320,116.0,13993.1
297.360,116.0,13994.3
297.400,117.0,13995.6
297.440,117.0,13996.9
297.480,117.0,13998.2
297.520,118.0,13999.5
297.560,118.0,14000.9
297.600,119.0,14002.2
297.640,119.0,14003.5
297.680,119.0,14004.8
297.720,119.0,14006.1
297.760,119.0,14007.5
297.800,120.0,14008.8
297.840,120.0,14010.1
297.880,120.0,14011.5
297.920,121.0,14012.8
297.960,121.0,14014.1
298.000,121.0,14015.5
298.040,121.0,14016.8
298.080,121.0,14018.2
298.120,122.0,14019.5
298.160,122.0,14020.9
298.200,122.0,14022.2
298.240,122.0,14023.6
298.280,122.0,14024.9
298.320,124.0,14026.3
298.360,124.0,14027.7
298.400,125.0,14029.1
298.440,125.0,14030.5
298.480,125.0,14031.8
298.520,126.0,14033.2
298.560,126.0,14034.6
298.600,128.0,14036.1
298.640,128.0,14037.5
298.680,128.0,14038.9
298.720,129.0,14040.3
298.760,129.0,14041.8
298.800,130.0,14043.2
298.840,130.0,14044.6
298.880,130.0,14046.1
298.920,132.0,14047.5
298.960,132.0,14049.0
299.000,133.0,14050.5
299.040,133.0,14052.0
299.080,133.0,14053.4
299.120,134.0,14054.9
299.160,134.0,14056.4
299.200,136.0,14057.9
299.240,136.0,14059.4
299.280,136.0,14060.9
299.320,137.0,14062.4
299.360,137.0,14064.0
299.400,139.0,14065.5
299.440,139.0,14067.0
299.480,139.0,14068.6
299.520,140.0,14070.1
299.560,140.0,14071.7
299.600,141.0,14073.3
299.640,141.0,14074.8
299.680,141.0,14076.4
299.720,143.0,14078.0
299.760,143.0,14079.6
299.800,143.0,14081.1
299.840,143.0,14082.7
299.880,143.0,14084.3
299.920,144.0,14085.9
299.960,144.0,14087.5
300.000,144.0,14089.1
300.040,144.0,14090.7
300.080,144.0,14092.3
300.120,143.0,14093.9
300.160,143.0,14095.5
300.200,143.0,14097.1
300.240,143.0,14098.7
300.280,143.0,14100.3
300.320,142.0,14101.9
300.360,142.0,14103.4
300.400,141.0,14105.0
300.440,141.0,14106.6
300.480,141.0,14108.1
300.520,139.0,14109.7
300.560,139.0,14111.2
300.600,136.0,14112.8
300.640,136.0,14114.3
300.680,136.0,14115.8
300.720,134.0,14117.3
300.760,134.0,14118.8
300.800,131.0,14120.2
300.840,131.0,14121.7
300.880,131.0,14123.2
300.920,130.0,14124.6
300.960,130.0,14126.1
301.000,126.0,14127.5
301.040,126.0,14128.9
301.080,126.0,14130.3
301.120,123.0,14131.7
301.160,123.0,14133.0
301.200,121.0,14134.4
301.240,121.0,14135.7
301.280,121.0,14137.1
301.320,118.0,14138.4
301.360,118.0,14139.7
301.400,115.0,14141.0
301.440,115.0,14142.3
301.480,115.0,14143.6
301.520,113.0,14144.8
301.560,113.0,14146.1
301.600,112.0,14147.3
301.640,112.0,14148.6
301.680,112.0,14149.8
301.720,110.0,14151.1
301.760,110.0,14152.3
301.800,111.0,14153.5
301.840,111.0,14154.7
301.880,111.0,14156.0
301.920,111.0,14157.2
301.960,111.0,14158.4
302.000,111.0,14159.7
302.040,111.0,14160.9
302.080,111.0,14162.1
302.120,111.0,14163.4
302.160,111.0,14164.6
302.200,111.0,14165.8
302.240,111.0,14167.1
302.280,111.0,14168.3
302.320,111.0,14169.5
302.360,111.0,14170.8
302.400,112.0,14172.0
302.440,112.0,14173.3
302.480,112.0,14174.5
302.520,112.0,14175.7
302.560,112.0,14177.0
302.600,112.0,14178.2
302.640,112.0,14179.5
302.680,112.0,14180.7
302.720,111.0,14182.0
302.760,111.0,14183.2
302.800,111.0,14184.4
302.840,111.0,14185.7
302.880,111.0,14186.9
302.920,112.0,14188.1
302.960,112.0,14189.4
303.000,112.0,14190.6
303.040,112.0,14191.9
303.080,112.0,14193.1
303.120,112.0,14194.4
303.160,112.0,14195.6
303.200,113.0,14196.8
303.240,113.0,14198.1
303.280,113.0,14199.4
303.320,115.0,14200.6
303.360,115.0,14201.9
303.400,117.0,14203.2
303.440,117.0,14204.5
303.480,117.0,14205.8
303.520,119.0,14207.1
303.560,119.0,14208.4
303.600,121.0,14209.8
303.640,121.0,14211.1
303.680,121.0,14212.4
303.720,123.0,14213.8
303.760,123.0,14215.2
303.800,125.0,14216.5
303.840,125.0,14217.9
303.880,125.0,14219.3
303.920,127.0,14220.7
303.960,127.0,14222.1
304.000,129.0,14223.6
304.040,129.0,14225.0
304.080,129.0,14226.4
304.120,131.0,14227.9
304.160,131.0,14229.3
304.200,133.0,14230.8
304.240,133.0,14232.3
304.280,133.0,14233.7
304.320,136.0,14235.2
304.360,136.0,14236.8
304.400,138.0,14238.3
304.440,138.0,14239.8
304.480,138.0,14241.3
304.520,141.0,14242.9
304.560,141.0,14244.5
304.600,143.0,14246.0
304.640,143.0,14247.6
304.680,143.0,14249.2
304.720,146.0,14250.8
304.760,146.0,14252.4
304.800,148.0,14254.1
304.840,148.0,14255.7
304.880,148.0,14257.4
304.920,151.0,14259.0
304.960,151.0,14260.7
305.000,153.0,14262.4
305.040,153.0,14264.1
305.080,153.0,14265.8
305.120,156.0,14267.5
305.160,156.0,14269.2
305.200,159.0,14271.0
305.240,159.0,14272.8
305.280,159.0,14274.5
305.320,161.0,14276.3
305.360,161.0,14278.1
305.400,164.0,14279.9
305.440,164.0,14281.7
305.480,164.0,14283.5
305.520,167.0,14285.4
305.560,167.0,14287.2
305.600,169.0,14289.1
305.640,169.0,14291.0
305.680,169.0,14292.9
305.720,171.0,14294.7
305.760,171.0,14296.6
305.800,173.0,14298.6
305.840,173.0,14300.5
305.880,173.0,14302.4
305.920,172.0,14304.3
305.960,172.0,14306.2
306.000,169.0,14308.1
306.040,169.0,14310.0
306.080,169.0,14311.9
306.120,167.0,14313.7
306.160,167.0,14315.6
306.200,163.0,14317.4
306.240,163.0,14319.2
306.280,163.0,14321.1
306.320,160.0,14322.9
306.360,160.0,14324.6
306.400,156.0,14326.4
306.440,156.0,14328.1
306.480,156.0,14329.9
306.520,153.0,14331.6
306.560,153.0,14333.3
306.600,149.0,14334.9
306.640,149.0,14336.6
306.680,149.0,14338.3
306.720,145.0,14339.9
306.760,145.0,14341.5
306.800,141.0,14343.1
306.840,141.0,14344.7
306.880,141.0,14346.2
306.920,137.0,14347.8
306.960,137.0,14349.3
307.000,135.0,14350.8
307.040,135.0,14352.3
307.080,135.0,14353.8
307.120,133.0,14355.3
307.160,133.0,14356.8
307.200,130.0,14358.2
307.240,130.0,14359.7
307.280,130.0,14361.1
307.320,128.0,14362.6
307.360,128.0,14364.0
307.400,124.0,14365.4
307.440,124.0,14366.8
307.480,124.0,14368.1
307.520,120.0,14369.5
307.560,120.0,14370.8
307.600,117.0,14372.1
307.640,117.0,14373.4
307.680,117.0,14374.7
307.720,115.0,14376.0
307.760,115.0,14377.3
307.800,113.0,14378.6
307.840,113.0,14379.8
307.880,113.0,14381.1
307.920,113.0,14382.3
307.960,113.0,14383.6
308.000,112.0,14384.8
308.040,112.0,14386.1
308.080,112.0,14387.3
308.120,112.0,14388.6
308.160,112.0,14389.8
308.200,111.0,14391.1
308.240,111.0,14392.3
308.280,111.0,14393.5
308.320,109.0,14394.7
308.360,109.0,14396.0
308.400,108.0,14397.2
308.440,108.0,14398.4
308.480,108.0,14399.6
308.520,107.0,14400.8
308.560,107.0,14401.9
308.600,106.0,14403.1
308.640,106.0,14404.3
308.680,106.0,14405.5
308.720,105.0,14406.7
308.760,105.0,14407.8
308.800,104.0,14409.0
308.840,104.0,14410.1
308.880,104.0,14411.3
308.920,103.0,14412.4
308.960,103.0,14413.6
309.000,102.0,14414.7
309.040,102.0,14415.9
309.080,102.0,14417.0
309.120,101.0,14418.1
309.160,101.0,14419.2
309.200,101.0,14420.4
309.240,101.0,14421.5
309.280,101.0,14422.6
309.320,101.0,14423.7
309.360,101.0,14424.9
309.400,102.0,14426.0
309.440,102.0,14427.1
309.480,102.0,14428.3
309.520,103.0,14429.4
309.560,103.0,14430.5
309.600,104.0,14431.7
309.640,104.0,14432.8
309.680,104.0,14434.0
309.720,105.0,14435.2
309.760,105.0,14436.3
309.800,107.0,14437.5
309.840,107.0,14438.7
309.880,107.0,14439.9
309.920,108.0,14441.1
309.960,108.0,14442.3
310.000,110.0,14443.5
310.040,110.0,14444.7
310.080,110.0,14445.9
310.120,112.0,14447.2
310.160,112.0,14448.4
310.200,113.0,14449.7
310.240,113.0,14450.9
310.280,113.0,14452.2
310.320,115.0,14453.4
310.360,115.0,14454.7
310.400,117.0,14456.0
310.440,117.0,14457.3
310.480,117.0,14458.6
310.520,119.0,14459.9
310.560,119.0,14461.2
310.600,119.0,14462.6
310.640,119.0,14463.9
310.680,119.0,14465.2
310.720,121.0,14466.5
310.760,121.0,14467.9
310.800,122.0,14469.2
310.840,122.0,14470.6
310.880,122.0,14471.9
310.920,123.0,14473.3
310.960,123.0,14474.7
311.000,125.0,14476.0
311.040,125.0,14477.4
311.080,125.0,14478.8
311.120,126.0,14480.2
311.160,126.0,14481.6
311.200,128.0,14483.0
311.240,128.0,14484.5
311.280,128.0,14485.9
311.320,130.0,14487.3
311.360,130.0,14488.8
311.400,132.0,14490.2
311.440,132.0,14491.7
311.480,132.0,14493.1
311.520,134.0,14494.6
311.560,134.0,14496.1
311.600,136.0,14497.6
311.640,136.0,14499.1
311.680,136.0,14500.6
311.720,138.0,14502.2
311.760,138.0,14503.7
311.800,141.0,14505.2
311.840,141.0,14506.8
311.880,141.0,14508.4
311.920,142.0,14509.9
311.960,142.0,14511.5
312.000,145.0,14513.1
312.040,145.0,14514.7
312.080,145.0,14516.3
312.120,148.0,14518.0
312.160,148.0,14519.6
312.200,150.0,14521.3
312.240,150.0,14522.9
312.280,150.0,14524.6
312.320,151.0,14526.3
312.360,151.0,14527.9
312.400,154.0,14529.6
312.440,154.0,14531.4
312.480,154.0,14533.1
312.520,156.0,14534.8
312.560,156.0,14536.5
312.600,159.0,14538.3
312.640,159.0,14540.0
312.680,159.0,14541.8
312.720,161.0,14543.6
312.760,161.0,14545.4
312.800,163.0,14547.2
312.840,163.0,14549.0
312.880,163.0,14550.8
312.920,166.0,14552.6
312.960,166.0,14554.5
313.000,168.0,14556.3
313.040,168.0,14558.2
313.080,168.0,14560.1
313.120,170.0,14561.9
313.160,170.0,14563.8
313.200,170.0,14565.7
313.240,170.0,14567.6
313.280,170.0,14569.5
313.320,169.0,14571.4
313.360,169.0,14573.2
313.400,166.0,14575.1
313.440,166.0,14577.0
313.480,166.0,14578.8
313.520,164.0,14580.6
313.560,164.0,14582.5
313.600,160.0,14584.3
313.640,160.0,14586.0
313.680,160.0,14587.8
313.720,156.0,14589.6
313.760,156.0,14591.3
313.800,153.0,14593.0
313.840,153.0,14594.7
313.880,153.0,14596.4
313.920,148.0,14598.1
313.960,148.0,14599.7
314.000,145.0,14601.4
314.040,145.0,14603.0
314.080,145.0,14604.6
314.120,141.0,14606.2
314.160,141.0,14607.7
314.200,137.0,14609.3
314.240,137.0,14610.8
314.280,137.0,14612.3
314.320,135.0,14613.8
314.360,135.0,14615.3
314.400,131.0,14616.8
314.440,131.0,14618.3
314.480,131.0,14619.7
314.520,129.0,14621.2
314.560,129.0,14622.6
314.600,127.0,14624.0
314.640,127.0,14625.4
314.680,127.0,14626.8
314.720,124.0,14628.2
314.760,124.0,14629.6
314.800,121.0,14631.0
314.840,121.0,14632.3
314.880,121.0,14633.7
314.920,118.0,14635.0
314.960,118.0,14636.3
315.000,117.0,14637.6
315.040,117.0,14638.9
315.080,117.0,14640.2
315.120,115.0,14641.5
315.160,115.0,14642.8
315.200,114.0,14644.1
315.240,114.0,14645.3
315.280,114.0,14646.6
315.320,112.0,14647.8
315.360,112.0,14649.1
315.400,111.0,14650.3
315.440,111.0,14651.6
315.480,111.0,14652.8
315.520,109.0,14654.0
315.560,109.0,14655.2
315.600,108.0,14656.4
315.640,108.0,14657.6
315.680,108.0,14658.8
315.720,108.0,14660.0
315.760,108.0,14661.2
315.800,107.0,14662.4
315.840,107.0,14663.6
315.880,107.0,14664.8
315.920,106.0,14666.0
315.960,106.0,14667.2
316.000,105.0,14668.3
316.040,105.0,14669.5
316.080,105.0,14670.7
316.120,104.0,14671.8
316.160,104.0,14673.0
316.200,103.0,14674.1
316.240,103.0,14675.3
316.280,103.0,14676.4
316.320,102.0,14677.6
316.360,102.0,14678.7
316.400,102.0,14679.8
316.440,102.0,14681.0
316.480,102.0,14682.1
316.520,102.0,14683.2
316.560,102.0,14684.4
316.600,103.0,14685.5
316.640,103.0,14686.6
316.680,103.0,14687.8
316.720,103.0,14688.9
316.760,103.0,14690.1
316.800,104.0,14691.2
316.840,104.0,14692.4
316.880,104.0,14693.5
316.920,105.0,14694.7
316.960,105.0,14695.9
317.000,105.0,14697.0
317.040,105.0,14698.2
317.080,105.0,14699.4
317.120,106.0,14700.5
317.160,106.0,14701.7
317.200,107.0,14702.9
317.240,107.0,14704.1
317.280,107.0,14705.3
317.320,108.0,14706.5
317.360,108.0,14707.7
317.400,109.0,14708.9
317.440,109.0,14710.1
317.480,109.0,14711.3
317.520,110.0,14712.5
317.560,110.0,14713.7
317.600,111.0,14715.0
317.640,111.0,14716.2
317.680,111.0,14717.4
317.720,113.0,14718.7
317.760,113.0,14719.9
317.800,113.0,14721.2
317.840,113.0,14722.4
317.880,113.0,14723.7
317.920,115.0,14725.0
317.960,115.0,14726.2
318.000,117.0,14727.5
318.040,117.0,14728.8
318.080,117.0,14730.1
318.120,118.0,14731.4
318.160,118.0,14732.8
318.200,120.0,14734.1
318.240,120.0,14735.4
318.280,120.0,14736.7
318.320,122.0,14738.1
318.360,122.0,14739.4
318.400,124.0,14740.8
318.440,124.0,14742.2
318.480,124.0,14743.6
318.520,128.0,14745.0
318.560,128.0,14746.4
318.600,130.0,14747.8
318.640,130.0,14749.3
318.680,130.0,14750.7
318.720,133.0,14752.2
318.760,133.0,14753.6
318.800,136.0,14755.1
318.840,136.0,14756.7
318.880,136.0,14758.2
318.920,136.0,14759.7
318.960,136.0,14761.2
319.000,138.0,14762.7
319.040,138.0,14764.2
319.080,138.0,14765.8
319.120,139.0,14767.3
319.160,139.0,14768.9
319.200,139.0,14770.4
319.240,139.0,14771.9
319.280,139.0,14773.5
319.320,141.0,14775.0
319.360,141.0,14776.6
319.400,142.0,14778.2
319.440,142.0,14779.8
319.480,142.0,14781.3
319.520,142.0,14782.9
319.560,142.0,14784.5
319.600,144.0,14786.1
319.640,144.0,14787.7
319.680,144.0,14789.3
319.720,146.0,14790.9
319.760,146.0,14792.5
319.800,147.0,14794.1
319.840,147.0,14795.8
319.880,147.0,14797.4
319.920,149.0,14799.1
319.960,149.0,14800.7
320.000,151.0,14802.4
320.040,151.0,14804.1
320.080,151.0,14805.7
320.120,152.0,14807.4
320.160,152.0,14809.1
320.200,155.0,14810.8
320.240,155.0,14812.5
320.280,155.0,14814.3
320.320,156.0,14816.0
320.360,156.0,14817.7
320.400,157.0,14819.5
320.440,157.0,14821.2
320.480,157.0,14822.9
320.520,159.0,14824.7
320.560,159.0,14826.5
320.600,161.0,14828.2
320.640,161.0,14830.0
320.680,161.0,14831.8
320.720,163.0,14833.6
320.760,163.0,14835.4
320.800,165.0,14837.3
320.840,165.0,14839.1
320.880,165.0,14840.9
320.920,167.0,14842.8
320.960,167.0,14844.6
321.000,169.0,14846.5
321.040,169.0,14848.4
321.080,169.0,14850.2
321.120,170.0,14852.1
321.160,170.0,14854.0
321.200,170.0,14855.9
321.240,170.0,14857.8
321.280,170.0,14859.7
321.320,172.0,14861.6
321.360,172.0,14863.5
321.400,171.0,14865.4
321.440,171.0,14867.3
321.480,171.0,14869.2
321.520,172.0,14871.1
321.560,172.0,14873.0
321.600,171.0,14874.9
321.640,171.0,14876.8
321.680,171.0,14878.7
321.720,171.0,14880.6
321.760,171.0,14882.5
321.800,171.0,14884.4
321.840,171.0,14886.3
321.880,171.0,14888.2
321.920,171.0,14890.1
321.960,171.0,14892.0
322.000,171.0,14893.9
322.040,171.0,14895.8
322.080,171.0,14897.7
322.120,170.0,14899.6
322.160,170.0,14901.5
322.200,171.0,14903.4
322.240,171.0,14905.3
322.280,171.0,14907.2
322.320,169.0,14909.1
322.360,169.0,14911.0
322.400,170.0,14912.9
322.440,170.0,14914.7
322.480,170.0,14916.6
322.520,169.0,14918.5
322.560,169.0,14920.4
322.600,169.0,14922.3
322.640,169.0,14924.1
322.680,169.0,14926.0
322.720,169.0,14927.9
322.760,169.0,14929.8
322.800,168.0,14931.7
322.840,168.0,14933.5
322.880,168.0,14935.4
322.920,168.0,14937.3
322.960,168.0,14939.1
323.000,167.0,14941.0
323.040,167.0,14942.8
323.080,167.0,14944.7
323.120,168.0,14946.6
323.160,168.0,14948.4
323.200,168.0,14950.3
323.240,168.0,14952.2
323.280,168.0,14954.0
323.320,169.0,14955.9
323.360,169.0,14957.8
323.400,169.0,14959.6
323.440,169.0,14961.5
323.480,169.0,14963.4
323.520,169.0,14965.3
323.560,169.0,14967.2
323.600,169.0,14969.0
323.640,169.0,14970.9
323.680,169.0,14972.8
323.720,170.0,14974.7
323.760,170.0,14976.6
323.800,170.0,14978.5
323.840,170.0,14980.3
323.880,170.0,14982.2
323.920,171.0,14984.1
323.960,171.0,14986.0
324.000,172.0,14987.9
324.040,172.0,14989.8
324.080,172.0,14991.8
324.120,173.0,14993.7
324.160,173.0,14995.6
324.200,174.0,14997.5
324.240,174.0,14999.5
324.280,174.0,15001.4
324.320,175.0,15003.3
324.360,175.0,15005.3
324.400,177.0,15007.2
324.440,177.0,15009.2
324.480,177.0,15011.2
324.520,178.0,15013.1
324.560,178.0,15015.1
324.600,179.0,15017.1
324.640,179.0,15019.1
324.680,179.0,15021.1
324.720,181.0,15023.1
324.760,181.0,15025.1
324.800,182.0,15027.1
324.840,182.0,15029.1
324.880,182.0,15031.1
324.920,183.0,15033.2
324.960,183.0,15035.2
325.000,185.0,15037.2
325.040,185.0,15039.3
325.080,185.0,15041.4
325.120,186.0,15043.4
325.160,186.0,15045.5
325.200,188.0,15047.6
325.240,188.0,15049.7
325.280,188.0,15051.7
325.320,188.0,15053.8
325.360,188.0,15055.9
325.400,190.0,15058.0
325.440,190.0,15060.1
325.480,190.0,15062.2
325.520,192.0,15064.4
325.560,192.0,15066.5
325.600,194.0,15068.6
325.640,194.0,15070.8
325.680,194.0,15073.0
325.720,196.0,15075.1
325.760,196.0,15077.3
325.800,198.0,15079.5
325.840,198.0,15081.7
325.880,198.0,15083.9
325.920,200.0,15086.1
325.960,200.0,15088.3
326.040,201.0,15092.8
326.080,201.0,15095.0
326.120,204.0,15097.3
326.160,204.0,15099.5
326.200,206.0,15101.8
326.240,206.0,15104.1
326.280,206.0,15106.4
326.320,206.0,15108.7
326.360,206.0,15111.0
326.400,204.0,15113.2
326.440,204.0,15115.5
326.480,204.0,15117.8
326.520,202.0,15120.0
326.560,202.0,15122.3
326.600,200.0,15124.5
326.640,200.0,15126.7
326.680,200.0,15128.9
326.720,197.0,15131.2
326.760,197.0,15133.3
326.800,194.0,15135.5
326.840,194.0,15137.7
326.880,194.0,15139.8
326.920,191.0,15142.0
326.960,191.0,15144.1
327.000,189.0,15146.2
327.040,189.0,15148.3
327.080,189.0,15150.4
327.120,186.0,15152.5
327.160,186.0,15154.5
327.200,183.0,15156.6
327.240,183.0,15158.6
327.280,183.0,15160.7
327.320,182.0,15162.7
327.360,182.0,15164.7
327.400,180.0,15166.7
327.440,180.0,15168.7
327.480,180.0,15170.7
327.520,181.0,15172.7
327.560,181.0,15174.7
327.600,181.0,15176.8
327.640,181.0,15178.8
327.680,181.0,15180.8
327.720,180.0,15182.8
327.760,180.0,15184.8
327.800,179.0,15186.8
327.840,179.0,15188.8
327.880,179.0,15190.8
327.920,178.0,15192.7
327.960,178.0,15194.7
328.000,178.0,15196.7
328.040,178.0,15198.7
328.080,178.0,15200.6
328.120,174.0,15202.6
328.160,174.0,15204.5
328.200,170.0,15206.4
328.240,170.0,15208.3
328.280,170.0,15210.2
328.320,166.0,15212.1
328.360,166.0,15213.9
328.400,163.0,15215.8
328.440,163.0,15217.6
328.480,163.0,15219.4
328.520,160.0,15221.2
328.560,160.0,15223.0
328.600,158.0,15224.7
328.640,158.0,15226.5
328.680,158.0,15228.2
328.720,156.0,15230.0
328.760,156.0,15231.7
328.800,154.0,15233.4
328.840,154.0,15235.1
328.880,154.0,15236.9
328.920,152.0,15238.6
328.960,152.0,15240.2
329.000,150.0,15241.9
329.040,150.0,15243.6
329.080,150.0,15245.3
329.120,149.0,15246.9
329.160,149.0,15248.6
329.200,148.0,15250.2
329.240,148.0,15251.9
329.280,148.0,15253.5
329.320,148.0,15255.2
329.360,148.0,15256.8
329.400,147.0,15258.4
329.440,147.0,15260.1
329.480,147.0,15261.7
329.520,146.0,15263.3
329.560,146.0,15265.0
329.600,145.0,15266.6
329.640,145.0,15268.2
329.680,145.0,15269.8
329.720,145.0,15271.4
329.760,145.0,15273.0
329.800,145.0,15274.6
329.840,145.0,15276.2
329.880,145.0,15277.9
329.920,145.0,15279.5
329.960,145.0,15281.1
330.000,146.0,15282.7
330.040,146.0,15284.3
330.080,146.0,15285.9
330.120,145.0,15287.6
330.160,145.0,15289.2
330.200,145.0,15290.8
330.240,145.0,15292.4
330.280,145.0,15294.0
330.320,146.0,15295.6
330.360,146.0,15297.2
330.400,145.0,15298.9
330.440,145.0,15300.5
330.480,145.0,15302.1
330.520,144.0,15303.7
330.560,144.0,15305.3
330.600,144.0,15306.9
330.640,144.0,15308.5
330.680,144.0,15310.1
330.720,144.0,15311.7
330.760,144.0,15313.3
330.800,144.0,15314.9
330.840,144.0,15316.5
330.880,144.0,15318.1
330.920,145.0,15319.7
330.960,145.0,15321.3
331.000,145.0,15322.9
331.040,145.0,15324.5
331.080,145.0,15326.1
331.120,145.0,15327.7
331.160,145.0,15329.4
331.200,145.0,15331.0
331.240,145.0,15332.6
331.280,145.0,15334.2
331.320,145.0,15335.8
331.360,145.0,15337.4
331.400,145.0,15339.0
331.440,145.0,15340.6
331.480,145.0,15342.2
331.520,146.0,15343.9
331.560,146.0,15345.5
331.600,147.0,15347.1
331.640,147.0,15348.7
331.680,147.0,15350.4
331.720,148.0,15352.0
331.760,148.0,15353.7
331.800,148.0,15355.3
331.840,148.0,15356.9
331.880,148.0,15358.6
331.920,148.0,15360.2
331.960,148.0,15361.9
332.000,148.0,15363.5
332.040,148.0,15365.2
332.080,148.0,15366.8
332.120,149.0,15368.5
332.160,149.0,15370.1
332.200,149.0,15371.8
332.240,149.0,15373.4
332.280,149.0,15375.1
332.320,150.0,15376.7
332.360,150.0,15378.4
332.400,151.0,15380.1
332.440,151.0,15381.8
332.480,151.0,15383.4
332.520,151.0,15385.1
332.560,151.0,15386.8
332.600,152.0,15388.5
332.640,152.0,15390.2
332.680,152.0,15391.9
332.720,153.0,15393.6
332.760,153.0,15395.3
332.800,154.0,15397.0
332.840,154.0,15398.7
332.880,154.0,15400.4
332.920,155.0,15402.1
332.960,155.0,15403.8
333.000,156.0,15405.5
333.040,156.0,15407.3
333.080,156.0,15409.0
333.120,158.0,15410.8
333.160,158.0,15412.5
333.200,159.0,15414.3
333.240,159.0,15416.0
333.280,159.0,15417.8
333.320,160.0,15419.6
333.360,160.0,15421.4
333.400,160.0,15423.1
333.440,160.0,15424.9
333.480,160.0,15426.7
333.520,161.0,15428.5
333.560,161.0,15430.3
333.600,161.0,15432.1
333.640,161.0,15433.8
333.680,161.0,15435.6
333.720,161.0,15437.4
333.760,161.0,15439.2
333.800,161.0,15441.0
333.840,161.0,15442.8
333.880,161.0,15444.6
333.920,161.0,15446.4
333.960,161.0,15448.2
334.000,161.0,15449.9
334.040,161.0,15451.7
334.080,161.0,15453.5
334.120,161.0,15455.3
334.160,161.0,15457.1
334.200,161.0,15458.9
334.240,161.0,15460.7
334.280,161.0,15462.5
334.320,162.0,15464.3
334.360,162.0,15466.1
334.400,162.0,15467.9
334.440,162.0,15469.7
334.480,162.0,15471.5
334.520,163.0,15473.3
334.560,163.0,15475.1
334.600,163.0,15476.9
334.640,163.0,15478.7
334.680,163.0,15480.5
334.720,164.0,15482.3
334.760,164.0,15484.1
334.800,165.0,15486.0
334.840,165.0,15487.8
334.880,165.0,15489.6
334.920,166.0,15491.5
334.960,166.0,15493.3
335.000,168.0,15495.2
335.040,168.0,15497.0
335.080,168.0,15498.9
335.120,169.0,15500.8
335.160,169.0,15502.7
335.200,170.0,15504.5
335.240,170.0,15506.4
335.280,170.0,15508.3
335.320,172.0,15510.2
335.360,172.0,15512.1
335.400,173.0,15514.1
335.440,173.0,15516.0
335.480,173.0,15517.9
335.520,175.0,15519.8
335.560,175.0,15521.8
335.600,176.0,15523.7
335.640,176.0,15525.7
335.680,176.0,15527.6
335.720,177.0,15529.6
335.760,177.0,15531.6
335.800,179.0,15533.5
335.840,179.0,15535.5
335.880,179.0,15537.5
335.920,180.0,15539.5
335.960,180.0,15541.5
336.000,182.0,15543.5
336.040,182.0,15545.5
336.080,182.0,15547.6
336.120,184.0,15549.6
336.160,184.0,15551.6
336.200,185.0,15553.7
336.240,185.0,15555.8
336.280,185.0,15557.8
336.320,187.0,15559.9
336.360,187.0,15562.0
336.400,190.0,15564.0
336.440,190.0,15566.2
336.480,190.0,15568.3
336.520,192.0,15570.4
336.560,192.0,15572.5
336.600,193.0,15574.7
336.640,193.0,15576.8
336.680,193.0,15579.0
336.720,196.0,15581.1
336.760,196.0,15583.3
336.800,196.0,15585.5
336.840,196.0,15587.6
336.880,196.0,15589.8
336.920,196.0,15592.0
336.960,196.0,15594.2
337.000,196.0,15596.4
337.040,196.0,15598.5
337.080,196.0,15600.7
337.120,197.0,15602.9
337.160,197.0,15605.1
337.200,196.0,15607.3
337.240,196.0,15609.4
337.280,196.0,15611.6
337.320,196.0,15613.8
337.360,196.0,15616.0
337.400,195.0,15618.2
337.440,195.0,15620.3
337.480,195.0,15622.5
337.520,195.0,15624.7
337.560,195.0,15626.8
337.600,195.0,15629.0
337.640,195.0,15631.2
337.680,195.0,15633.3
337.720,195.0,15635.5
337.760,195.0,15637.7
337.800,194.0,15639.8
337.840,194.0,15642.0
337.880,194.0,15644.1
337.920,194.0,15646.3
337.960,194.0,15648.4
338.000,193.0,15650.6
338.040,193.0,15652.7
338.080,193.0,15654.9
338.120,193.0,15657.0
338.160,193.0,15659.2
338.200,193.0,15661.3
338.240,193.0,15663.5
338.280,193.0,15665.6
338.320,193.0,15667.7
338.360,193.0,15669.9
338.400,192.0,15672.0
338.440,192.0,15674.2
338.480,192.0,15676.3
338.520,192.0,15678.4
338.560,192.0,15680.6
338.600,193.0,15682.7
338.640,193.0,15684.8
338.680,193.0,15687.0
338.720,192.0,15689.1
338.760,192.0,15691.3
338.800,193.0,15693.4
338.840,193.0,15695.5
338.880,193.0,15697.7
338.920,193.0,15699.8
338.960,193.0,15702.0
339.000,193.0,15704.1
339.040,193.0,15706.3
339.080,193.0,15708.4
339.120,194.0,15710.6
339.160,194.0,15712.7
339.200,194.0,15714.9
339.240,194.0,15717.0
339.280,194.0,15719.2
339.320,195.0,15721.3
339.360,195.0,15723.5
339.400,196.0,15725.7
339.440,196.0,15727.9
339.480,196.0,15730.0
339.520,197.0,15732.2
339.560,197.0,15734.4
339.600,197.0,15736.6
339.640,197.0,15738.8
339.680,197.0,15741.0
339.720,197.0,15743.2
339.760,197.0,15745.4
339.800,198.0,15747.5
339.840,198.0,15749.7
339.880,198.0,15751.9
339.920,197.0,15754.1
339.960,197.0,15756.3
340.000,198.0,15758.5
340.040,198.0,15760.7
340.080,198.0,15762.9
340.120,197.0,15765.1
340.160,197.0,15767.3
340.200,197.0,15769.5
340.240,197.0,15771.7
340.280,197.0,15773.9
340.320,197.0,15776.1
340.360,197.0,15778.3
340.400,197.0,15780.4
340.440,197.0,15782.6
340.480,197.0,15784.8
340.520,195.0,15787.0
340.560,195.0,15789.2
340.600,196.0,15791.3
340.640,196.0,15793.5
340.680,196.0,15795.7
340.720,194.0,15797.9
340.760,194.0,15800.0
340.800,193.0,15802.2
340.840,193.0,15804.3
340.880,193.0,15806.5
340.920,193.0,15808.6
340.960,193.0,15810.7
341.000,191.0,15812.9
341.040,191.0,15815.0
341.080,191.0,15817.1
341.120,190.0,15819.2
341.160,190.0,15821.3
341.200,190.0,15823.5
341.240,190.0,15825.6
341.280,190.0,15827.7
341.320,190.0,15829.8
341.360,190.0,15831.9
341.400,189.0,15834.0
341.440,189.0,15836.1
341.480,189.0,15838.2
341.520,189.0,15840.3
341.560,189.0,15842.4
341.600,189.0,15844.5
341.640,189.0,15846.6
341.680,189.0,15848.7
341.720,189.0,15850.8
341.760,189.0,15852.9
341.800,189.0,15855.0
341.840,189.0,15857.1
341.880,189.0,15859.2
341.920,189.0,15861.3
341.960,189.0,15863.4
342.000,189.0,15865.5
342.040,189.0,15867.6
342.080,189.0,15869.7
342.120,190.0,15871.8
342.160,190.0,15873.9
342.200,190.0,15876.0
342.240,190.0,15878.1
342.280,190.0,15880.3
342.320,191.0,15882.4
342.360,191.0,15884.5
342.400,192.0,15886.6
342.440,192.0,15888.8
342.480,192.0,15890.9
342.520,192.0,15893.0
342.560,192.0,15895.2
342.600,194.0,15897.3
342.640,194.0,15899.5
342.680,194.0,15901.6
342.720,195.0,15903.8
342.760,195.0,15905.9
342.800,197.0,15908.1
342.840,197.0,15910.3
342.880,197.0,15912.5
342.920,197.0,15914.7
342.960,197.0,15916.9
343.000,200.0,15919.1
343.040,200.0,15921.3
343.080,200.0,15923.5
343.120,201.0,15925.8
343.160,201.0,15928.0
343.200,203.0,15930.2
343.240,203.0,15932.5
343.280,203.0,15934.7
343.320,204.0,15937.0
343.360,204.0,15939.3
343.400,206.0,15941.5
343.440,206.0,15943.8
343.480,206.0,15946.1
343.520,206.0,15948.4
343.560,206.0,15950.7
343.600,206.0,15953.0
343.640,206.0,15955.3
343.680,206.0,15957.6
343.720,207.0,15959.9
343.760,207.0,15962.2
343.800,208.0,15964.5
343.840,208.0,15966.8
343.880,208.0,15969.1
343.920,209.0,15971.4
343.960,209.0,15973.7
344.000,211.0,15976.1
344.040,211.0,15978.4
344.080,211.0,15980.8
344.120,212.0,15983.1
344.160,212.0,15985.5
344.200,214.0,15987.8
344.240,214.0,15990.2
344.280,214.0,15992.6
344.320,213.0,15995.0
344.360,213.0,15997.3
344.400,213.0,15999.7
344.440,213.0,16002.1
344.480,213.0,16004.4
344.520,214.0,16006.8
344.560,214.0,16009.2
344.600,214.0,16011.5
344.640,214.0,16013.9
344.680,214.0,16016.3
344.720,214.0,16018.7
344.760,214.0,16021.1
344.800,214.0,16023.4
344.840,214.0,16025.8
344.880,214.0,16028.2
344.920,214.0,16030.6
344.960,214.0,16032.9
345.000,214.0,16035.3
345.040,214.0,16037.7
345.080,214.0,16040.1
345.120,215.0,16042.5
345.160,215.0,16044.9
345.200,215.0,16047.2
345.240,215.0,16049.6
345.280,215.0,16052.0
345.320,217.0,16054.4
345.360,217.0,16056.8
345.400,218.0,16059.2
345.440,218.0,16061.7
345.480,218.0,16064.1
345.520,218.0,16066.5
345.560,218.0,16068.9
345.600,220.0,16071.4
345.640,220.0,16073.8
345.680,220.0,16076.3
345.720,221.0,16078.7
345.760,221.0,16081.2
345.800,223.0,16083.6
345.840,223.0,16086.1
345.880,223.0,16088.6
345.920,224.0,16091.1
345.960,224.0,16093.6
346.000,225.0,16096.1
346.040,225.0,16098.6
346.080,225.0,16101.1
346.120,226.0,16103.6
346.160,226.0,16106.1
346.320,228.0,16116.2
346.360,228.0,16118.7
346.400,230.0,16121.2
346.440,230.0,16123.8
346.480,230.0,16126.3
346.560,231.0,16131.5
346.600,232.0,16134.0
346.640,232.0,16136.6
346.680,232.0,16139.2
346.720,234.0,16141.8
346.760,234.0,16144.4
346.800,235.0,16147.0
346.840,235.0,16149.6
346.880,235.0,16152.2
346.920,236.0,16154.8
346.960,236.0,16157.5
347.000,238.0,16160.1
347.040,238.0,16162.7
347.080,238.0,16165.4
347.120,239.0,16168.0
347.160,239.0,16170.7
347.320,242.0,16181.4
347.360,242.0,16184.1
347.400,243.0,16186.8
347.440,243.0,16189.5
347.480,243.0,16192.2
347.520,245.0,16194.9
347.560,245.0,16197.6
347.600,246.0,16200.3
347.640,246.0,16203.0
347.680,246.0,16205.8
347.720,247.0,16208.5
347.760,247.0,16211.3
347.800,249.0,16214.0
347.840,249.0,16216.8
347.880,249.0,16219.6
347.920,250.0,16222.3
347.960,250.0,16225.1
348.000,251.0,16227.9
348.040,251.0,16230.7
348.080,251.0,16233.5
348.120,253.0,16236.3
348.160,253.0,16239.1
348.200,254.0,16241.9
348.240,254.0,16244.7
348.280,254.0,16247.5
348.320,255.0,16250.4
348.360,255.0,16253.2
348.400,256.0,16256.0
348.440,256.0,16258.9
348.480,256.0,16261.7
348.520,255.0,16264.6
348.560,255.0,16267.4
348.600,253.0,16270.2
348.640,253.0,16273.0
348.680,253.0,16275.8
348.720,249.0,16278.6
348.760,249.0,16281.4
348.800,246.0,16284.1
348.840,246.0,16286.9
348.880,246.0,16289.6
348.920,243.0,16292.3
348.960,243.0,16295.0
349.000,239.0,16297.7
349.040,239.0,16300.4
349.080,239.0,16303.0
349.120,235.0,16305.7
349.160,235.0,16308.3
349.400,224.0,16323.6
349.440,224.0,16326.1
349.600,218.0,16335.9
349.640,218.0,16338.3
349.680,218.0,16340.7
349.720,214.0,16343.1
349.760,214.0,16345.5
349.800,210.0,16347.9
349.840,210.0,16350.2
349.880,210.0,16352.5
349.920,205.0,16354.8
349.960,205.0,16357.1
350.000,202.0,16359.4
350.040,202.0,16361.6
350.080,202.0,16363.9
350.120,199.0,16366.1
350.160,199.0,16368.3
350.200,196.0,16370.5
350.240,196.0,16372.7
350.280,196.0,16374.8
350.320,195.0,16377.0
350.360,195.0,16379.2
350.400,192.0,16381.3
350.440,192.0,16383.5
350.480,192.0,16385.6
350.520,190.0,16387.7
350.560,190.0,16389.8
350.600,187.0,16391.9
350.640,187.0,16394.0
350.680,187.0,16396.1
350.720,184.0,16398.1
350.760,184.0,16400.2
350.800,180.0,16402.2
350.840,180.0,16404.2
350.880,180.0,16406.2
350.920,177.0,16408.2
350.960,177.0,16410.2
351.000,174.0,16412.1
351.040,174.0,16414.0
351.080,174.0,16416.0
351.120,171.0,16417.9
351.160,171.0,16419.8
351.200,170.0,16421.7
351.240,170.0,16423.6
351.280,170.0,16425.5
351.320,169.0,16427.3
351.360,169.0,16429.2
351.400,167.0,16431.1
351.440,167.0,16432.9
351.480,167.0,16434.8
351.520,166.0,16436.7
351.560,166.0,16438.5
351.600,165.0,16440.3
351.640,165.0,16442.2
351.680,165.0,16444.0
351.720,164.0,16445.8
351.760,164.0,16447.7
351.800,161.0,16449.5
351.840,161.0,16451.2
351.880,161.0,16453.0
351.920,160.0,16454.8
351.960,160.0,16456.6
352.000,159.0,16458.4
352.040,159.0,16460.1
352.080,159.0,16461.9
352.120,157.0,16463.7
352.160,157.0,16465.4
352.200,157.0,16467.1
352.240,157.0,16468.9
352.280,157.0,16470.6
352.320,156.0,16472.4
352.360,156.0,16474.1
352.400,155.0,16475.8
352.440,155.0,16477.6
352.480,155.0,16479.3
352.520,155.0,16481.0
352.560,155.0,16482.7
352.600,154.0,16484.4
352.640,154.0,16486.2
352.680,154.0,16487.9
352.720,153.0,16489.6
352.760,153.0,16491.3
352.800,153.0,16493.0
352.840,153.0,16494.7
352.880,153.0,16496.4
352.920,153.0,16498.1
352.960,153.0,16499.8
353.000,154.0,16501.5
353.040,154.0,16503.2
353.080,154.0,16504.9
353.120,155.0,16506.6
353.160,155.0,16508.3
353.200,156.0,16510.1
353.240,156.0,16511.8
353.280,156.0,16513.5
353.320,156.0,16515.3
353.360,156.0,16517.0
353.400,157.0,16518.7
353.440,157.0,16520.5
353.480,157.0,16522.2
353.520,157.0,16524.0
353.560,157.0,16525.7
353.600,156.0,16527.5
353.640,156.0,16529.2
353.680,156.0,16530.9
353.720,157.0,16532.7
353.760,157.0,16534.4
353.800,157.0,16536.1
353.840,157.0,16537.9
353.880,157.0,16539.6
353.920,157.0,16541.4
353.960,157.0,16543.1
354.000,158.0,16544.9
354.040,158.0,16546.6
354.080,158.0,16548.4
354.120,158.0,16550.1
354.160,158.0,16551.9
354.200,161.0,16553.7
354.240,161.0,16555.5
354.280,161.0,16557.2
354.320,163.0,16559.0
354.360,163.0,16560.9
354.400,163.0,16562.7
354.440,163.0,16564.5
354.480,163.0,16566.3
354.520,162.0,16568.1
354.560,162.0,16569.9
354.600,158.0,16571.7
354.640,158.0,16573.4
354.680,158.0,16575.2
354.720,154.0,16576.9
354.760,154.0,16578.6
354.800,151.0,16580.3
354.840,151.0,16582.0
354.880,151.0,16583.7
354.920,147.0,16585.3
354.960,147.0,16587.0
355.000,146.0,16588.6
355.040,146.0,16590.2
355.080,146.0,16591.8
355.120,142.0,16593.4
355.160,142.0,16595.0
355.200,138.0,16596.6
355.240,138.0,16598.1
355.280,138.0,16599.6
355.320,135.0,16601.2
355.360,135.0,16602.7
355.400,133.0,16604.1
355.440,133.0,16605.6
355.480,133.0,16607.1
355.520,129.0,16608.6
355.560,129.0,16610.0
355.600,127.0,16611.4
355.640,127.0,16612.8
355.680,127.0,16614.2
355.720,125.0,16615.6
355.760,125.0,16617.0
355.800,123.0,16618.4
355.840,123.0,16619.8
355.880,123.0,16621.1
355.920,121.0,16622.5
355.960,121.0,16623.8
356.000,121.0,16625.2
356.040,121.0,16626.5
356.080,121.0,16627.9
356.120,120.0,16629.2
356.160,120.0,16630.5
356.200,119.0,16631.9
356.240,119.0,16633.2
356.280,119.0,16634.5
356.320,118.0,16635.8
356.360,118.0,16637.1
356.400,117.0,16638.4
356.440,117.0,16639.7
356.480,117.0,16641.0
356.520,116.0,16642.3
356.560,116.0,16643.6
356.600,115.0,16644.9
356.640,115.0,16646.2
356.680,115.0,16647.5
356.720,116.0,16648.8
356.760,116.0,16650.0
356.800,116.0,16651.3
356.840,116.0,16652.6
356.880,116.0,16653.9
356.920,116.0,16655.2
356.960,116.0,16656.5
357.000,117.0,16657.8
357.040,117.0,16659.1
357.080,117.0,16660.4
357.120,117.0,16661.7
357.160,117.0,16663.0
357.200,117.0,16664.3
357.240,117.0,16665.6
357.280,117.0,16666.9
357.320,118.0,16668.2
357.360,118.0,16669.5
357.400,119.0,16670.8
357.440,119.0,16672.1
357.480,119.0,16673.5
357.520,120.0,16674.8
357.560,120.0,16676.1
357.600,121.0,16677.5
357.640,121.0,16678.8
357.680,121.0,16680.1
357.720,122.0,16681.5
357.760,122.0,16682.9
357.800,123.0,16684.2
357.840,123.0,16685.6
357.880,123.0,16686.9
357.920,124.0,16688.3
357.960,124.0,16689.7
358.000,125.0,16691.1
358.040,125.0,16692.5
358.080,125.0,16693.9
358.120,127.0,16695.3
358.160,127.0,16696.7
358.200,129.0,16698.1
358.240,129.0,16699.5
358.280,129.0,16701.0
358.320,130.0,16702.4
358.360,130.0,16703.8
358.400,132.0,16705.3
358.440,132.0,16706.8
358.480,132.0,16708.2
358.520,133.0,16709.7
358.560,133.0,16711.2
358.600,135.0,16712.7
358.640,135.0,16714.2
358.680,135.0,16715.7
358.720,136.0,16717.2
358.760,136.0,16718.7
358.800,138.0,16720.2
358.840,138.0,16721.7
358.880,138.0,16723.3
358.920,139.0,16724.8
358.960,139.0,16726.4
359.000,141.0,16727.9
359.040,141.0,16729.5
359.080,141.0,16731.0
359.120,142.0,16732.6
359.160,142.0,16734.2
359.200,145.0,16735.8
359.240,145.0,16737.4
359.280,145.0,16739.0
359.320,147.0,16740.6
359.360,147.0,16742.3
359.400,148.0,16743.9
359.440,148.0,16745.6
359.480,148.0,16747.2
359.520,151.0,16748.9
359.560,151.0,16750.5
359.600,153.0,16752.2
359.640,153.0,16753.9
359.680,153.0,16755.6
359.720,156.0,16757.3
359.760,156.0,16759.1
359.800,158.0,16760.8
359.840,158.0,16762.6
359.880,158.0,16764.3
359.920,161.0,16766.1
359.960,161.0,16767.9
360.000,163.0,16769.7
360.040,163.0,16771.5
360.080,163.0,16773.3
360.120,166.0,16775.1
360.160,166.0,16777.0
360.200,168.0,16778.8
360.240,168.0,16780.7
360.280,168.0,16782.6
360.320,170.0,16784.5
360.360,170.0,16786.3
360.400,173.0,16788.2
360.440,173.0,16790.2
360.480,173.0,16792.1
360.520,174.0,16794.0
360.560,174.0,16796.0
360.600,173.0,16797.9
360.640,173.0,16799.8
360.680,173.0,16801.7
360.720,168.0,16803.6
360.760,168.0,16805.5
360.800,164.0,16807.3
360.840,164.0,16809.2
360.880,164.0,16811.0
360.920,160.0,16812.8
360.960,160.0,16814.6
361.000,154.0,16816.3
361.040,154.0,16818.0
361.080,154.0,16819.7
361.120,150.0,16821.4
361.160,150.0,16823.1
361.200,146.0,16824.7
361.240,146.0,16826.3
361.280,146.0,16828.0
361.320,142.0,16829.6
361.360,142.0,16831.1
361.400,138.0,16832.7
361.440,138.0,16834.2
361.480,138.0,16835.8
361.520,133.0,16837.3
361.560,133.0,16838.7
361.600,129.0,16840.2
361.640,129.0,16841.6
361.680,129.0,16843.1
361.720,126.0,16844.5
361.760,126.0,16845.9
361.800,122.0,16847.3
361.840,122.0,16848.6
361.880,122.0,16850.0
361.920,118.0,16851.3
361.960,118.0,16852.6
362.000,114.0,16853.9
362.040,114.0,16855.2
362.080,114.0,16856.4
362.120,111.0,16857.7
362.160,111.0,16858.9
362.200,108.0,16860.1
362.240,108.0,16861.3
362.280,108.0,16862.5
362.320,107.0,16863.7
362.360,107.0,16864.9
362.400,106.0,16866.1
362.440,106.0,16867.3
362.480,106.0,16868.5
362.520,105.0,16869.6
362.560,105.0,16870.8
362.600,104.0,16872.0
362.640,104.0,16873.1
362.680,104.0,16874.3
362.720,104.0,16875.4
362.760,104.0,16876.6
362.800,103.0,16877.7
362.840,103.0,16878.9
362.880,103.0,16880.0
362.920,103.0,16881.2
362.960,103.0,16882.3
363.000,102.0,16883.5
363.040,102.0,16884.6
363.080,102.0,16885.7
363.120,102.0,16886.9
363.160,102.0,16888.0
363.200,101.0,16889.1
363.240,101.0,16890.2
363.280,101.0,16891.4
363.320,100.0,16892.5
363.360,100.0,16893.6
363.400,100.0,16894.7
363.440,100.0,16895.8
363.480,100.0,16896.9
363.520,99.0,16898.0
363.560,99.0,16899.1
363.600,99.0,16900.2
363.640,99.0,16901.3
363.680,99.0,16902.4
363.720,99.0,16903.5
363.760,99.0,16904.6
363.800,99.0,16905.7
363.840,99.0,16906.8
363.880,99.0,16907.9
363.920,99.0,16909.0
363.960,99.0,16910.1
364.000,99.0,16911.2
364.040,99.0,16912.3
364.080,99.0,16913.4
364.120,101.0,16914.5
364.160,101.0,16915.7
364.200,100.0,16916.8
364.240,100.0,16917.9
364.280,100.0,16919.0
364.320,101.0,16920.1
364.360,101.0,16921.2
364.400,102.0,16922.4
364.440,102.0,16923.5
364.480,102.0,16924.6
364.520,101.0,16925.8
364.560,101.0,16926.9
364.600,103.0,16928.0
364.640,103.0,16929.2
364.680,103.0,16930.3
364.720,103.0,16931.4
364.760,103.0,16932.6
364.800,104.0,16933.7
364.840,104.0,16934.9
364.880,104.0,16936.1
364.920,106.0,16937.2
364.960,106.0,16938.4
365.000,107.0,16939.6
365.040,107.0,16940.8
365.080,107.0,16942.0
365.120,108.0,16943.2
365.160,108.0,16944.4
365.200,111.0,16945.6
365.240,111.0,16946.8
365.280,111.0,16948.0
365.320,110.0,16949.3
365.360,110.0,16950.5
365.400,112.0,16951.7
365.440,112.0,16953.0
365.480,112.0,16954.2
365.520,112.0,16955.5
365.560,112.0,16956.7
365.600,113.0,16957.9
365.640,113.0,16959.2
365.680,113.0,16960.5
365.720,115.0,16961.7
365.760,115.0,16963.0
365.800,117.0,16964.3
365.840,117.0,16965.6
365.880,117.0,16966.9
365.920,118.0,16968.2
365.960,118.0,16969.5
366.000,120.0,16970.8
366.040,120.0,16972.2
366.080,120.0,16973.5
366.120,123.0,16974.8
366.160,123.0,16976.2
366.200,125.0,16977.6
366.240,125.0,16979.0
366.280,125.0,16980.4
366.320,126.0,16981.8
366.360,126.0,16983.2
366.400,129.0,16984.6
366.440,129.0,16986.0
366.480,129.0,16987.4
366.520,132.0,16988.9
366.560,132.0,16990.4
366.600,134.0,16991.8
366.640,134.0,16993.3
366.680,134.0,16994.8
366.720,138.0,16996.3
366.760,138.0,16997.9
366.800,140.0,16999.4
366.840,140.0,17001.0
366.880,140.0,17002.5
366.920,143.0,17004.1
366.960,143.0,17005.7
367.000,145.0,17007.3
367.040,145.0,17008.9
367.080,145.0,17010.5
367.120,147.0,17012.1
367.160,147.0,17013.8
367.200,150.0,17015.4
367.240,150.0,17017.1
367.280,150.0,17018.7
367.320,153.0,17020.4
367.360,153.0,17022.1
367.400,154.0,17023.8
367.440,154.0,17025.5
367.480,154.0,17027.3
367.520,157.0,17029.0
367.560,157.0,17030.7
367.600,160.0,17032.5
367.640,160.0,17034.3
367.680,160.0,17036.0
367.720,161.0,17037.8
367.760,161.0,17039.6
367.800,164.0,17041.4
367.840,164.0,17043.2
367.880,164.0,17045.1
367.920,166.0,17046.9
367.960,166.0,17048.7
368.000,168.0,17050.6
368.040,168.0,17052.5
368.080,168.0,17054.3
368.120,170.0,17056.2
368.160,170.0,17058.1
368.200,173.0,17060.0
368.240,173.0,17061.9
368.280,173.0,17063.8
368.320,174.0,17065.8
368.360,174.0,17067.7
368.400,177.0,17069.7
368.440,177.0,17071.6
368.480,177.0,17073.6
368.520,179.0,17075.6
368.560,179.0,17077.6
368.600,181.0,17079.6
368.640,181.0,17081.6
368.680,181.0,17083.6
368.720,183.0,17085.6
368.760,183.0,17087.6
368.800,185.0,17089.7
368.840,185.0,17091.7
368.880,185.0,17093.8
368.920,187.0,17095.9
368.960,187.0,17097.9
369.000,188.0,17100.0
369.040,188.0,17102.1
369.080,188.0,17104.2
369.120,190.0,17106.3
369.160,190.0,17108.4
369.200,192.0,17110.5
369.240,192.0,17112.7
369.280,192.0,17114.8
369.320,194.0,17116.9
369.360,194.0,17119.1
369.400,196.0,17121.3
369.440,196.0,17123.4
369.480,196.0,17125.6
369.520,198.0,17127.8
369.560,198.0,17130.0
369.600,199.0,17132.2
369.640,199.0,17134.4
369.680,199.0,17136.6
369.720,200.0,17138.9
369.760,200.0,17141.1
369.800,199.0,17143.3
369.840,199.0,17145.5
369.880,199.0,17147.7
369.920,198.0,17149.9
369.960,198.0,17152.1
370.000,195.0,17154.3
370.040,195.0,17156.5
370.080,195.0,17158.6
370.120,192.0,17160.8
370.160,192.0,17162.9
370.200,187.0,17165.0
370.240,187.0,17167.1
370.280,187.0,17169.2
370.320,183.0,17171.2
370.360,183.0,17173.3
370.400,179.0,17175.3
370.440,179.0,17177.3
370.480,179.0,17179.3
370.520,174.0,17181.2
370.560,174.0,17183.2
370.600,169.0,17185.1
370.640,169.0,17186.9
370.680,169.0,17188.8
370.720,165.0,17190.7
370.760,165.0,17192.5
370.800,161.0,17194.3
370.840,161.0,17196.1
370.880,161.0,17197.9
370.920,158.0,17199.7
370.960,158.0,17201.4
371.000,156.0,17203.2
371.040,156.0,17204.9
371.080,156.0,17206.6
371.120,153.0,17208.3
371.160,153.0,17210.0
371.200,152.0,17211.7
371.240,152.0,17213.4
371.280,152.0,17215.1
371.320,150.0,17216.8
371.360,150.0,17218.5
371.400,149.0,17220.1
371.440,149.0,17221.8
371.480,149.0,17223.4
371.520,148.0,17225.1
371.560,148.0,17226.7
371.600,147.0,17228.4
371.640,147.0,17230.0
371.680,147.0,17231.6
371.720,146.0,17233.3
371.760,146.0,17234.9
371.800,146.0,17236.5
371.840,146.0,17238.1
371.880,146.0,17239.8
371.920,145.0,17241.4
371.960,145.0,17243.0
372.000,144.0,17244.6
372.040,144.0,17246.2
372.080,144.0,17247.8
372.120,143.0,17249.4
372.160,143.0,17251.0
372.200,143.0,17252.6
372.240,143.0,17254.1
372.280,143.0,17255.7
372.320,142.0,17257.3
372.360,142.0,17258.9
372.400,141.0,17260.5
372.440,141.0,17262.0
372.480,141.0,17263.6
372.520,141.0,17265.2
372.560,141.0,17266.7
372.600,141.0,17268.3
372.640,141.0,17269.9
372.680,141.0,17271.4
372.720,142.0,17273.0
372.760,142.0,17274.6
372.800,142.0,17276.2
372.840,142.0,17277.7
372.880,142.0,17279.3
372.920,143.0,17280.9
372.960,143.0,17282.5
373.000,144.0,17284.1
373.040,144.0,17285.7
373.080,144.0,17287.3
373.120,145.0,17288.9
373.160,145.0,17290.5
373.200,145.0,17292.1
373.240,145.0,17293.7
373.280,145.0,17295.3
373.320,146.0,17297.0
373.360,146.0,17298.6
373.400,147.0,17300.2
373.440,147.0,17301.8
373.480,147.0,17303.5
373.520,147.0,17305.1
373.560,147.0,17306.7
373.600,147.0,17308.4
373.640,147.0,17310.0
373.680,147.0,17311.6
373.720,149.0,17313.3
373.760,149.0,17314.9
373.800,149.0,17316.6
373.840,149.0,17318.2
373.880,149.0,17319.9
373.920,150.0,17321.6
373.960,150.0,17323.2
374.000,152.0,17324.9
374.040,152.0,17326.6
374.080,152.0,17328.3
374.120,153.0,17330.0
374.160,153.0,17331.7
374.200,155.0,17333.4
374.240,155.0,17335.1
374.280,155.0,17336.8
374.320,157.0,17338.6
374.360,157.0,17340.3
374.400,159.0,17342.1
374.440,159.0,17343.8
374.480,159.0,17345.6
374.520,160.0,17347.4
374.560,160.0,17349.2
374.600,160.0,17350.9
374.640,160.0,17352.7
374.680,160.0,17354.5
374.720,160.0,17356.3
374.760,160.0,17358.0
374.800,160.0,17359.8
374.840,160.0,17361.6
374.880,160.0,17363.4
374.920,161.0,17365.2
374.960,161.0,17366.9
375.000,160.0,17368.7
375.040,160.0,17370.5
375.080,160.0,17372.3
375.120,160.0,17374.1
375.160,160.0,17375.8
375.200,159.0,17377.6
375.240,159.0,17379.4
375.280,159.0,17381.1
375.320,159.0,17382.9
375.360,159.0,17384.7
375.400,158.0,17386.4
375.440,158.0,17388.2
375.480,158.0,17390.0
375.520,157.0,17391.7
375.560,157.0,17393.4
375.600,157.0,17395.2
375.640,157.0,17396.9
375.680,157.0,17398.7
375.720,156.0,17400.4
375.760,156.0,17402.2
375.800,156.0,17403.9
375.840,156.0,17405.6
375.880,156.0,17407.4
375.920,155.0,17409.1
375.960,155.0,17410.8
376.000,155.0,17412.5
376.040,155.0,17414.2
376.080,155.0,17416.0
376.120,155.0,17417.7
376.160,155.0,17419.4
376.200,154.0,17421.1
376.240,154.0,17422.8
376.280,154.0,17424.6
376.320,155.0,17426.3
376.360,155.0,17428.0
376.400,155.0,17429.7
376.440,155.0,17431.4
376.480,155.0,17433.2
376.520,154.0,17434.9
376.560,154.0,17436.6
376.600,155.0,17438.3
376.640,155.0,17440.0
376.680,155.0,17441.7
376.720,155.0,17443.5
376.760,155.0,17445.2
376.800,154.0,17446.9
376.840,154.0,17448.6
376.880,154.0,17450.3
376.920,154.0,17452.0
376.960,154.0,17453.8
377.000,154.0,17455.5
377.040,154.0,17457.2
377.080,154.0,17458.9
377.120,152.0,17460.6
377.160,152.0,17462.3
377.200,152.0,17464.0
377.240,152.0,17465.7
377.280,152.0,17467.3
377.320,152.0,17469.0
377.360,152.0,17470.7
377.400,151.0,17472.4
377.440,151.0,17474.1
377.480,151.0,17475.8
377.520,151.0,17477.4
377.560,151.0,17479.1
377.600,150.0,17480.8
377.640,150.0,17482.5
377.680,150.0,17484.1
377.720,150.0,17485.8
377.760,150.0,17487.5
377.800,149.0,17489.1
377.840,149.0,17490.8
377.880,149.0,17492.4
377.920,149.0,17494.1
377.960,149.0,17495.7
378.000,150.0,17497.4
378.040,150.0,17499.1
378.080,150.0,17500.7
378.120,151.0,17502.4
378.160,151.0,17504.1
378.200,152.0,17505.8
378.240,152.0,17507.5
378.280,152.0,17509.1
378.320,154.0,17510.8
378.360,154.0,17512.6
378.400,156.0,17514.3
378.440,156.0,17516.0
378.480,156.0,17517.7
378.520,157.0,17519.5
378.560,157.0,17521.2
378.600,159.0,17523.0
378.640,159.0,17524.7
378.680,159.0,17526.5
378.720,161.0,17528.3
378.760,161.0,17530.1
378.800,163.0,17531.9
378.840,163.0,17533.7
378.880,163.0,17535.5
378.920,165.0,17537.3
378.960,165.0,17539.2
379.000,167.0,17541.0
379.040,167.0,17542.9
379.080,167.0,17544.7
379.120,169.0,17546.6
379.160,169.0,17548.5
379.200,171.0,17550.3
379.240,171.0,17552.2
379.280,171.0,17554.1
379.320,173.0,17556.1
379.360,173.0,17558.0
379.400,175.0,17559.9
379.440,175.0,17561.9
379.480,175.0,17563.8
379.520,177.0,17565.8
379.560,177.0,17567.7
379.600,179.0,17569.7
379.640,179.0,17571.7
379.680,179.0,17573.7
379.720,181.0,17575.7
379.760,181.0,17577.7
379.800,183.0,17579.7
379.840,183.0,17581.7
379.880,183.0,17583.8
379.920,185.0,17585.8
379.960,185.0,17587.9
380.000,187.0,17589.9
380.040,187.0,17592.0
380.080,187.0,17594.1
380.120,188.0,17596.2
380.160,188.0,17598.3
380.200,189.0,17600.4
380.240,189.0,17602.5
380.280,189.0,17604.6
380.320,191.0,17606.7
380.360,191.0,17608.8
380.400,192.0,17610.9
380.440,192.0,17613.1
380.480,192.0,17615.2
380.520,195.0,17617.3
380.560,195.0,17619.5
380.600,196.0,17621.7
380.640,196.0,17623.9
380.680,196.0,17626.0
380.720,198.0,17628.2
380.760,198.0,17630.4
380.800,200.0,17632.6
380.840,200.0,17634.9
380.880,200.0,17637.1
380.920,200.0,17639.3
380.960,200.0,17641.5
381.000,202.0,17643.8
381.040,202.0,17646.0
381.080,202.0,17648.3
381.120,202.0,17650.5
381.160,202.0,17652.7
381.200,204.0,17655.0
381.240,204.0,17657.3
381.280,204.0,17659.5
381.320,205.0,17661.8
381.360,205.0,17664.1
381.400,207.0,17666.4
381.440,207.0,17668.7
381.480,207.0,17671.0
381.520,209.0,17673.3
381.560,209.0,17675.6
381.600,210.0,17677.9
381.640,210.0,17680.3
381.680,210.0,17682.6
381.720,211.0,17684.9
381.760,211.0,17687.3
381.800,214.0,17689.6
381.840,214.0,17692.0
381.880,214.0,17694.4
381.920,214.0,17696.8
381.960,214.0,17699.2
382.000,217.0,17701.5
382.040,217.0,17704.0
382.080,217.0,17706.4
382.120,218.0,17708.8
382.160,218.0,17711.2
382.200,220.0,17713.6
382.240,220.0,17716.1
382.280,220.0,17718.5
382.320,220.0,17721.0
382.360,220.0,17723.4
382.440,223.0,17728.3
382.520,224.0,17733.3
382.560,224.0,17735.8
382.600,224.0,17738.3
382.640,224.0,17740.8
382.680,224.0,17743.3
382.720,226.0,17745.8
382.760,226.0,17748.3
382.920,229.0,17758.4
382.960,229.0,17760.9
383.000,230.0,17763.5
383.040,230.0,17766.0
383.080,230.0,17768.6
383.120,232.0,17771.2
383.160,232.0,17773.7
383.200,232.0,17776.3
383.240,232.0,17778.9
383.280,232.0,17781.5
383.320,234.0,17784.1
383.360,234.0,17786.7
383.400,236.0,17789.3
383.440,236.0,17791.9
383.480,236.0,17794.5
383.520,237.0,17797.1
383.560,237.0,17799.8
383.600,238.0,17802.4
383.640,238.0,17805.1
383.680,238.0,17807.7
383.720,240.0,17810.4
383.760,240.0,17813.0
383.800,241.0,17815.7
383.840,241.0,17818.4
383.880,241.0,17821.1
383.920,243.0,17823.7
383.960,243.0,17826.4
384.000,242.0,17829.1
384.040,242.0,17831.8
384.080,242.0,17834.5
384.120,244.0,17837.2
384.160,244.0,17839.9
384.200,246.0,17842.6
384.240,246.0,17845.4
384.280,246.0,17848.1
384.320,247.0,17850.9
384.360,247.0,17853.6
384.400,248.0,17856.3
384.440,248.0,17859.1
384.480,248.0,17861.9
384.520,250.0,17864.6
384.560,250.0,17867.4
384.600,250.0,17870.2
384.640,250.0,17873.0
384.680,250.0,17875.7
384.720,251.0,17878.5
384.760,251.0,17881.3
384.800,253.0,17884.1
384.840,253.0,17886.9
384.880,253.0,17889.7
384.920,255.0,17892.6
384.960,255.0,17895.4
385.000,255.0,17898.2
385.040,255.0,17901.1
385.080,255.0,17903.9
385.120,256.0,17906.7
385.160,256.0,17909.6
385.200,258.0,17912.4
385.240,258.0,17915.3
385.280,258.0,17918.2
385.320,258.0,17921.0
385.360,258.0,17923.9
385.400,259.0,17926.8
385.440,259.0,17929.6
385.480,259.0,17932.5
385.520,261.0,17935.4
385.560,261.0,17938.3
385.600,262.0,17941.2
385.640,262.0,17944.1
385.680,262.0,17947.0
385.720,263.0,17950.0
385.760,263.0,17952.9
385.800,264.0,17955.8
385.840,264.0,17958.7
385.880,264.0,17961.7
385.920,265.0,17964.6
385.960,265.0,17967.6
386.000,266.0,17970.5
386.040,266.0,17973.5
386.080,266.0,17976.4
386.120,266.0,17979.4
386.160,266.0,17982.3
386.200,266.0,17985.3
386.240,266.0,17988.2
386.280,266.0,17991.2
386.320,266.0,17994.1
386.360,266.0,17997.1
386.400,267.0,18000.1
386.440,267.0,18003.0
386.480,267.0,18006.0
386.520,270.0,18009.0
386.560,270.0,18012.0
386.640,273.0,18018.0
386.680,273.0,18021.0
386.720,274.0,18024.1
386.760,274.0,18027.1
386.800,274.0,18030.2
386.840,274.0,18033.2
386.880,274.0,18036.3
386.920,276.0,18039.3
386.960,276.0,18042.4
387.000,276.0,18045.5
387.040,276.0,18048.5
387.080,276.0,18051.6
387.120,278.0,18054.7
387.160,278.0,18057.8
387.200,278.0,18060.8
387.240,278.0,18063.9
387.280,278.0,18067.0
387.320,280.0,18070.1
387.360,280.0,18073.2
387.400,280.0,18076.3
387.440,280.0,18079.5
387.480,280.0,18082.6
387.600,282.0,18091.9
387.640,282.0,18095.1
387.680,282.0,18098.2
387.720,284.0,18101.3
387.760,284.0,18104.5
387.800,284.0,18107.7
387.840,284.0,18110.8
387.880,284.0,18114.0
387.920,285.0,18117.1
387.960,285.0,18120.3
388.000,287.0,18123.5
388.040,287.0,18126.7
388.080,287.0,18129.8
388.120,287.0,18133.0
388.160,287.0,18136.2
388.200,288.0,18139.4
388.240,288.0,18142.6
388.280,288.0,18145.8
388.320,289.0,18149.0
388.360,289.0,18152.2
388.400,290.0,18155.5
388.440,290.0,18158.7
388.480,290.0,18161.9
388.520,291.0,18165.1
388.560,291.0,18168.4
388.600,291.0,18171.6
388.640,291.0,18174.8
388.680,291.0,18178.1
388.720,292.0,18181.3
388.760,292.0,18184.5
388.800,293.0,18187.8
388.840,293.0,18191.0
388.880,293.0,18194.3
388.920,294.0,18197.6
388.960,294.0,18200.8
389.000,294.0,18204.1
389.040,294.0,18207.4
389.080,294.0,18210.6
389.120,295.0,18213.9
389.160,295.0,18217.2
389.200,296.0,18220.5
389.240,296.0,18223.8
389.280,296.0,18227.0
389.400,298.0,18236.9
389.440,298.0,18240.3
389.480,298.0,18243.6
389.520,298.0,18246.9
389.560,298.0,18250.2
389.600,299.0,18253.5
389.640,299.0,18256.8
389.680,299.0,18260.1
389.720,300.0,18263.5
389.760,300.0,18266.8
389.800,300.0,18270.1
389.840,300.0,18273.5
389.880,300.0,18276.8
389.920,301.0,18280.1
389.960,301.0,18283.5
390.000,302.0,18286.8
390.040,302.0,18290.2
390.080,302.0,18293.6
390.120,303.0,18296.9
390.160,303.0,18300.3
390.200,303.0,18303.6
390.240,303.0,18307.0
390.280,303.0,18310.4
390.320,304.0,18313.8
390.360,304.0,18317.1
390.400,304.0,18320.5
390.440,304.0,18323.9
390.480,304.0,18327.3
390.520,305.0,18330.6
390.560,305.0,18334.0
390.600,306.0,18337.4
390.640,306.0,18340.8
390.680,306.0,18344.2
390.720,306.0,18347.6
390.760,306.0,18351.0
390.800,307.0,18354.4
390.840,307.0,18357.8
390.880,307.0,18361.3
390.920,307.0,18364.7
390.960,307.0,18368.1
391.000,308.0,18371.5
391.040,308.0,18374.9
391.080,308.0,18378.3
391.120,308.0,18381.8
391.160,308.0,18385.2
391.200,309.0,18388.6
391.240,309.0,18392.0
391.280,309.0,18395.5
391.320,310.0,18398.9
391.360,310.0,18402.4
391.400,310.0,18405.8
391.440,310.0,18409.3
391.480,310.0,18412.7
391.520,311.0,18416.1
391.560,311.0,18419.6
391.600,311.0,18423.1
391.640,311.0,18426.5
391.680,311.0,18430.0
391.720,313.0,18433.4
391.760,313.0,18436.9
391.800,313.0,18440.4
391.840,313.0,18443.9
391.880,313.0,18447.3
391.920,313.0,18450.8
391.960,313.0,18454.3
392.000,314.0,18457.8
392.040,314.0,18461.3
392.080,314.0,18464.8
392.120,315.0,18468.3
392.160,315.0,18471.8
392.200,315.0,18475.3
392.240,315.0,18478.8
392.280,315.0,18482.3
392.320,316.0,18485.8
392.360,316.0,18489.3
392.400,316.0,18492.8
392.440,316.0,18496.3
392.480,316.0,18499.8
392.520,317.0,18503.3
392.560,317.0,18506.8
392.600,317.0,18510.4
392.640,317.0,18513.9
392.680,317.0,18517.4
392.720,318.0,18520.9
392.760,318.0,18524.5
392.800,318.0,18528.0
392.840,318.0,18531.5
392.880,318.0,18535.1
392.920,319.0,18538.6
392.960,319.0,18542.2
393.000,319.0,18545.7
393.040,319.0,18549.2
393.080,319.0,18552.8
393.120,320.0,18556.3
393.160,320.0,18559.9
393.200,321.0,18563.5
393.240,321.0,18567.0
393.280,321.0,18570.6
393.320,321.0,18574.2
393.360,321.0,18577.7
393.400,322.0,18581.3
393.440,322.0,18584.9
393.480,322.0,18588.5
393.520,322.0,18592.0
393.560,322.0,18595.6
393.600,322.0,18599.2
393.640,322.0,18602.8
393.680,322.0,18606.3
393.720,323.0,18609.9
393.760,323.0,18613.5
393.800,324.0,18617.1
393.840,324.0,18620.7
393.880,324.0,18624.3
393.920,324.0,18627.9
393.960,324.0,18631.5
394.000,325.0,18635.1
394.040,325.0,18638.7
394.080,325.0,18642.3
394.120,325.0,18645.9
394.160,325.0,18649.6
394.200,326.0,18653.2
394.240,326.0,18656.8
394.280,326.0,18660.4
394.320,326.0,18664.0
394.360,326.0,18667.7
394.400,326.0,18671.3
394.440,326.0,18674.9
394.480,326.0,18678.5
394.520,327.0,18682.2
394.560,327.0,18685.8
394.600,328.0,18689.4
394.640,328.0,18693.1
394.680,328.0,18696.7
394.720,328.0,18700.4
394.760,328.0,18704.0
394.800,328.0,18707.7
394.840,328.0,18711.3
394.880,328.0,18714.9
394.920,329.0,18718.6
394.960,329.0,18722.2
395.000,329.0,18725.9
395.040,329.0,18729.6
395.080,329.0,18733.2
395.120,330.0,18736.9
395.160,330.0,18740.5
395.200,330.0,18744.2
395.240,330.0,18747.9
395.280,330.0,18751.5
395.320,331.0,18755.2
395.360,331.0,18758.9
395.400,331.0,18762.6
395.440,331.0,18766.2
395.480,331.0,18769.9
395.520,332.0,18773.6
395.560,332.0,18777.3
395.600,332.0,18781.0
395.640,332.0,18784.7
395.680,332.0,18788.4
395.720,332.0,18792.1
395.760,332.0,18795.7
395.800,333.0,18799.4
395.840,333.0,18803.1
395.880,333.0,18806.8
395.920,333.0,18810.5
395.960,333.0,18814.2
396.000,333.0,18817.9
396.040,333.0,18821.6
396.080,333.0,18825.3
396.120,334.0,18829.0
396.160,334.0,18832.8
396.200,334.0,18836.5
396.240,334.0,18840.2
396.280,334.0,18843.9
396.320,334.0,18847.6
396.360,334.0,18851.3
396.400,335.0,18855.0
396.440,335.0,18858.7
396.480,335.0,18862.5
396.520,335.0,18866.2
396.560,335.0,18869.9
396.600,335.0,18873.6
396.640,335.0,18877.4
396.680,335.0,18881.1
396.720,336.0,18884.8
396.760,336.0,18888.5
396.800,336.0,18892.3
396.840,336.0,18896.0
396.880,336.0,18899.7
396.920,336.0,18903.5
396.960,336.0,18907.2
397.000,337.0,18910.9
397.040,337.0,18914.7
397.080,337.0,18918.4
397.120,337.0,18922.2
397.160,337.0,18925.9
397.200,337.0,18929.7
397.240,337.0,18933.4
397.280,337.0,18937.2
397.320,337.0,18940.9
397.360,337.0,18944.6
397.400,337.0,18948.4
397.440,337.0,18952.1
397.480,337.0,18955.9
397.520,338.0,18959.6
397.560,338.0,18963.4
397.600,337.0,18967.1
397.640,337.0,18970.9
397.680,337.0,18974.6
397.720,338.0,18978.4
397.760,338.0,18982.1
397.800,338.0,18985.9
397.840,338.0,18989.6
397.880,338.0,18993.4
397.920,339.0,18997.2
397.960,339.0,19000.9
398.000,339.0,19004.7
398.040,339.0,19008.5
398.080,339.0,19012.2
398.120,339.0,19016.0
398.160,339.0,19019.8
398.200,339.0,19023.5
398.240,339.0,19027.3
398.280,339.0,19031.1
398.320,339.0,19034.8
398.360,339.0,19038.6
398.400,339.0,19042.4
398.440,339.0,19046.1
398.480,339.0,19049.9
398.520,340.0,19053.7
398.560,340.0,19057.4
398.600,339.0,19061.2
398.640,339.0,19065.0
398.680,339.0,19068.7
398.720,340.0,19072.5
398.760,340.0,19076.3
398.800,340.0,19080.1
398.840,340.0,19083.9
398.880,340.0,19087.6
398.920,340.0,19091.4
398.960,340.0,19095.2
399.000,340.0,19099.0
399.040,340.0,19102.7
399.080,340.0,19106.5
399.120,341.0,19110.3
399.160,341.0,19114.1
399.200,341.0,19117.9
399.240,341.0,19121.7
399.280,341.0,19125.5
399.320,341.0,19129.2
399.360,341.0,19133.0
399.400,341.0,19136.8
399.440,341.0,19140.6
399.480,341.0,19144.4
399.520,341.0,19148.2
399.560,341.0,19152.0
399.600,341.0,19155.8
399.640,341.0,19159.6
399.680,341.0,19163.3
399.720,341.0,19167.1
399.760,341.0,19170.9
399.800,342.0,19174.7
399.840,342.0,19178.5
399.880,342.0,19182.3
399.920,342.0,19186.1
399.960,342.0,19189.9
400.000,342.0,19193.7
400.040,342.0,19197.5
400.080,342.0,19201.3
400.120,342.0,19205.1
400.160,342.0,19208.9
400.200,343.0,19212.7
400.240,343.0,19216.5
400.280,343.0,19220.3
400.320,342.0,19224.2
400.360,342.0,19228.0
400.400,343.0,19231.8
400.440,343.0,19235.6
400.480,343.0,19239.4
400.520,343.0,19243.2
400.560,343.0,19247.0
400.600,343.0,19250.8
400.640,343.0,19254.6
400.680,343.0,19258.4
400.720,344.0,19262.3
400.760,344.0,19266.1
400.800,343.0,19269.9
400.840,343.0,19273.7
400.880,343.0,19277.5
400.920,344.0,19281.3
400.960,344.0,19285.2
401.000,344.0,19289.0
401.040,344.0,19292.8
401.080,344.0,19296.6
401.120,344.0,19300.4
401.160,344.0,19304.3
401.200,345.0,19308.1
401.240,345.0,19311.9
401.280,345.0,19315.8
401.320,345.0,19319.6
401.360,345.0,19323.4
401.400,345.0,19327.3
401.440,345.0,19331.1
401.480,345.0,19334.9
401.520,345.0,19338.8
401.560,345.0,19342.6
401.600,345.0,19346.4
401.640,345.0,19350.3
401.680,345.0,19354.1
401.720,346.0,19357.9
401.760,346.0,19361.8
401.800,346.0,19365.6
401.840,346.0,19369.5
401.880,346.0,19373.3
401.920,346.0,19377.2
401.960,346.0,19381.0
402.000,346.0,19384.8
402.040,346.0,19388.7
402.080,346.0,19392.5
402.120,346.0,19396.4
402.160,346.0,19400.2
402.200,345.0,19404.1
402.240,345.0,19407.9
402.280,345.0,19411.7
402.320,345.0,19415.6
402.360,345.0,19419.4
402.400,343.0,19423.2
402.440,343.0,19427.0
402.480,343.0,19430.8
402.520,343.0,19434.6
402.560,343.0,19438.5
402.600,341.0,19442.3
402.640,341.0,19446.0
402.680,341.0,19449.8
402.720,341.0,19453.6
402.760,341.0,19457.4
402.800,340.0,19461.2
402.840,340.0,19465.0
402.880,340.0,19468.8
402.920,339.0,19472.5
402.960,339.0,19476.3
403.000,338.0,19480.1
403.040,338.0,19483.8
403.080,338.0,19487.6
403.120,337.0,19491.3
403.160,337.0,19495.1
403.200,336.0,19498.8
403.240,336.0,19502.5
403.280,336.0,19506.3
403.320,335.0,19510.0
403.360,335.0,19513.7
403.400,335.0,19517.4
403.440,335.0,19521.2
403.480,335.0,19524.9
403.520,334.0,19528.6
403.560,334.0,19532.3
403.600,332.0,19536.0
403.640,332.0,19539.7
403.680,332.0,19543.4
403.720,332.0,19547.1
403.760,332.0,19550.8
403.800,331.0,19554.4
403.840,331.0,19558.1
403.880,331.0,19561.8
403.920,330.0,19565.5
403.960,330.0,19569.1
404.000,329.0,19572.8
404.040,329.0,19576.5
404.080,329.0,19580.1
404.120,328.0,19583.8
404.160,328.0,19587.4
404.200,327.0,19591.0
404.240,327.0,19594.7
404.280,327.0,19598.3
404.320,327.0,19601.9
404.360,327.0,19605.6
404.400,325.0,19609.2
404.440,325.0,19612.8
404.480,325.0,19616.4
404.520,324.0,19620.0
404.560,324.0,19623.6
404.600,324.0,19627.2
404.640,324.0,19630.8
404.680,324.0,19634.4
404.720,323.0,19638.0
404.760,323.0,19641.6
404.800,322.0,19645.2
404.840,322.0,19648.8
404.880,322.0,19652.4
404.920,321.0,19655.9
404.960,321.0,19659.5
405.000,320.0,19663.1
405.040,320.0,19666.6
405.080,320.0,19670.2
405.120,319.0,19673.7
405.160,319.0,19677.3
405.200,318.0,19680.8
405.240,318.0,19684.3
405.280,318.0,19687.9
405.320,318.0,19691.4
405.360,318.0,19694.9
405.400,317.0,19698.5
405.440,317.0,19702.0
405.480,317.0,19705.5
405.520,317.0,19709.0
405.560,317.0,19712.5
405.600,316.0,19716.1
405.640,316.0,19719.6
405.680,316.0,19723.1
405.720,319.0,19726.6
405.760,319.0,19730.2
405.800,318.0,19733.7
405.840,318.0,19737.2
405.880,318.0,19740.8
405.920,316.0,19744.3
405.960,316.0,19747.8
406.000,315.0,19751.3
406.040,315.0,19754.8
406.080,315.0,19758.3
406.120,315.0,19761.8
406.160,315.0,19765.3
406.200,314.0,19768.8
406.240,314.0,19772.3
406.280,314.0,19775.8
406.320,314.0,19779.3
406.360,314.0,19782.8
406.400,314.0,19786.2
406.440,314.0,19789.7
406.480,314.0,19793.2
406.520,315.0,19796.7
406.560,315.0,19800.2
406.600,315.0,19803.7
406.640,315.0,19807.2
406.680,315.0,19810.7
406.720,316.0,19814.2
406.760,316.0,19817.7
406.800,316.0,19821.2
406.840,316.0,19824.8
406.880,316.0,19828.3
406.920,317.0,19831.8
406.960,317.0,19835.3
407.000,317.0,19838.8
407.040,317.0,19842.3
407.080,317.0,19845.9
407.120,317.0,19849.4
407.160,317.0,19852.9
407.200,318.0,19856.4
407.240,318.0,19860.0
407.280,318.0,19863.5
407.320,318.0,19867.0
407.360,318.0,19870.6
407.400,319.0,19874.1
407.440,319.0,19877.7
407.480,319.0,19881.2
407.520,320.0,19884.8
407.560,320.0,19888.3
407.600,320.0,19891.9
407.640,320.0,19895.4
407.680,320.0,19899.0
407.720,321.0,19902.5
407.760,321.0,19906.1
407.800,322.0,19909.7
407.840,322.0,19913.3
407.880,322.0,19916.8
407.920,322.0,19920.4
407.960,322.0,19924.0
408.000,323.0,19927.6
408.040,323.0,19931.2
408.080,323.0,19934.7
408.120,323.0,19938.3
408.160,323.0,19941.9
408.200,322.0,19945.5
408.240,322.0,19949.1
408.280,322.0,19952.7
408.320,320.0,19956.2
408.360,320.0,19959.8
408.400,317.0,19963.3
408.440,317.0,19966.8
408.480,317.0,19970.4
408.520,314.0,19973.9
408.560,314.0,19977.4
408.600,310.0,19980.8
408.640,310.0,19984.3
408.680,310.0,19987.7
408.720,306.0,19991.1
408.760,306.0,19994.5
408.800,302.0,19997.9
408.840,302.0,20001.3
408.880,302.0,20004.6
408.920,300.0,20008.0
408.960,300.0,20011.3
409.000,296.0,20014.6
409.040,296.0,20017.9
409.080,296.0,20021.2
409.200,290.0,20031.0
409.240,290.0,20034.2
409.280,290.0,20037.4
409.360,287.0,20043.8
409.400,287.0,20047.0
409.440,287.0,20050.2
409.480,287.0,20053.4
409.520,282.0,20056.5
409.560,282.0,20059.7
409.680,277.0,20069.0
409.720,274.0,20072.1
409.760,274.0,20075.1
409.800,269.0,20078.1
409.840,269.0,20081.1
409.880,269.0,20084.1
409.920,267.0,20087.1
409.960,267.0,20090.0
410.000,266.0,20093.0
410.040,266.0,20096.0
410.080,266.0,20098.9
410.120,265.0,20101.9
410.160,265.0,20104.8
410.200,264.0,20107.7
410.240,264.0,20110.7
410.280,264.0,20113.6
410.320,263.0,20116.5
410.360,263.0,20119.5
410.400,261.0,20122.4
410.600,260.0,20136.8
410.640,260.0,20139.7
410.680,260.0,20142.6
410.720,259.0,20145.5
410.760,259.0,20148.4
410.800,256.0,20151.2
410.840,256.0,20154.1
410.880,256.0,20156.9
410.920,254.0,20159.8
410.960,254.0,20162.6
411.000,251.0,20165.4
411.040,251.0,20168.2
411.080,251.0,20171.0
411.120,249.0,20173.8
411.160,249.0,20176.5
411.200,246.0,20179.3
411.240,246.0,20182.0
411.280,246.0,20184.7
411.320,243.0,20187.5
411.360,243.0,20190.2
411.400,240.0,20192.8
411.440,240.0,20195.5
411.480,240.0,20198.2
411.600,234.0,20206.1
411.640,234.0,20208.7
411.680,234.0,20211.3
411.720,233.0,20213.9
411.760,233.0,20216.5
411.920,230.0,20226.7
411.960,230.0,20229.3
412.000,229.0,20231.8
412.040,229.0,20234.4
412.080,229.0,20236.9
412.120,228.0,20239.5
412.160,228.0,20242.0
412.360,226.0,20254.6
412.400,225.0,20257.1
412.440,225.0,20259.6
412.480,225.0,20262.1
412.520,224.0,20264.6
412.600,223.0,20269.6
412.640,223.0,20272.1
412.680,223.0,20274.5
412.720,223.0,20277.0
412.760,223.0,20279.5
412.800,223.0,20282.0
412.840,223.0,20284.5
412.880,223.0,20286.9
413.000,223.0,20294.4
413.040,223.0,20296.8
413.080,223.0,20299.3
413.160,224.0,20304.3
413.200,223.0,20306.8
413.240,223.0,20309.2
413.280,223.0,20311.7
413.320,219.0,20314.2
413.360,219.0,20316.6
413.400,217.0,20319.0
413.440,217.0,20321.4
413.480,217.0,20323.9
413.520,213.0,20326.2
413.560,213.0,20328.6
413.600,209.0,20331.0
413.640,209.0,20333.3
413.680,209.0,20335.6
413.720,205.0,20337.9
413.760,205.0,20340.2
413.800,200.0,20342.4
413.840,200.0,20344.7
413.880,200.0,20346.9
413.920,197.0,20349.1
413.960,197.0,20351.3
414.000,193.0,20353.4
414.040,193.0,20355.6
414.080,193.0,20357.7
414.120,189.0,20359.8
414.160,189.0,20361.9
414.200,186.0,20364.0
414.240,186.0,20366.1
414.280,186.0,20368.2
414.320,182.0,20370.2
414.360,182.0,20372.2
414.400,179.0,20374.2
414.440,179.0,20376.2
414.480,179.0,20378.2
414.520,176.0,20380.2
414.560,176.0,20382.1
414.600,173.0,20384.1
414.640,173.0,20386.0
414.680,173.0,20387.9
414.720,170.0,20389.8
414.760,170.0,20391.7
414.800,167.0,20393.6
414.840,167.0,20395.4
414.880,167.0,20397.3
414.920,163.0,20399.1
414.960,163.0,20400.9
415.000,159.0,20402.7
415.040,159.0,20404.5
415.080,159.0,20406.3
415.120,155.0,20408.0
415.160,155.0,20409.7
415.200,153.0,20411.4
415.240,153.0,20413.1
415.280,153.0,20414.8
415.320,149.0,20416.5
415.360,149.0,20418.2
415.400,147.0,20419.8
415.440,147.0,20421.5
415.480,147.0,20423.1
415.520,144.0,20424.7
415.560,144.0,20426.3
415.600,141.0,20427.9
415.640,141.0,20429.5
415.680,141.0,20431.0
415.720,137.0,20432.6
415.760,137.0,20434.1
415.800,134.0,20435.6
415.840,134.0,20437.1
415.880,134.0,20438.6
415.920,132.0,20440.1
415.960,132.0,20441.5
416.000,130.0,20443.0
416.040,130.0,20444.4
416.080,130.0,20445.9
416.120,127.0,20447.3
416.160,127.0,20448.7
416.200,124.0,20450.1
416.240,124.0,20451.5
416.280,124.0,20452.9
416.320,122.0,20454.2
416.360,122.0,20455.6
416.400,119.0,20456.9
416.440,119.0,20458.2
416.480,119.0,20459.6
416.520,116.0,20460.9
416.560,116.0,20462.2
416.600,114.0,20463.4
416.640,114.0,20464.7
416.680,114.0,20466.0
416.720,111.0,20467.2
416.760,111.0,20468.4
416.800,107.0,20469.7
416.840,107.0,20470.8
416.880,107.0,20472.0
416.920,104.0,20473.2
416.960,104.0,20474.4
417.000,101.0,20475.5
417.040,101.0,20476.6
417.080,101.0,20477.7
417.120,98.0,20478.9
417.160,98.0,20479.9
417.200,97.0,20481.0
417.240,97.0,20482.1
417.280,97.0,20483.2
417.320,95.0,20484.2
417.360,95.0,20485.3
417.400,94.0,20486.4
417.440,94.0,20487.4
417.480,94.0,20488.4
417.520,92.0,20489.5
417.560,92.0,20490.5
417.600,90.0,20491.5
417.640,90.0,20492.5
417.680,90.0,20493.5
417.720,89.0,20494.5
417.760,89.0,20495.5
417.800,87.0,20496.5
417.840,87.0,20497.4
417.880,87.0,20498.4
417.920,86.0,20499.4
417.960,86.0,20500.3
418.000,86.0,20501.3
418.040,86.0,20502.2
418.080,86.0,20503.2
418.120,85.0,20504.1
418.160,85.0,20505.1
418.200,85.0,20506.0
418.240,85.0,20507.0
418.280,85.0,20507.9
418.320,85.0,20508.9
418.360,85.0,20509.8
418.400,85.0,20510.7
418.440,85.0,20511.7
418.480,85.0,20512.6
418.520,87.0,20513.6
418.560,87.0,20514.6
418.600,88.0,20515.5
418.640,88.0,20516.5
418.680,88.0,20517.5
418.720,89.0,20518.5
418.760,89.0,20519.5
418.800,91.0,20520.5
418.840,91.0,20521.5
418.880,91.0,20522.5
418.920,92.0,20523.5
418.960,92.0,20524.5
419.000,94.0,20525.6
419.040,94.0,20526.6
419.080,94.0,20527.6
419.120,96.0,20528.7
419.160,96.0,20529.8
419.200,98.0,20530.8
419.240,98.0,20531.9
419.280,98.0,20533.0
419.320,101.0,20534.1
419.360,101.0,20535.2
419.400,103.0,20536.4
419.440,103.0,20537.5
419.480,103.0,20538.7
419.520,106.0,20539.8
419.560,106.0,20541.0
419.600,108.0,20542.2
419.640,108.0,20543.4
419.680,108.0,20544.6
419.720,109.0,20545.8
419.760,109.0,20547.0
419.800,109.0,20548.2
419.840,109.0,20549.4
419.880,109.0,20550.6
419.920,108.0,20551.9
419.960,108.0,20553.1
420.000,108.0,20554.3
420.040,108.0,20555.5
420.080,108.0,20556.7
420.120,107.0,20557.8
420.160,107.0,20559.0
420.200,106.0,20560.2
420.240,106.0,20561.4
420.280,106.0,20562.6
420.320,106.0,20563.8
420.360,106.0,20564.9
420.400,106.0,20566.1
420.440,106.0,20567.3
420.480,106.0,20568.5
420.520,105.0,20569.6
420.560,105.0,20570.8
420.600,106.0,20572.0
420.640,106.0,20573.2
420.680,106.0,20574.3
420.720,107.0,20575.5
420.760,107.0,20576.7
420.800,107.0,20577.9
420.840,107.0,20579.1
420.880,107.0,20580.3
420.920,108.0,20581.5
420.960,108.0,20582.7
421.000,108.0,20583.9
421.040,108.0,20585.1
421.080,108.0,20586.3
421.120,109.0,20587.5
421.160,109.0,20588.7
421.200,111.0,20589.9
421.240,111.0,20591.1
421.280,111.0,20592.4
421.320,112.0,20593.6
421.360,112.0,20594.9
421.400,114.0,20596.1
421.440,114.0,20597.4
421.480,114.0,20598.6
421.520,116.0,20599.9
421.560,116.0,20601.2
421.600,118.0,20602.5
421.640,118.0,20603.8
421.680,118.0,20605.1
421.720,116.0,20606.4
421.760,116.0,20607.7
421.800,112.0,20609.0
421.840,112.0,20610.2
421.880,112.0,20611.5
421.920,108.0,20612.7
421.960,108.0,20613.9
422.000,106.0,20615.1
422.040,106.0,20616.3
422.080,106.0,20617.4
422.120,104.0,20618.6
422.160,104.0,20619.8
422.200,101.0,20620.9
422.240,101.0,20622.0
422.280,101.0,20623.1
422.320,99.0,20624.3
422.360,99.0,20625.4
422.400,97.0,20626.4
422.440,97.0,20627.5
422.480,97.0,20628.6
422.520,95.0,20629.7
422.560,95.0,20630.7
422.600,93.0,20631.8
422.640,93.0,20632.8
422.680,93.0,20633.8
422.720,91.0,20634.9
422.760,91.0,20635.9
422.800,89.0,20636.9
422.840,89.0,20637.9
422.880,89.0,20638.8
422.920,87.0,20639.8
422.960,87.0,20640.8
423.000,86.0,20641.8
423.040,86.0,20642.7
423.080,86.0,20643.7
423.120,83.0,20644.6
423.160,83.0,20645.5
423.200,83.0,20646.4
423.240,83.0,20647.4
423.280,83.0,20648.3
423.320,83.0,20649.2
423.360,83.0,20650.1
423.400,82.0,20651.1
423.440,82.0,20652.0
423.480,82.0,20652.9
423.520,82.0,20653.8
423.560,82.0,20654.7
423.600,83.0,20655.6
423.640,83.0,20656.5
423.680,83.0,20657.5
423.720,84.0,20658.4
423.760,84.0,20659.3
423.800,85.0,20660.3
423.840,85.0,20661.2
423.880,85.0,20662.1
423.920,86.0,20663.1
423.960,86.0,20664.1
424.000,87.0,20665.0
424.040,87.0,20666.0
424.080,87.0,20666.9
424.120,89.0,20667.9
424.160,89.0,20668.9
424.200,90.0,20669.9
424.240,90.0,20670.9
424.280,90.0,20671.9
424.320,90.0,20672.9
424.360,90.0,20673.9
424.400,91.0,20674.9
424.440,91.0,20675.9
424.480,91.0,20676.9
424.520,92.0,20678.0
424.560,92.0,20679.0
424.600,91.0,20680.0
424.640,91.0,20681.0
424.680,91.0,20682.0
424.720,93.0,20683.0
424.760,93.0,20684.1
424.800,95.0,20685.1
424.840,95.0,20686.2
424.880,95.0,20687.2
424.920,96.0,20688.3
424.960,96.0,20689.4
425.000,98.0,20690.4
425.040,98.0,20691.5
425.080,98.0,20692.6
425.120,98.0,20693.7
425.160,98.0,20694.8
425.200,98.0,20695.9
425.240,98.0,20697.0
425.280,98.0,20698.1
425.320,97.0,20699.1
425.360,97.0,20700.2
425.400,96.0,20701.3
425.440,96.0,20702.4
425.480,96.0,20703.4
425.520,95.0,20704.5
425.560,95.0,20705.5
425.600,95.0,20706.6
425.640,95.0,20707.6
425.680,95.0,20708.7
425.720,94.0,20709.8
425.760,94.0,20710.8
425.800,93.0,20711.8
425.840,93.0,20712.9
425.880,92.0,20713.9
425.920,92.0,20714.9
425.960,92.0,20715.9
426.000,90.0,20717.0
426.040,90.0,20718.0
426.080,90.0,20719.0
426.120,90.0,20720.0
426.160,90.0,20721.0
426.200,87.0,20721.9
426.240,87.0,20722.9
426.280,87.0,20723.9
426.320,87.0,20724.8
426.360,87.0,20725.8
426.400,85.0,20726.8
426.440,85.0,20727.7
426.480,84.0,20728.6
426.520,84.0,20729.6
426.560,84.0,20730.5
426.600,83.0,20731.4
426.640,83.0,20732.4
426.680,82.0,20733.3
426.720,82.0,20734.2
426.760,82.0,20735.1
426.800,81.0,20736.0
426.840,81.0,20736.9
426.880,79.0,20737.8
426.920,79.0,20738.7
426.960,79.0,20739.5
427.000,79.0,20740.4
427.040,79.0,20741.3
427.080,78.0,20742.2
427.120,78.0,20743.0
427.160,78.0,20743.9
427.200,77.0,20744.8
