lap_t,speed
-2.080,
-2.040,83
-2.000,83
-1.960,82
-1.920,82
-1.880,81
-1.840,81
-1.800,81
-1.760,81
-1.720,81
-1.680,80
-1.640,80
-1.600,80
-1.560,81
-1.520,81
-1.480,81
-1.440,81
-1.400,81
-1.360,83
-1.320,83
-1.280,84
-1.240,84
-1.200,84
-1.160,85
-1.120,85
-1.080,86
-1.040,86
-1.000,86
-0.960,88
-0.920,88
-0.880,87
-0.840,87
-0.800,87
-0.760,89
-0.720,89
-0.680,91
-0.640,91
-0.600,91
-0.560,92
-0.520,92
-0.480,93
-0.440,93
-0.400,93
-0.360,95
-0.320,95
-0.280,96
-0.240,96
-0.200,96
-0.160,98
-0.120,98
-0.080,100
-0.040,100
0.000,100
0.040,102
0.080,102
0.120,103
0.160,103
0.200,103
0.240,105
0.280,105
0.320,107
0.360,107
0.400,107
0.440,110
0.480,110
0.520,112
0.560,112
0.600,112
0.640,115
0.680,115
0.720,119
0.760,119
0.800,119
0.840,122
0.880,122
0.920,126
0.960,126
1.000,126
1.040,129
1.080,129
1.120,133
1.160,133
1.200,133
1.240,136
1.280,136
1.320,140
1.360,140
1.400,140
1.440,143
1.480,143
1.520,146
1.560,146
1.600,146
1.640,150
1.680,150
1.720,153
1.760,153
1.800,153
1.840,156
1.880,156
1.920,159
1.960,159
2.000,159
2.040,161
2.080,161
2.120,162
2.160,162
2.200,162
2.240,163
2.280,163
2.320,164
2.360,164
2.400,164
2.440,164
2.480,164
2.520,162
2.560,162
2.600,162
2.640,160
2.680,160
2.720,158
2.760,158
2.800,158
2.840,155
2.880,155
2.920,154
2.960,154
3.000,154
3.040,152
3.080,152
3.120,150
3.160,150
3.200,150
3.240,148
3.280,148
3.320,147
3.360,147
3.400,147
3.440,144
3.480,144
3.520,142
3.560,142
3.600,142
3.640,140
3.680,140
3.720,138
3.760,138
3.800,138
3.840,135
3.880,135
3.920,133
3.960,133
4.000,133
4.040,130
4.080,130
4.120,128
4.160,128
4.200,128
4.240,125
4.280,125
4.320,122
4.360,122
4.400,122
4.440,120
4.480,120
4.520,117
4.560,117
4.600,117
4.640,114
4.680,114
4.720,111
4.760,111
4.800,111
4.840,108
4.880,108
4.920,106
4.960,106
5.000,106
5.040,103
5.080,103
5.120,101
5.160,101
5.200,101
5.240,99
5.280,99
5.320,97
5.360,97
5.400,97
5.440,95
5.480,95
5.520,94
5.560,94
5.600,94
5.640,92
5.680,92
5.720,90
5.760,90
5.800,90
5.840,88
5.880,88
5.920,87
5.960,87
6.000,87
6.040,86
6.080,86
6.120,85
6.160,85
6.200,85
6.240,85
6.280,85
6.320,84
6.360,84
6.400,84
6.440,83
6.480,83
6.520,82
6.560,82
6.600,82
6.640,82
6.680,82
6.720,81
6.760,81
6.800,81
6.840,81
6.880,81
6.920,81
6.960,81
7.000,81
7.040,80
7.080,80
7.120,80
7.160,80
7.200,80
7.240,81
7.280,81
7.320,81
7.360,81
7.400,81
7.440,82
7.480,82
7.520,83
7.560,83
7.600,83
7.640,85
7.680,85
7.720,86
7.760,86
7.800,86
7.840,87
7.880,87
7.920,88
7.960,88
8.000,88
8.040,89
8.080,89
8.120,91
8.160,91
8.200,91
8.240,92
8.280,92
8.320,93
8.360,93
8.400,93
8.440,94
8.480,94
8.520,96
8.560,96
8.600,96
8.640,98
8.680,98
8.720,100
8.760,100
8.800,100
8.840,102
8.880,102
8.920,104
8.960,104
9.000,104
9.040,106
9.080,106
9.120,108
9.160,108
9.200,108
9.240,111
9.280,111
9.320,113
9.360,113
9.400,113
9.440,116
9.480,116
9.520,119
9.560,119
9.600,119
9.640,122
9.680,122
9.720,125
9.760,125
9.800,125
9.840,128
9.880,128
9.920,131
9.960,131
10.000,131
10.040,134
10.080,134
10.120,137
10.160,137
10.200,137
10.240,141
10.280,141
10.320,145
10.360,145
10.400,145
10.440,148
10.480,148
10.520,152
10.560,152
10.600,152
10.640,156
10.680,156
10.720,159
10.760,159
10.800,159
10.840,161
10.880,161
10.920,163
10.960,163
11.000,163
11.040,164
11.080,164
11.120,166
11.160,166
11.200,166
11.240,167
11.280,167
11.320,169
11.360,169
11.400,169
11.440,170
11.480,170
11.520,172
11.560,172
11.600,172
11.640,173
11.680,173
11.720,174
11.760,174
11.800,174
11.840,175
11.880,175
11.920,176
11.960,176
12.000,176
12.040,177
12.080,177
12.120,178
12.160,178
12.200,178
12.240,179
12.280,179
12.320,180
12.360,180
12.400,180
12.440,181
12.480,181
12.520,182
12.560,182
12.600,182
12.640,183
12.680,183
12.720,185
12.760,185
12.800,185
12.840,186
12.880,186
12.920,187
12.960,187
13.000,187
13.040,187
13.080,187
13.120,187
13.160,187
13.200,187
13.240,187
13.280,187
13.320,186
13.360,186
13.400,186
13.440,184
13.480,184
13.520,182
13.560,182
13.600,182
13.640,181
13.680,181
13.720,179
13.760,179
13.800,179
13.840,177
13.880,177
13.920,176
13.960,176
14.000,176
14.040,174
14.080,174
14.120,172
14.160,172
14.200,172
14.240,170
14.280,170
14.320,168
14.360,168
14.400,168
14.440,166
14.480,166
14.520,164
14.560,164
14.600,164
14.640,162
14.680,162
14.720,160
14.760,160
14.800,160
14.840,158
14.880,158
14.920,157
14.960,157
15.000,157
15.040,156
15.080,156
15.120,155
15.160,155
15.200,155
15.240,154
15.280,154
15.320,154
15.360,154
15.400,154
15.440,153
15.480,153
15.520,153
15.560,153
15.600,153
15.640,152
15.680,152
15.720,152
15.760,152
15.800,152
15.840,152
15.880,152
15.920,153
15.960,153
16.000,153
16.040,153
16.080,153
16.120,154
16.160,154
16.200,154
16.240,156
16.280,156
16.320,158
16.360,158
16.400,158
16.440,161
16.480,161
16.520,163
16.560,163
16.600,163
16.640,165
16.680,165
16.720,167
16.760,167
16.800,167
16.840,170
16.880,170
16.920,172
16.960,172
17.000,172
17.040,175
17.080,175
17.120,177
17.160,177
17.200,177
17.240,179
17.280,179
17.320,182
17.360,182
17.400,182
17.440,183
17.480,183
17.520,186
17.560,186
17.600,186
17.640,188
17.680,188
17.720,189
17.760,189
17.800,189
17.840,191
17.880,191
17.920,194
17.960,194
18.000,194
18.040,194
18.080,194
18.120,197
18.160,197
18.200,197
18.240,198
18.280,198
18.320,201
18.360,201
18.400,201
18.440,203
18.480,203
18.520,203
18.560,203
18.600,203
18.640,204
18.680,204
18.720,205
18.760,205
18.800,205
18.840,204
18.880,204
18.920,204
18.960,204
19.000,204
19.040,205
19.080,205
19.120,205
19.160,205
19.200,205
19.240,205
19.280,205
19.320,206
19.360,206
19.400,206
19.440,205
19.480,205
19.520,204
19.560,204
19.600,204
19.640,204
19.680,204
19.720,204
19.760,204
19.800,204
19.840,205
19.880,205
19.920,205
19.960,205
20.000,205
20.040,204
20.080,204
20.120,205
20.160,205
20.200,205
20.240,205
20.280,205
20.320,205
20.360,205
20.400,205
20.440,205
20.480,205
20.520,206
20.560,206
20.600,206
20.640,204
20.680,204
20.720,202
20.760,202
20.800,202
20.840,199
20.880,199
20.920,197
20.960,197
21.000,197
21.040,194
21.080,194
21.120,192
21.160,192
21.200,192
21.240,189
21.280,189
21.320,185
21.360,185
21.400,185
21.440,182
21.480,182
21.520,178
21.560,178
21.600,178
21.640,174
21.680,174
21.720,170
21.760,170
21.800,170
21.840,166
21.880,166
21.920,162
21.960,162
22.000,162
22.040,158
22.080,158
22.120,156
22.160,156
22.200,156
22.240,153
22.280,153
22.320,151
22.360,151
22.400,151
22.440,148
22.480,148
22.520,147
22.560,147
22.600,147
22.640,145
22.680,145
22.720,143
22.760,143
22.800,143
22.840,142
22.880,142
22.920,141
22.960,141
23.000,141
23.040,139
23.080,139
23.120,139
23.160,139
23.200,139
23.240,137
23.280,137
23.320,135
23.360,135
23.400,135
23.440,133
23.480,133
23.520,130
23.560,130
23.600,130
23.640,130
23.680,130
23.720,128
23.760,128
23.800,128
23.840,125
23.880,125
23.920,123
23.960,123
24.000,123
24.040,120
24.080,120
24.120,118
24.160,118
24.200,118
24.240,116
24.280,116
24.320,115
24.360,115
24.400,115
24.440,114
24.480,114
24.520,113
24.560,113
24.600,113
24.640,112
24.680,112
24.720,110
24.760,110
24.800,110
24.840,110
24.880,110
24.920,109
24.960,109
25.000,109
25.040,109
25.080,109
25.120,108
25.160,108
25.200,108
25.240,107
25.280,107
25.320,106
25.360,106
25.400,106
25.440,105
25.480,105
25.520,105
25.560,105
25.600,105
25.640,104
25.680,104
25.720,105
25.760,105
25.800,105
25.840,106
25.880,106
25.920,107
25.960,107
26.000,107
26.040,108
26.080,108
26.120,110
26.160,110
26.200,110
26.240,111
26.280,111
26.320,113
26.360,113
26.400,113
26.440,114
26.480,114
26.520,116
26.560,116
26.600,116
26.640,118
26.680,118
26.720,119
26.760,119
26.800,119
26.840,121
26.880,121
26.920,123
26.960,123
27.000,123
27.040,125
27.080,125
27.120,127
27.160,127
27.200,127
27.240,128
27.280,128
27.320,131
27.360,131
27.400,131
27.440,133
27.480,133
27.520,135
27.560,135
27.600,135
27.640,137
27.680,137
27.720,140
27.760,140
27.800,140
27.840,143
27.880,143
27.920,146
27.960,146
28.000,146
28.040,149
28.080,149
28.120,152
28.160,152
28.200,152
28.240,154
28.280,154
28.320,156
28.360,156
28.400,156
28.440,156
28.480,156
28.520,155
28.560,155
28.600,155
28.640,155
28.680,155
28.720,153
28.760,153
28.800,153
28.840,151
28.880,151
28.920,149
28.960,149
29.000,149
29.040,147
29.080,147
29.120,146
29.160,146
29.200,146
29.240,144
29.280,144
29.320,142
29.360,142
29.400,142
29.440,141
29.480,141
29.520,140
29.560,140
29.600,140
29.640,139
29.680,139
29.720,139
29.760,139
29.800,139
29.840,137
29.880,137
29.920,135
29.960,135
30.000,135
30.040,134
30.080,134
30.120,131
30.160,131
30.200,131
30.240,129
30.280,129
30.320,127
30.360,127
30.400,127
30.440,125
30.480,125
30.520,123
30.560,123
30.600,123
30.640,120
30.680,120
30.720,118
30.760,118
30.800,118
30.840,117
30.880,117
30.920,116
30.960,116
31.000,116
31.040,117
31.080,117
31.120,116
31.160,116
31.200,116
31.240,115
31.280,115
31.320,115
31.360,115
31.400,115
31.440,115
31.480,115
31.520,113
31.560,113
31.600,113
31.640,113
31.680,113
31.720,113
31.760,113
31.800,113
31.840,112
31.880,112
31.920,111
31.960,111
32.000,111
32.040,111
32.080,111
32.120,111
32.160,111
32.200,111
32.240,113
32.280,113
32.320,113
32.360,113
32.400,113
32.440,114
32.480,114
32.520,115
32.560,115
32.600,115
32.640,113
32.680,113
32.720,112
32.760,112
32.800,112
32.840,112
32.880,112
32.920,110
32.960,110
33.000,110
33.040,109
33.080,109
33.120,108
33.160,108
33.200,108
33.240,107
33.280,107
33.320,106
33.360,106
33.400,106
33.440,107
33.480,107
33.520,108
33.560,108
33.600,108
33.640,108
33.680,108
33.720,108
33.760,108
33.800,108
33.840,109
33.880,109
33.920,110
33.960,110
34.000,110
34.040,111
34.080,111
34.120,113
34.160,113
34.200,113
34.240,115
34.280,115
34.320,117
34.360,117
34.400,117
34.440,119
34.480,119
34.520,121
34.560,121
34.600,121
34.640,123
34.680,123
34.720,124
34.760,124
34.800,124
34.840,126
34.880,126
34.920,128
34.960,128
35.000,128
35.040,130
35.080,130
35.120,132
35.160,132
35.200,132
35.240,134
35.280,134
35.320,136
35.360,136
35.400,136
35.440,138
35.480,138
35.520,141
35.560,141
35.600,141
35.640,144
35.680,144
35.720,147
35.760,147
35.800,147
35.840,150
35.880,150
35.920,153
35.960,153
36.000,153
36.040,155
36.080,155
36.120,157
36.160,157
36.200,157
36.240,156
36.280,156
36.320,153
36.360,153
36.400,153
36.440,149
36.480,149
36.520,146
36.560,146
36.600,146
36.640,143
36.680,143
36.720,138
36.760,138
36.800,138
36.840,135
36.880,135
36.920,132
36.960,132
37.000,132
37.040,128
37.080,128
37.120,124
37.160,124
37.200,124
37.240,122
37.280,122
37.320,118
37.360,118
37.400,118
37.440,114
37.480,114
37.520,112
37.560,112
37.600,112
37.640,108
37.680,108
37.720,107
37.760,107
37.800,107
37.840,106
37.880,106
37.920,105
37.960,105
38.000,105
38.040,105
38.080,105
38.120,103
38.160,103
38.200,103
38.240,103
38.280,103
38.320,103
38.360,103
38.400,103
38.440,101
38.480,101
38.520,101
38.560,101
38.600,100
38.640,100
38.680,100
38.720,99
38.760,99
38.800,99
38.840,99
38.880,99
38.920,100
38.960,100
39.000,100
39.040,100
39.080,100
39.120,100
39.160,100
39.200,99
39.240,99
39.280,99
39.320,99
39.360,99
39.400,99
39.440,99
39.480,99
39.520,99
39.560,99
39.600,100
39.640,100
39.680,100
39.720,100
39.760,100
39.800,101
39.840,101
39.880,101
39.920,102
39.960,102
40.000,103
40.040,103
40.080,103
40.120,104
40.160,104
40.200,106
40.240,106
40.280,106
40.320,107
40.360,107
40.400,109
40.440,109
40.480,109
40.520,110
40.560,110
40.600,111
40.640,111
40.680,111
40.720,113
40.760,113
40.800,115
40.840,115
40.880,115
40.920,117
40.960,117
41.000,119
41.040,119
41.080,119
41.120,121
41.160,121
41.200,122
41.240,122
41.280,122
41.320,123
41.360,123
41.400,125
41.440,125
41.480,125
41.520,126
41.560,126
41.600,128
41.640,128
41.680,128
41.720,129
41.760,129
41.800,131
41.840,131
41.880,131
41.920,132
41.960,132
42.000,134
42.040,134
42.080,134
42.120,136
42.160,136
42.200,139
42.240,139
42.280,139
42.320,141
42.360,141
42.400,144
42.440,144
42.480,144
42.520,147
42.560,147
42.600,149
42.640,149
42.680,149
42.720,152
42.760,152
42.800,155
42.840,155
42.880,155
42.920,158
42.960,158
43.000,161
43.040,161
43.080,161
43.120,163
43.160,163
43.200,166
43.240,166
43.280,166
43.320,168
43.360,168
43.400,170
43.440,170
43.480,170
43.520,173
43.560,173
43.600,174
43.640,174
43.680,174
43.720,177
43.760,177
43.800,179
43.840,179
43.880,179
43.920,182
43.960,182
44.000,184
44.040,184
44.080,184
44.120,188
44.160,188
44.200,190
44.240,190
44.280,190
44.320,193
44.360,193
44.400,195
44.440,195
44.480,195
44.520,198
44.560,198
44.600,201
44.640,201
44.680,201
44.720,204
44.760,204
44.800,206
44.840,206
44.880,206
44.920,209
44.960,209
45.000,211
45.040,211
45.080,211
45.120,213
45.160,213
45.200,215
45.240,215
45.280,215
45.320,218
45.360,218
45.400,220
45.440,220
45.480,220
45.520,222
45.560,222
45.600,
45.640,224
45.680,224
45.720,226
45.760,226
45.800,
45.840,228
45.880,228
45.920,231
45.960,231
46.000,233
46.040,233
46.080,233
46.120,235
46.160,235
46.200,236
46.240,236
46.280,236
46.320,238
46.360,238
46.400,240
46.440,240
46.480,240
46.520,242
46.560,242
46.600,243
46.640,243
46.680,243
46.720,245
46.760,245
46.800,246
46.840,246
46.880,246
46.920,248
46.960,248
47.000,249
47.040,249
47.080,249
47.120,251
47.160,251
47.200,252
47.240,252
47.280,252
47.320,253
47.360,253
47.400,253
47.440,253
47.480,253
47.520,253
47.560,253
47.600,253
47.640,253
47.680,253
47.720,253
47.760,253
47.800,254
47.840,254
47.880,254
47.920,255
47.960,255
48.000,256
48.040,256
48.080,256
48.120,256
48.160,256
48.200,257
48.240,257
48.280,257
48.320,258
48.360,258
48.400,259
48.440,259
48.480,259
48.520,
48.560,261
48.600,262
48.640,262
48.680,262
48.720,265
48.760,265
48.800,266
48.840,266
48.880,266
48.920,267
48.960,267
49.000,269
49.040,269
49.080,269
49.120,269
49.160,269
49.200,
49.240,271
49.280,271
49.320,
49.360,
49.400,274
49.440,274
49.480,274
49.520,275
49.560,275
49.600,276
49.640,276
49.680,276
49.720,278
49.760,278
49.800,278
49.840,278
49.880,278
49.920,277
49.960,277
50.000,273
50.040,273
50.080,273
50.120,269
50.160,269
50.200,266
50.240,266
50.280,266
50.320,260
50.360,260
50.400,254
50.440,254
50.480,254
50.520,248
50.560,248
50.600,242
50.640,242
50.680,242
50.720,236
50.760,236
50.800,230
50.840,230
50.880,230
50.920,
50.960,
51.000,226
51.040,
51.080,
51.120,225
51.160,225
51.200,
51.240,223
51.280,
51.320,
51.360,
51.400,220
51.440,220
51.480,220
51.520,218
51.560,218
51.600,215
51.640,215
51.680,215
51.720,214
51.760,214
51.800,212
51.840,212
51.880,212
51.920,211
51.960,211
52.000,208
52.040,208
52.080,208
52.120,206
52.160,206
52.200,204
52.240,204
52.280,204
52.320,201
52.360,201
52.400,198
52.440,198
52.480,198
52.520,195
52.560,195
52.600,191
52.640,191
52.680,191
52.720,188
52.760,188
52.800,186
52.840,186
52.880,186
52.920,184
52.960,184
53.000,182
53.040,182
53.080,182
53.120,180
53.160,180
53.200,177
53.240,177
53.280,177
53.320,175
53.360,175
53.400,174
53.440,174
53.480,174
53.520,173
53.560,173
53.600,172
53.640,172
53.680,172
53.720,171
53.760,171
53.800,171
53.840,171
53.880,171
53.920,170
53.960,170
54.000,171
54.040,171
54.080,171
54.120,172
54.160,172
54.200,173
54.240,173
54.280,173
54.320,173
54.360,173
54.400,174
54.440,174
54.480,174
54.520,175
54.560,175
54.600,175
54.640,175
54.680,175
54.720,177
54.760,177
54.800,178
54.840,178
54.880,178
54.920,179
54.960,179
55.000,179
55.040,179
55.080,179
55.120,180
55.160,180
55.200,181
55.240,181
55.280,181
55.320,182
55.360,182
55.400,183
55.440,183
55.480,183
55.520,185
55.560,185
55.600,186
55.640,186
55.680,186
55.720,187
55.760,187
55.800,188
55.840,188
55.880,188
55.920,189
55.960,189
56.000,191
56.040,191
56.080,191
56.120,191
56.160,191
56.200,191
56.240,191
56.280,191
56.320,191
56.360,191
56.400,191
56.440,191
56.480,191
56.520,191
56.560,191
56.600,192
56.640,192
56.680,192
56.720,193
56.760,193
56.800,194
56.840,194
56.880,194
56.920,195
56.960,195
57.000,197
57.040,197
57.080,197
57.120,198
57.160,198
57.200,200
57.240,200
57.280,200
57.320,202
57.360,202
57.400,203
57.440,203
57.480,203
57.520,204
57.560,204
57.600,207
57.640,207
57.680,207
57.720,208
57.760,208
57.800,210
57.840,210
57.880,210
57.920,212
57.960,212
58.000,214
58.040,214
58.080,214
58.120,216
58.160,216
58.200,217
58.240,217
58.280,217
58.320,219
58.360,219
58.400,221
58.440,221
58.480,221
58.520,223
58.560,223
58.600,224
58.640,224
58.680,224
58.720,226
58.760,226
58.800,228
58.840,228
58.880,228
58.920,229
58.960,229
59.000,230
59.040,230
59.080,230
59.120,232
59.160,232
59.200,
59.240,
59.280,
59.320,235
59.360,235
59.400,236
59.440,236
59.480,236
59.520,237
59.560,237
59.600,238
59.640,238
59.680,238
59.720,239
59.760,239
59.800,
59.840,
59.880,
59.920,242
59.960,242
60.000,244
60.040,244
60.080,244
60.120,245
60.160,245
60.200,247
60.240,247
60.280,247
60.320,248
60.360,248
60.400,250
60.440,250
60.480,250
60.520,251
60.560,251
60.600,253
60.640,253
60.680,253
60.720,254
60.760,254
60.800,255
60.840,255
60.880,255
60.920,257
60.960,257
61.000,258
61.040,258
61.080,258
61.120,259
61.160,259
61.200,260
61.240,260
61.280,260
61.320,262
61.360,262
61.400,263
61.440,263
61.480,263
61.520,265
61.560,265
61.600,265
61.640,265
61.680,265
61.720,267
61.760,267
61.800,268
61.840,268
61.880,268
61.920,269
61.960,269
62.000,270
62.040,270
62.080,270
62.120,272
62.160,272
62.200,273
62.240,273
62.280,273
62.320,273
62.360,273
62.400,275
62.440,275
62.480,275
62.520,276
62.560,276
62.600,276
62.640,276
62.680,276
62.720,277
62.760,
62.800,279
62.840,279
62.880,279
62.920,280
62.960,280
63.000,281
63.040,281
63.080,281
63.120,282
63.160,282
63.200,283
63.240,283
63.280,283
63.320,284
63.360,284
63.400,286
63.440,286
63.480,286
63.520,287
63.560,287
63.600,288
63.640,288
63.680,288
63.720,289
63.760,289
63.800,289
63.840,289
63.880,289
63.920,290
63.960,290
64.000,291
64.040,291
64.080,291
64.120,293
64.160,293
64.200,294
64.240,294
64.280,294
64.320,295
64.360,295
64.400,295
64.440,295
64.480,295
64.520,296
64.560,296
64.600,298
64.640,298
64.680,298
64.720,298
64.760,298
64.800,299
64.840,299
64.880,299
64.920,301
64.960,301
65.000,302
65.040,302
65.080,302
65.120,303
65.160,303
65.200,304
65.240,304
65.280,304
65.320,305
65.360,305
65.400,306
65.440,306
65.480,306
65.520,307
65.560,307
65.600,308
65.640,308
65.680,308
65.720,310
65.760,310
65.800,312
65.840,312
65.880,312
65.920,312
65.960,312
66.000,314
66.040,314
66.080,314
66.120,315
66.160,315
66.200,316
66.240,316
66.280,316
66.320,317
66.360,317
66.400,318
66.440,318
66.480,318
66.520,317
66.560,317
66.600,315
66.640,315
66.680,315
66.720,312
66.760,312
66.800,310
66.840,310
66.880,310
66.920,307
66.960,307
67.000,303
67.040,303
67.080,303
67.120,300
67.160,300
67.200,296
67.240,296
67.280,296
67.320,293
67.360,293
67.400,289
67.440,289
67.480,289
67.520,286
67.560,286
67.600,284
67.640,284
67.680,284
67.720,
67.760,
67.800,280
67.840,280
67.880,280
67.920,279
67.960,279
68.000,278
68.040,278
68.080,278
68.120,277
68.160,277
68.200,276
68.240,276
68.280,276
68.320,276
68.360,276
68.400,274
68.440,274
68.480,274
68.520,274
68.560,274
68.600,272
68.640,272
68.680,272
68.720,
68.760,271
68.800,268
68.840,268
68.880,268
68.920,264
68.960,264
69.000,260
69.040,260
69.080,260
69.120,257
69.160,257
69.200,253
69.240,253
69.280,253
69.320,249
69.360,249
69.400,245
69.440,245
69.480,245
69.520,242
69.560,242
69.600,238
69.640,238
69.680,238
69.720,234
69.760,234
69.800,232
69.840,232
69.880,232
69.920,229
69.960,229
70.000,227
70.040,227
70.080,227
70.120,224
70.160,224
70.200,222
70.240,222
70.280,222
70.320,220
70.360,220
70.400,218
70.440,218
70.480,218
70.520,215
70.560,215
70.600,214
70.640,214
70.680,214
70.720,211
70.760,211
70.800,210
70.840,210
70.880,210
70.920,209
70.960,209
71.000,208
71.040,208
71.080,208
71.120,206
71.160,206
71.200,206
71.240,206
71.280,206
71.320,205
71.360,205
71.400,204
71.440,204
71.480,204
71.520,204
71.560,204
71.600,204
71.640,204
71.680,204
71.720,204
71.760,204
71.800,204
71.840,204
71.880,204
71.920,204
71.960,204
72.000,205
72.040,205
72.080,205
72.120,204
72.160,204
72.200,204
72.240,204
72.280,204
72.320,205
72.360,205
72.400,204
72.440,204
72.480,204
72.520,205
72.560,205
72.600,206
72.640,206
72.680,206
72.720,206
72.760,206
72.800,207
72.840,207
72.880,207
72.920,207
72.960,207
73.000,208
73.040,208
73.080,208
73.120,209
73.160,209
73.200,209
73.240,209
73.280,209
73.320,210
73.360,210
73.400,211
73.440,211
73.480,211
73.520,211
73.560,211
73.600,212
73.640,212
73.680,212
73.720,213
73.760,213
73.800,214
73.840,214
73.880,214
73.920,215
73.960,215
74.000,216
74.040,216
74.080,216
74.120,219
74.160,219
74.200,221
74.240,221
74.280,221
74.320,222
74.360,222
74.400,221
74.440,221
74.480,221
74.520,218
74.560,218
74.600,215
74.640,215
74.680,215
74.720,212
74.760,212
74.800,209
74.840,209
74.880,209
74.920,205
74.960,205
75.000,
75.040,201
75.080,201
75.120,197
75.160,197
75.200,193
75.240,193
75.280,193
75.320,188
75.360,188
75.400,183
75.440,183
75.480,183
75.520,179
75.560,179
75.600,174
75.640,174
75.680,174
75.720,170
75.760,170
75.800,165
75.840,165
75.880,165
75.920,161
75.960,161
76.000,158
76.040,158
76.080,158
76.120,155
76.160,155
76.200,152
76.240,152
76.280,152
76.320,147
76.360,147
76.400,143
76.440,143
76.480,143
76.520,139
76.560,139
76.600,136
76.640,136
76.680,136
76.720,132
76.760,132
76.800,129
76.840,129
76.880,129
76.920,128
76.960,128
77.000,125
77.040,125
77.080,125
77.120,124
77.160,124
77.200,123
77.240,123
77.280,123
77.320,121
77.360,121
77.400,119
77.440,119
77.480,119
77.520,116
77.560,116
77.600,113
77.640,113
77.680,113
77.720,110
77.760,110
77.800,108
77.840,108
77.880,108
77.920,106
77.960,106
78.000,105
78.040,105
78.080,105
78.120,104
78.160,104
78.200,103
78.240,103
78.280,103
78.320,102
78.360,102
78.400,102
78.440,102
78.480,102
78.520,101
78.560,101
78.600,100
78.640,100
78.680,100
78.720,100
78.760,100
78.800,99
78.840,99
78.880,99
78.920,99
78.960,99
79.000,98
79.040,98
79.080,98
79.120,97
79.160,97
79.200,97
79.240,97
79.280,97
79.320,97
79.360,97
79.400,97
79.440,97
79.480,97
79.520,97
79.560,97
79.600,98
79.640,98
79.680,98
79.720,99
79.760,99
79.800,100
79.840,100
79.880,100
79.920,102
79.960,102
80.000,103
80.040,103
80.080,103
80.120,105
80.160,105
80.200,106
80.240,106
80.280,106
80.320,107
80.360,107
80.400,109
80.440,109
80.480,109
80.520,110
80.560,110
80.600,111
80.640,111
80.680,111
80.720,113
80.760,113
80.800,114
80.840,114
80.880,114
80.920,116
80.960,116
81.000,118
81.040,118
81.080,118
81.120,120
81.160,120
81.200,122
81.240,122
81.280,122
81.320,124
81.360,124
81.400,126
81.440,126
81.480,126
81.520,128
81.560,128
81.600,131
81.640,131
81.680,131
81.720,133
81.760,133
81.800,136
81.840,136
81.880,136
81.920,138
81.960,138
82.000,140
82.040,140
82.080,140
82.120,142
82.160,142
82.200,144
82.240,144
82.280,144
82.320,147
82.360,147
82.400,149
82.440,149
82.480,149
82.520,151
82.560,151
82.600,154
82.640,154
82.680,154
82.720,156
82.760,156
82.800,158
82.840,158
82.880,158
82.920,161
82.960,161
83.000,163
83.040,163
83.080,163
83.120,164
83.160,164
83.200,166
83.240,166
83.280,166
83.320,167
83.360,167
83.400,176
83.440,176
83.480,176
83.520,179
83.560,179
83.600,180
83.640,180
83.680,180
83.720,181
83.760,181
83.800,184
83.840,184
83.880,184
83.920,188
83.960,188
84.000,190
84.040,190
84.080,190
84.120,194
84.160,194
84.200,197
84.240,197
84.280,197
84.320,200
84.360,200
84.400,202
84.440,202
84.480,202
84.520,204
84.560,204
84.600,206
84.640,206
84.680,206
84.720,209
84.760,209
84.800,211
84.840,211
84.880,211
84.920,213
84.960,213
85.000,216
85.040,216
85.080,216
85.120,217
85.160,217
85.200,219
85.240,219
85.280,219
85.320,220
85.360,220
85.400,221
85.440,221
85.480,221
85.520,221
85.560,221
85.600,223
85.640,223
85.680,223
85.720,224
85.760,224
85.800,
85.840,
85.880,
85.920,
85.960,
86.000,229
86.040,229
86.080,229
86.120,231
86.160,
86.200,
86.240,
86.280,
86.320,235
86.360,235
86.400,236
86.440,236
86.480,236
86.520,238
86.560,238
86.600,240
86.640,240
86.680,240
86.720,241
86.760,241
86.800,242
86.840,242
86.880,242
86.920,242
86.960,242
87.000,242
87.040,242
87.080,242
87.120,242
87.160,242
87.200,244
87.240,244
87.280,244
87.320,245
87.360,245
87.400,247
87.440,247
87.480,247
87.520,249
87.560,249
87.600,250
87.640,250
87.680,250
87.720,252
87.760,252
87.800,254
87.840,254
87.880,254
87.920,255
87.960,255
88.000,257
88.040,257
88.080,257
88.120,259
88.160,259
88.200,260
88.240,260
88.280,260
88.320,262
88.360,262
88.400,264
88.440,264
88.480,264
88.520,265
88.560,265
88.600,267
88.640,267
88.680,267
88.720,268
88.760,268
88.800,269
88.840,269
88.880,269
88.920,271
88.960,
89.000,
89.040,
89.080,
89.120,273
89.160,273
89.200,275
89.240,275
89.280,275
89.320,276
89.360,276
89.400,277
89.440,277
89.480,277
89.520,278
89.560,278
89.600,280
89.640,280
89.680,280
89.720,281
89.760,281
89.800,282
89.840,282
89.880,282
89.920,284
89.960,284
90.000,285
90.040,285
90.080,285
90.120,
90.160,287
90.200,288
90.240,288
90.280,288
90.320,
90.360,
90.400,285
90.440,285
90.480,285
90.520,282
90.560,282
90.600,279
90.640,279
90.680,279
90.720,275
90.760,275
90.800,272
90.840,272
90.880,272
90.920,270
90.960,270
91.000,269
91.040,269
91.080,269
91.120,267
91.160,267
91.200,264
91.240,264
91.280,264
91.320,262
91.360,262
91.400,259
91.440,259
91.480,259
91.520,257
91.560,257
91.600,254
91.640,254
91.680,254
91.720,251
91.760,251
91.800,249
91.840,249
91.880,249
91.920,247
91.960,247
92.000,245
92.040,245
92.080,245
92.120,243
92.160,243
92.200,242
92.240,242
92.280,242
92.320,241
92.360,241
92.400,240
92.440,240
92.480,240
92.520,239
92.560,239
92.600,239
92.640,239
92.680,239
92.720,238
92.760,238
92.800,238
92.840,238
92.880,238
92.920,239
92.960,239
93.000,238
93.040,238
93.080,238
93.120,239
93.160,239
93.200,239
93.240,239
93.280,239
93.320,240
93.360,240
93.400,
93.440,
93.480,
93.520,240
93.560,240
93.600,240
93.640,240
93.680,240
93.720,240
93.760,240
93.800,240
93.840,240
93.880,240
93.920,239
93.960,239
94.000,239
94.040,239
94.080,239
94.120,239
94.160,239
94.200,238
94.240,238
94.280,238
94.320,239
94.360,239
94.400,238
94.440,238
94.480,238
94.520,238
94.560,238
94.600,239
94.640,239
94.680,239
94.720,236
94.760,236
94.800,234
94.840,234
94.880,234
94.920,230
94.960,230
95.000,
95.040,227
95.080,227
95.120,222
95.160,222
95.200,218
95.240,218
95.280,218
95.320,215
95.360,215
95.400,212
95.440,212
95.480,212
95.520,209
95.560,209
95.600,206
95.640,206
95.680,206
95.720,202
95.760,202
95.800,198
95.840,198
95.880,198
95.920,193
95.960,193
96.000,190
96.040,190
96.080,190
96.120,187
96.160,187
96.200,183
96.240,183
96.280,183
96.320,181
96.360,181
96.400,178
96.440,178
96.480,178
96.520,177
96.560,177
96.600,175
96.640,175
96.680,175
96.720,175
96.760,175
96.800,175
96.840,175
96.880,175
96.920,174
96.960,174
97.000,174
97.040,174
97.080,174
97.120,174
97.160,174
97.200,174
97.240,174
97.280,174
97.320,174
97.360,174
97.400,173
97.440,173
97.480,173
97.520,175
97.560,175
97.600,175
97.640,175
97.680,175
97.720,173
97.760,173
97.800,174
97.840,174
97.880,174
97.920,175
97.960,175
98.000,176
98.040,176
98.080,176
98.120,176
98.160,176
98.200,177
98.240,177
98.280,177
98.320,177
98.360,177
98.400,174
98.440,174
98.480,174
98.520,171
98.560,171
98.600,167
98.640,167
98.680,167
98.720,163
98.760,163
98.800,159
98.840,159
98.880,159
98.920,155
98.960,155
99.000,151
99.040,151
99.080,151
99.120,148
99.160,148
99.200,145
99.240,145
99.280,145
99.320,143
99.360,143
99.400,141
99.440,141
99.480,141
99.520,139
99.560,139
99.600,137
99.640,137
99.680,137
99.720,134
99.760,134
99.800,131
99.840,131
99.880,131
99.920,129
99.960,129
100.000,128
100.040,128
100.080,128
100.120,127
100.160,127
100.200,125
100.240,125
100.280,125
100.320,125
100.360,125
100.400,125
100.440,125
100.480,125
100.520,123
100.560,123
100.600,124
100.640,124
100.680,124
100.720,125
100.760,125
100.800,125
100.840,125
100.880,125
100.920,126
100.960,126
101.000,126
101.040,126
101.080,126
101.120,127
101.160,127
101.200,128
101.240,128
101.280,128
101.320,128
101.360,128
101.400,128
101.440,128
101.480,128
101.520,128
101.560,128
101.600,129
101.640,129
101.680,129
101.720,132
101.760,132
101.800,133
101.840,133
101.880,133
101.920,135
101.960,135
102.000,137
102.040,137
102.080,137
102.120,138
102.160,138
102.200,137
102.240,137
102.280,137
102.320,134
102.360,134
102.400,132
102.440,132
102.480,132
102.520,128
102.560,128
102.600,125
102.640,125
102.680,125
102.720,120
102.760,120
102.800,115
102.840,115
102.880,115
102.920,111
102.960,111
103.000,107
103.040,107
103.080,107
103.120,105
103.160,105
103.200,103
103.240,103
103.280,103
103.320,102
103.360,102
103.400,100
103.440,100
103.480,100
103.520,99
103.560,99
103.600,97
103.640,97
103.680,97
103.720,95
103.760,95
103.800,95
103.840,95
103.880,95
103.920,94
103.960,94
104.000,93
104.040,93
104.080,93
104.120,92
104.160,92
104.200,91
104.240,91
104.280,91
104.320,89
104.360,89
104.400,89
104.440,89
104.480,89
104.520,87
104.560,87
104.600,86
104.640,86
104.680,86
104.720,85
104.760,85
104.800,84
104.840,84
104.880,84
104.920,83
104.960,83
105.000,83
105.040,83
105.080,83
105.120,81
105.160,81
105.200,80
105.240,80
105.280,80
105.320,80
105.360,80
105.400,79
105.440,79
105.480,79
105.520,78
105.560,78
105.600,77
105.640,77
105.680,77
105.720,77
105.760,77
105.800,78
105.840,78
105.880,78
105.920,79
105.960,79
106.000,81
106.040,81
106.080,81
106.120,83
106.160,83
106.200,85
106.240,85
106.280,85
106.320,87
106.360,87
106.400,90
106.440,90
106.480,90
106.520,91
106.560,91
106.600,93
106.640,93
106.680,93
106.720,93
106.760,93
106.800,92
106.840,92
106.880,92
106.920,93
106.960,93
107.000,93
107.040,93
107.080,93
107.120,93
107.160,93
107.200,94
107.240,94
107.280,94
107.320,93
107.360,93
107.400,92
107.440,92
107.480,92
107.520,92
107.560,92
107.600,91
107.640,91
107.680,91
107.720,90
107.760,90
107.800,90
107.840,90
107.880,90
107.920,89
107.960,89
108.000,88
108.040,88
108.080,88
108.120,89
108.160,89
108.200,89
108.240,89
108.280,89
108.320,90
108.360,90
108.400,90
108.440,90
108.480,90
108.520,92
108.560,92
108.600,94
108.640,94
108.680,94
108.720,96
108.760,96
108.800,98
108.840,98
108.880,98
108.920,100
108.960,100
109.000,103
109.040,103
109.080,103
109.120,105
109.160,105
109.200,105
109.240,108
109.280,108
109.320,110
109.360,110
109.400,113
109.440,113
109.480,113
109.520,115
109.560,115
109.600,118
109.640,118
109.680,118
109.720,121
109.760,121
109.800,124
109.840,124
109.880,124
109.920,127
109.960,127
110.000,130
110.040,130
110.080,130
110.120,133
110.160,133
110.200,136
110.240,136
110.280,136
110.320,139
110.360,139
110.400,143
110.440,143
110.480,143
110.520,145
110.560,145
110.600,149
110.640,149
110.680,149
110.720,152
110.760,152
110.800,155
110.840,155
110.880,155
110.920,157
110.960,157
111.000,161
111.040,161
111.080,161
111.120,163
111.160,163
111.200,167
111.240,167
111.280,167
111.320,169
111.360,169
111.400,172
111.440,172
111.480,172
111.520,175
111.560,175
111.600,178
111.640,178
111.680,178
111.720,181
111.760,181
111.800,183
111.840,183
111.880,183
111.920,186
111.960,186
112.000,188
112.040,188
112.080,188
112.120,190
112.160,190
112.200,193
112.240,193
112.280,193
112.320,196
112.360,196
112.400,198
112.440,198
112.480,198
112.520,200
112.560,200
112.600,202
112.640,202
112.680,202
112.720,205
112.760,205
112.800,207
112.840,207
112.880,207
112.920,209
112.960,209
113.000,211
113.040,211
113.080,211
113.120,213
113.160,213
113.200,216
113.240,216
113.280,216
113.320,217
113.360,217
113.400,219
113.440,219
113.480,219
113.520,221
113.560,221
113.600,223
113.640,223
113.680,223
113.720,225
113.760,225
113.800,
113.840,
113.880,227
113.920,228
113.960,228
114.000,230
114.040,230
114.080,230
114.120,232
114.160,232
114.200,234
114.240,234
114.280,234
114.320,235
114.360,235
114.400,237
114.440,237
114.480,237
114.520,239
114.560,239
114.600,240
114.640,240
114.680,240
114.720,242
114.760,242
114.800,243
114.840,243
114.880,243
114.920,245
114.960,245
115.000,246
115.040,246
115.080,246
115.120,248
115.160,248
115.200,249
115.240,249
115.280,249
115.320,251
115.360,251
115.400,253
115.440,253
115.480,253
115.520,254
115.560,254
115.600,255
115.640,255
115.680,255
115.720,256
115.760,256
115.800,258
115.840,258
115.880,258
115.920,260
115.960,260
116.000,261
116.040,261
116.080,261
116.120,262
116.160,262
116.200,
116.240,
116.280,
116.320,260
116.360,260
116.400,258
116.440,258
116.480,258
116.520,254
116.560,254
116.600,251
116.640,251
116.680,251
116.720,248
116.760,248
116.800,244
116.840,244
116.880,244
116.920,240
116.960,240
117.000,237
117.040,237
117.080,
117.120,235
117.160,235
117.200,
117.240,
117.280,
117.320,229
117.360,229
117.400,226
117.440,226
117.480,226
117.520,223
117.560,223
117.600,220
117.640,220
117.680,220
117.720,219
117.760,219
117.800,216
117.840,216
117.880,216
117.920,214
117.960,214
118.000,212
118.040,212
118.080,212
118.120,207
118.160,207
118.200,205
118.240,205
118.280,205
118.320,203
118.360,203
118.400,200
118.440,200
118.480,200
118.520,198
118.560,198
118.600,196
118.640,196
118.680,196
118.720,194
118.760,194
118.800,192
118.840,192
118.880,192
118.920,189
118.960,189
119.000,186
119.040,186
119.080,186
119.120,184
119.160,184
119.200,182
119.240,182
119.280,182
119.320,180
119.360,180
119.400,177
119.440,177
119.480,177
119.520,175
119.560,175
119.600,174
119.640,174
119.680,174
119.720,173
119.760,173
119.800,171
119.840,171
119.880,171
119.920,171
119.960,171
120.000,170
120.040,170
120.080,170
120.120,170
120.160,170
120.200,170
120.240,170
120.280,170
120.320,169
120.360,169
120.400,170
120.440,170
120.480,170
120.520,170
120.560,170
120.600,170
120.640,170
120.680,170
120.720,170
120.760,170
120.800,170
120.840,170
120.880,170
120.920,170
120.960,170
121.000,171
121.040,171
121.080,171
121.120,171
121.160,171
121.200,172
121.240,172
121.280,172
121.320,172
121.360,172
121.400,173
121.440,173
121.480,173
121.520,174
121.560,174
121.600,175
121.640,175
121.680,175
121.720,176
121.760,176
121.800,177
121.840,177
121.880,177
121.920,178
121.960,178
122.000,179
122.040,179
122.080,179
122.120,180
122.160,180
122.200,181
122.240,181
122.280,181
122.320,183
122.360,183
122.400,184
122.440,184
122.480,184
122.520,184
122.560,184
122.600,186
122.640,186
122.680,186
122.720,188
122.760,188
122.800,190
122.840,190
122.880,190
122.920,193
122.960,193
123.000,195
123.040,195
123.080,195
123.120,193
123.160,193
123.200,189
123.240,189
123.280,189
123.320,185
123.360,185
123.400,181
123.440,181
123.480,181
123.520,177
123.560,177
123.600,173
123.640,173
123.680,173
123.720,168
123.760,168
123.800,162
123.840,162
123.880,162
123.920,158
123.960,158
124.000,153
124.040,153
124.080,153
124.120,149
124.160,149
124.200,145
124.240,145
124.280,145
124.320,140
124.360,140
124.400,136
124.440,136
124.480,136
124.520,133
124.560,133
124.600,129
124.640,129
124.680,129
124.720,125
124.760,125
124.800,123
124.840,123
124.880,123
124.920,121
124.960,121
125.000,119
125.040,119
125.080,119
125.120,117
125.160,117
125.200,114
125.240,114
125.280,114
125.320,112
125.360,112
125.400,110
125.440,110
125.480,110
125.520,108
125.560,108
125.600,108
125.640,108
125.680,108
125.720,107
125.760,107
125.800,106
125.840,106
125.880,106
125.920,106
125.960,106
126.000,105
126.040,105
126.080,105
126.120,106
126.160,106
126.200,106
126.240,106
126.280,106
126.320,106
126.360,106
126.400,106
126.440,106
126.480,106
126.520,106
126.560,106
126.600,107
126.640,107
126.680,107
126.720,108
126.760,108
126.800,109
126.840,109
126.880,109
126.920,109
126.960,109
127.000,110
127.040,110
127.080,110
127.120,112
127.160,112
127.200,113
127.240,113
127.280,113
127.320,115
127.360,115
127.400,117
127.440,117
127.480,117
127.520,118
127.560,118
127.600,120
127.640,120
127.680,120
127.720,121
127.760,121
127.800,123
127.840,123
127.880,123
127.920,126
127.960,126
128.000,128
128.040,128
128.080,128
128.120,129
128.160,129
128.200,130
128.240,130
128.280,130
128.320,131
128.360,131
128.400,131
128.440,131
128.480,131
128.520,132
128.560,132
128.600,133
128.640,133
128.680,133
128.720,134
128.760,134
128.800,135
128.840,135
128.880,135
128.920,137
128.960,137
129.000,139
129.040,139
129.080,139
129.120,141
129.160,141
129.200,143
129.240,143
129.280,143
129.320,145
129.360,145
129.400,146
129.440,146
129.480,146
129.520,148
129.560,148
129.600,151
129.640,151
129.680,151
129.720,153
129.760,153
129.800,156
129.840,156
129.880,156
129.920,158
129.960,158
130.000,160
130.040,160
130.080,160
130.120,163
130.160,163
130.200,165
130.240,165
130.280,165
130.320,167
130.360,167
130.400,169
130.440,169
130.480,169
130.520,171
130.560,171
130.600,170
130.640,170
130.680,170
130.720,168
130.760,168
130.800,165
130.840,165
130.880,165
130.920,162
130.960,162
131.000,158
131.040,158
131.080,158
131.120,156
131.160,156
131.200,151
131.240,151
131.280,151
131.320,148
131.360,148
131.400,145
131.440,145
131.480,145
131.520,141
131.560,141
131.600,138
131.640,138
131.680,138
131.720,134
131.760,134
131.800,130
131.840,130
131.880,130
131.920,126
131.960,126
132.000,122
132.040,122
132.080,122
132.120,118
132.160,118
132.200,115
132.240,115
132.280,115
132.320,112
132.360,112
132.400,110
132.440,110
132.480,110
132.520,108
132.560,108
132.600,107
132.640,107
132.680,107
132.720,106
132.760,106
132.800,105
132.840,105
132.880,105
132.920,103
132.960,103
133.000,103
133.040,103
133.080,103
133.120,102
133.160,102
133.200,100
133.240,100
133.280,100
133.320,99
133.360,99
133.400,97
133.440,97
133.480,97
133.520,96
133.560,96
133.600,95
133.640,95
133.680,95
133.720,94
133.760,94
133.800,93
133.840,93
133.880,93
133.920,92
133.960,92
134.000,92
134.040,92
134.080,92
134.120,91
134.160,91
134.200,91
134.240,91
134.280,91
134.320,91
134.360,91
134.400,91
134.440,91
134.480,91
134.520,90
134.560,90
134.600,91
134.640,91
134.680,91
134.720,92
134.760,92
134.800,93
134.840,93
134.880,93
134.920,94
134.960,94
135.000,96
135.040,96
135.080,96
135.120,98
135.160,98
135.200,99
135.240,99
135.280,99
135.320,101
135.360,101
135.400,102
135.440,102
135.480,102
135.520,104
135.560,104
135.600,106
135.640,106
135.680,106
135.720,109
135.760,109
135.800,111
135.840,111
135.880,111
135.920,114
135.960,114
136.000,116
136.040,116
136.080,116
136.120,118
136.160,118
136.200,121
136.240,121
136.280,121
136.320,123
136.360,123
136.400,125
136.440,125
136.480,125
136.520,127
136.560,127
136.600,129
136.640,129
136.680,129
136.720,131
136.760,131
136.800,133
136.840,133
136.880,133
136.920,136
136.960,136
137.000,139
137.040,139
137.080,139
137.120,141
137.160,141
137.200,144
137.240,144
137.280,144
137.320,147
137.360,147
137.400,151
137.440,151
137.480,151
137.520,155
137.560,155
137.600,158
137.640,158
137.680,158
137.720,161
137.760,161
137.800,164
137.840,164
137.880,164
137.920,167
137.960,167
138.000,170
138.040,170
138.080,170
138.120,173
138.160,173
138.200,176
138.240,176
138.280,176
138.320,177
138.360,177
138.400,178
138.440,178
138.480,178
138.520,177
138.560,177
138.600,177
138.640,177
138.680,177
138.720,176
138.760,176
138.800,174
138.840,174
138.880,174
138.920,173
138.960,173
139.000,171
139.040,171
139.080,171
139.120,169
139.160,169
139.200,167
139.240,167
139.280,167
139.320,165
139.360,165
139.400,163
139.440,163
139.480,163
139.520,161
139.560,161
139.600,160
139.640,160
139.680,160
139.720,158
139.760,158
139.800,158
139.840,158
139.880,158
139.920,157
139.960,157
140.000,156
140.040,156
140.080,156
140.120,156
140.160,156
140.200,155
140.240,155
140.280,155
140.320,155
140.360,155
140.400,154
140.440,154
140.480,154
140.520,154
140.560,154
140.600,154
140.640,154
140.680,154
140.720,153
140.760,153
140.800,153
140.840,153
140.880,153
140.920,153
140.960,153
141.000,154
141.040,154
141.080,154
141.120,154
141.160,154
141.200,155
141.240,155
141.280,155
141.320,155
141.360,155
141.400,157
141.440,157
141.480,157
141.520,158
141.560,158
141.600,160
141.640,160
141.680,160
141.720,161
141.760,161
141.800,163
141.840,163
141.880,163
141.920,166
141.960,166
142.000,168
142.040,168
142.080,168
142.120,170
142.160,170
142.200,171
142.240,171
142.280,171
142.320,173
142.360,173
142.400,175
142.440,175
142.480,175
142.520,177
142.560,177
142.600,179
142.640,179
142.680,179
142.720,181
142.760,181
142.800,183
142.840,183
142.880,183
142.920,185
142.960,185
143.000,188
143.040,188
143.080,188
143.120,190
143.160,190
143.200,190
143.240,190
143.280,190
143.320,185
143.360,185
143.400,182
143.440,182
143.480,182
143.520,179
143.560,179
143.600,177
143.640,177
143.680,177
143.720,175
143.760,175
143.800,173
143.840,173
143.880,173
143.920,171
143.960,171
144.000,169
144.040,169
144.080,169
144.120,167
144.160,167
144.200,165
144.240,165
144.280,165
144.320,163
144.360,163
144.400,160
144.440,160
144.480,160
144.520,158
144.560,158
144.600,156
144.640,156
144.680,156
144.720,155
144.760,155
144.800,154
144.840,154
144.880,154
144.920,153
144.960,153
145.000,151
145.040,151
145.080,151
145.120,150
145.160,150
145.200,149
145.240,149
145.280,149
145.320,148
145.360,148
145.400,146
145.440,146
145.480,146
145.520,145
145.560,145
145.600,144
145.640,144
145.680,144
145.720,143
145.760,143
145.800,142
145.840,142
145.880,142
145.920,141
145.960,141
146.000,140
146.040,140
146.080,140
146.120,140
146.160,140
146.200,140
146.240,140
146.280,140
146.320,140
146.360,140
146.400,140
146.440,140
146.480,140
146.520,140
146.560,140
146.600,140
146.640,140
146.680,140
146.720,140
146.760,140
146.800,141
146.840,141
146.880,141
146.920,142
146.960,142
147.000,143
147.040,143
147.080,143
147.120,144
147.160,144
147.200,145
147.240,145
147.280,145
147.320,146
147.360,146
147.400,147
147.440,147
147.480,147
147.520,148
147.560,148
147.600,148
147.640,148
147.680,148
147.720,149
147.760,149
147.800,150
147.840,150
147.880,150
147.920,151
147.960,151
148.000,153
148.040,153
148.080,153
148.120,154
148.160,154
148.200,156
148.240,156
148.280,156
148.320,157
148.360,157
148.400,159
148.440,159
148.480,159
148.520,160
148.560,160
148.600,161
148.640,161
148.680,161
148.720,163
148.760,163
148.800,164
148.840,164
148.880,164
148.920,165
148.960,165
149.000,166
149.040,166
149.080,166
149.120,168
149.160,168
149.200,168
149.240,168
149.280,168
149.320,170
149.360,170
149.400,171
149.440,171
149.480,171
149.520,172
149.560,172
149.600,174
149.640,174
149.680,174
149.720,174
149.760,174
149.800,176
149.840,176
149.880,176
149.920,177
149.960,177
150.000,178
150.040,178
150.080,178
150.120,180
150.160,180
150.200,181
150.240,181
150.280,181
150.320,183
150.360,183
150.400,185
150.440,185
150.480,185
150.520,187
150.560,187
150.600,189
150.640,189
150.680,189
150.720,191
150.760,191
150.800,194
150.840,194
150.880,194
150.920,196
150.960,196
151.000,198
151.040,198
151.080,198
151.120,199
151.160,199
151.200,198
151.240,198
151.280,198
151.320,196
151.360,196
151.400,193
151.440,193
151.480,193
151.520,190
151.560,190
151.600,186
151.640,186
151.680,186
151.720,181
151.760,181
151.800,176
151.840,176
151.880,176
151.920,172
151.960,172
152.000,167
152.040,167
152.080,167
152.120,163
152.160,163
152.200,160
152.240,160
152.280,160
152.320,157
152.360,157
152.400,154
152.440,154
152.480,154
152.520,150
152.560,150
152.600,147
152.640,147
152.680,147
152.720,144
152.760,144
152.800,141
152.840,141
152.880,141
152.920,138
152.960,138
153.000,136
153.040,136
153.080,136
153.120,135
153.160,135
153.200,133
153.240,133
153.280,133
153.320,131
153.360,131
153.400,129
153.440,129
153.480,129
153.520,128
153.560,128
153.600,127
153.640,127
153.680,127
153.720,127
153.760,127
153.800,126
153.840,126
153.880,126
153.920,125
153.960,125
154.000,124
154.040,124
154.080,124
154.120,121
154.160,121
154.200,119
154.240,119
154.280,119
154.320,118
154.360,118
154.400,117
154.440,117
154.480,117
154.520,115
154.560,115
154.600,112
154.640,112
154.680,112
154.720,109
154.760,109
154.800,106
154.840,106
154.880,106
154.920,104
154.960,104
155.000,102
155.040,102
155.080,102
155.120,99
155.160,99
155.200,98
155.240,98
155.280,98
155.320,96
155.360,96
155.400,94
155.440,94
155.480,94
155.520,92
155.560,92
155.600,90
155.640,90
155.680,90
155.720,88
155.760,88
155.800,87
155.840,87
155.880,87
155.920,86
155.960,86
156.000,84
156.040,84
156.080,84
156.120,81
156.160,81
156.200,79
156.240,79
156.280,79
156.320,77
156.360,77
156.400,75
156.440,75
156.480,75
156.520,74
156.560,74
156.600,73
156.640,73
156.680,73
156.720,72
156.760,72
156.800,71
156.840,71
156.880,71
156.920,71
156.960,71
157.000,70
157.040,70
157.080,70
157.120,70
157.160,70
157.200,70
157.240,70
157.280,70
157.320,71
157.360,71
157.400,72
157.440,72
157.480,72
157.520,72
157.560,72
157.600,72
157.640,72
157.680,72
157.720,73
157.760,73
157.800,75
157.840,75
157.880,75
157.920,75
157.960,75
158.000,77
158.040,77
158.080,77
158.120,79
158.160,79
158.200,80
158.240,80
158.280,80
158.320,82
158.360,82
158.400,83
158.440,83
158.480,83
158.520,86
158.560,86
158.600,88
158.640,88
158.680,88
158.720,90
158.760,90
158.800,93
158.840,93
158.880,93
158.920,95
158.960,95
159.000,98
159.040,98
159.080,98
159.120,101
159.160,101
159.200,103
159.240,103
159.280,103
159.320,105
159.360,105
159.400,106
159.440,106
159.480,106
159.520,108
159.560,108
159.600,108
159.640,108
159.680,108
159.720,110
159.760,110
159.800,111
159.840,111
159.880,111
159.920,112
159.960,112
160.000,115
160.040,115
160.080,115
160.120,114
160.160,114
160.200,115
160.240,115
160.280,115
160.320,116
160.360,116
160.400,116
160.440,116
160.480,116
160.520,118
160.560,118
160.600,119
160.640,119
160.680,119
160.720,121
160.760,121
160.800,122
160.840,122
160.880,122
160.920,124
160.960,124
161.000,126
161.040,126
161.080,126
161.120,129
161.160,129
161.200,132
161.240,132
161.280,132
161.320,134
161.360,134
161.400,136
161.440,136
161.480,136
161.520,139
161.560,139
161.600,142
161.640,142
161.680,142
161.720,145
161.760,145
161.800,147
161.840,147
161.880,147
161.920,149
161.960,149
162.000,152
162.040,152
162.080,152
162.120,155
162.160,155
162.200,157
162.240,157
162.280,157
162.320,160
162.360,160
162.400,163
162.440,163
162.480,163
162.520,166
162.560,166
162.600,169
162.640,169
162.680,169
162.720,172
162.760,172
162.800,174
162.840,174
162.880,174
162.920,177
162.960,177
163.000,180
163.040,180
163.080,180
163.120,182
163.160,182
163.200,185
163.240,185
163.280,185
163.320,188
163.360,188
163.400,190
163.440,190
163.480,190
163.520,193
163.560,193
163.600,195
163.640,195
163.680,195
163.720,197
163.760,197
163.800,200
163.840,200
163.880,200
163.920,202
163.960,202
164.000,204
164.040,204
164.080,204
164.120,206
164.160,206
164.200,209
164.240,209
164.280,209
164.320,209
164.360,209
164.400,208
164.440,208
164.480,208
164.520,208
164.560,208
164.600,206
164.640,206
164.680,206
164.720,204
164.760,204
164.800,202
164.840,202
164.880,202
164.920,199
164.960,199
165.000,198
165.040,198
165.080,198
165.120,197
165.160,197
165.200,196
165.240,196
165.280,196
165.320,197
165.360,197
165.400,197
165.440,197
165.480,197
165.520,196
165.560,196
165.600,195
165.640,195
165.680,195
165.720,194
165.760,194
165.800,192
165.840,192
165.880,192
165.920,190
165.960,190
166.000,188
166.040,188
166.080,188
166.120,186
166.160,186
166.200,184
166.240,184
166.280,184
166.320,180
166.360,180
166.400,177
166.440,177
166.480,177
166.520,174
166.560,174
166.600,171
166.640,171
166.680,171
166.720,167
166.760,167
166.800,164
166.840,164
166.880,164
166.920,160
166.960,160
167.000,156
167.040,156
167.080,156
167.120,154
167.160,154
167.200,151
167.240,151
167.280,151
167.320,148
167.360,148
167.400,144
167.440,144
167.480,144
167.520,141
167.560,141
167.600,136
167.640,136
167.680,136
167.720,132
167.760,132
167.800,130
167.840,130
167.880,130
167.920,127
167.960,127
168.000,126
168.040,126
168.080,126
168.120,124
168.160,124
168.200,122
168.240,122
168.280,122
168.320,120
168.360,120
168.400,119
168.440,119
168.480,119
168.520,118
168.560,118
168.600,116
168.640,116
168.680,116
168.720,115
168.760,115
168.800,113
168.840,113
168.880,113
168.920,112
168.960,112
169.000,111
169.040,111
169.080,111
169.120,110
169.160,110
169.200,110
169.240,110
169.280,110
169.320,109
169.360,109
169.400,109
169.440,109
169.480,109
169.520,109
169.560,109
169.600,109
169.640,109
169.680,109
169.720,109
169.760,109
169.800,110
169.840,110
169.880,110
169.920,111
169.960,111
170.000,112
170.040,112
170.080,112
170.120,112
170.160,112
170.200,113
170.240,113
170.280,113
170.320,114
170.360,114
170.400,114
170.440,114
170.480,114
170.520,115
170.560,115
170.600,115
170.640,115
170.680,115
170.720,116
170.760,116
170.800,117
170.840,117
170.880,117
170.920,118
170.960,118
171.000,120
171.040,120
171.080,120
171.120,122
171.160,122
171.200,123
171.240,123
171.280,123
171.320,125
171.360,125
171.400,125
171.440,125
171.480,125
171.520,127
171.560,127
171.600,128
171.640,128
171.680,128
171.720,130
171.760,130
171.800,131
171.840,131
171.880,131
171.920,133
171.960,133
172.000,134
172.040,134
172.080,134
172.120,137
172.160,137
172.200,139
172.240,139
172.280,139
172.320,140
172.360,140
172.400,142
172.440,142
172.480,142
172.520,144
172.560,144
172.600,146
172.640,146
172.680,146
172.720,148
172.760,148
172.800,149
172.840,149
172.880,149
172.920,151
172.960,151
173.000,154
173.040,154
173.080,154
173.120,157
173.160,157
173.200,158
173.240,158
173.280,158
173.320,158
173.360,158
173.400,155
173.440,155
173.480,155
173.520,152
173.560,152
173.600,149
173.640,149
173.680,149
173.720,144
173.760,144
173.800,140
173.840,140
173.880,140
173.920,137
173.960,137
174.000,133
174.040,133
174.080,133
174.120,129
174.160,129
174.200,128
174.240,128
174.280,128
174.320,125
174.360,125
174.400,123
174.440,123
174.480,123
174.520,120
174.560,120
174.600,118
174.640,118
174.680,118
174.720,117
174.760,117
174.800,116
174.840,116
174.880,116
174.920,114
174.960,114
175.000,113
175.040,113
175.080,113
175.120,111
175.160,111
175.200,110
175.240,110
175.280,110
175.320,110
175.360,110
175.400,109
175.440,109
175.480,109
175.520,109
175.560,109
175.600,109
175.640,109
175.680,109
175.720,109
175.760,109
175.800,110
175.840,110
175.880,110
175.920,111
175.960,111
176.000,112
176.040,112
176.080,112
176.120,113
176.160,113
176.200,115
176.240,115
176.280,115
176.320,115
176.360,115
176.400,116
176.440,116
176.480,116
176.520,118
176.560,118
176.600,119
176.640,119
176.680,119
176.720,120
176.760,120
176.800,122
176.840,122
176.880,122
176.920,122
176.960,122
177.000,123
177.040,123
177.080,123
177.120,125
177.160,125
177.200,127
177.240,127
177.280,127
177.320,130
177.360,130
177.400,132
177.440,132
177.480,132
177.520,134
177.560,134
177.600,137
177.640,137
177.680,137
177.720,140
177.760,140
177.800,143
177.840,143
177.880,143
177.920,145
177.960,145
178.000,149
178.040,149
178.080,149
178.120,151
178.160,151
178.200,154
178.240,154
178.280,154
178.320,156
178.360,156
178.400,158
178.440,158
178.480,158
178.520,161
178.560,161
178.600,164
178.640,164
178.680,164
178.720,167
178.760,167
178.800,169
178.840,169
178.880,169
178.920,171
178.960,171
179.000,174
179.040,174
179.080,174
179.120,176
179.160,176
179.200,178
179.240,178
179.280,178
179.320,180
179.360,180
179.400,182
179.440,182
179.480,182
179.520,184
179.560,184
179.600,187
179.640,187
179.680,187
179.720,189
179.760,189
179.800,191
179.840,191
179.880,191
179.920,192
179.960,192
180.000,195
180.040,195
180.080,195
180.120,197
180.160,197
180.200,199
180.240,199
180.280,199
180.320,201
180.360,201
180.400,205
180.440,205
180.480,205
180.520,206
180.560,206
180.600,209
180.640,209
180.680,209
180.720,211
180.760,211
180.800,213
180.840,213
180.880,213
180.920,215
180.960,215
181.000,217
181.040,217
181.080,217
181.120,218
181.160,218
181.200,220
181.240,220
181.280,220
181.320,
181.360,
181.400,224
181.440,224
181.480,224
181.520,225
181.560,225
181.600,
181.640,
181.680,
181.720,
181.760,
181.800,230
181.840,230
181.880,230
181.920,230
181.960,230
182.000,231
182.040,231
182.080,231
182.120,234
182.160,234
182.200,236
182.240,236
182.280,236
182.320,237
182.360,237
182.400,239
182.440,239
182.480,239
182.520,240
182.560,240
182.600,242
182.640,242
182.680,242
182.720,242
182.760,242
182.800,241
182.840,241
182.880,241
182.920,241
182.960,241
183.000,241
183.040,241
183.080,241
183.120,240
183.160,240
183.200,239
183.240,239
183.280,239
183.320,238
183.360,238
183.400,238
183.440,238
183.480,238
183.520,237
183.560,237
183.600,237
183.640,237
183.680,237
183.720,236
183.760,236
183.800,234
183.840,234
183.880,234
183.920,233
183.960,
184.000,231
184.040,231
184.080,231
184.120,230
184.160,230
184.200,228
184.240,228
184.280,228
184.320,227
184.360,227
184.400,225
184.440,225
184.480,225
184.520,223
184.560,223
184.600,
184.640,221
184.680,
184.720,220
184.760,220
184.800,219
184.840,219
184.880,219
184.920,218
184.960,218
185.000,217
185.040,217
185.080,217
185.120,217
185.160,217
185.200,216
185.240,216
185.280,216
185.320,216
185.360,216
185.400,216
185.440,216
185.480,216
185.520,215
185.560,215
185.600,216
185.640,216
185.680,216
185.720,217
185.760,217
185.800,216
185.840,216
185.880,216
185.920,216
185.960,216
186.000,217
186.040,217
186.080,217
186.120,216
186.160,216
186.200,217
186.240,217
186.280,217
186.320,217
186.360,217
186.400,218
186.440,218
186.480,218
186.520,218
186.560,218
186.600,218
186.640,218
186.680,218
186.720,219
186.760,219
186.800,218
186.840,218
186.880,218
186.920,217
186.960,217
187.000,215
187.040,215
187.080,215
187.120,212
187.160,212
187.200,207
187.240,207
187.280,207
187.320,204
187.360,204
187.400,199
187.440,199
187.480,199
187.520,196
187.560,196
187.600,192
187.640,192
187.680,192
187.720,188
187.760,188
187.800,183
187.840,183
187.880,183
187.920,178
187.960,178
188.000,176
188.040,176
188.080,176
188.120,172
188.160,172
188.200,168
188.240,168
188.280,168
188.320,164
188.360,164
188.400,160
188.440,160
188.480,160
188.520,157
188.560,157
188.600,155
188.640,155
188.680,155
188.720,152
188.760,152
188.800,148
188.840,148
188.880,148
188.920,145
188.960,145
189.000,142
189.040,142
189.080,142
189.120,139
189.160,139
189.200,136
189.240,136
189.280,136
189.320,132
189.360,132
189.400,129
189.440,129
189.480,129
189.520,127
189.560,127
189.600,126
189.640,126
189.680,126
189.720,125
189.760,125
189.800,123
189.840,123
189.880,123
189.920,119
189.960,119
190.000,117
190.040,117
190.080,117
190.120,115
190.160,115
190.200,113
190.240,113
190.280,113
190.320,113
190.360,113
190.400,112
190.440,112
190.480,112
190.520,111
190.560,111
190.600,110
190.640,110
190.680,110
190.720,110
190.760,110
190.800,109
190.840,109
190.880,109
190.920,110
190.960,110
191.000,110
191.040,110
191.080,110
191.120,111
191.160,111
191.200,110
191.240,110
191.280,110
191.320,111
191.360,111
191.400,109
191.440,109
191.480,109
191.520,109
191.560,109
191.600,108
191.640,108
191.680,108
191.720,107
191.760,107
191.800,106
191.840,106
191.880,106
191.920,104
191.960,104
192.000,104
192.040,104
192.080,104
192.120,103
192.160,103
192.200,103
192.240,103
192.280,103
192.320,104
192.360,104
192.400,105
192.440,105
192.480,105
192.520,106
192.560,106
192.600,108
192.640,108
192.680,108
192.720,110
192.760,110
192.800,113
192.840,113
192.880,113
192.920,114
192.960,114
193.000,116
193.040,116
193.080,116
193.120,118
193.160,118
193.200,119
193.240,119
193.280,119
193.320,122
193.360,122
193.400,124
193.440,124
193.480,124
193.520,125
193.560,125
193.600,128
193.640,128
193.680,128
193.720,130
193.760,130
193.800,131
193.840,131
193.880,131
193.920,133
193.960,133
194.000,134
194.040,134
194.080,134
194.120,136
194.160,136
194.200,137
194.240,137
194.280,137
194.320,138
194.360,138
194.400,140
194.440,140
194.480,140
194.520,141
194.560,141
194.600,143
194.640,143
194.680,143
194.720,145
194.760,145
194.800,148
194.840,148
194.880,148
194.920,149
194.960,149
195.000,152
195.040,152
195.080,152
195.120,153
195.160,153
195.200,154
195.240,154
195.280,154
195.320,156
195.360,156
195.400,158
195.440,158
195.480,158
195.520,160
195.560,160
195.600,162
195.640,162
195.680,162
195.720,165
195.760,165
195.800,167
195.840,167
195.880,167
195.920,170
195.960,170
196.000,172
196.040,172
196.080,172
196.120,175
196.160,175
196.200,177
196.240,177
196.280,177
196.320,179
196.360,179
196.400,181
196.440,181
196.480,181
196.520,183
196.560,183
196.600,185
196.640,185
196.680,185
196.720,187
196.760,187
196.800,188
196.840,188
196.880,188
196.920,190
196.960,190
197.000,192
197.040,192
197.080,192
197.120,195
197.160,195
197.200,197
197.240,197
197.280,197
197.320,198
197.360,198
197.400,201
197.440,201
197.480,201
197.520,203
197.560,203
197.600,204
197.640,204
197.680,204
197.720,206
197.760,206
197.800,208
197.840,208
197.880,208
197.920,210
197.960,210
198.000,212
198.040,212
198.080,212
198.120,212
198.160,212
198.200,213
198.240,213
198.280,213
198.320,215
198.360,215
198.400,217
198.440,217
198.480,217
198.520,218
198.560,218
198.600,220
198.640,220
198.680,220
198.720,221
198.760,221
198.800,223
198.840,223
198.880,223
198.920,225
198.960,225
199.000,225
199.040,225
199.080,225
199.120,225
199.160,225
199.200,224
199.240,
199.280,224
199.320,224
199.360,224
199.400,224
199.440,
199.480,224
199.520,
199.560,223
199.600,223
199.640,223
199.680,223
199.720,
199.760,
199.800,221
199.840,221
199.880,221
199.920,220
199.960,220
200.000,219
200.040,219
200.080,219
200.120,219
200.160,219
200.200,217
200.240,217
200.280,217
200.320,218
200.360,218
200.400,217
200.440,217
200.480,217
200.520,217
200.560,217
200.600,217
200.640,217
200.680,217
200.720,217
200.760,217
200.800,217
200.840,217
200.880,217
200.920,217
200.960,217
201.000,217
201.040,217
201.080,217
201.120,217
201.160,217
201.200,217
201.240,217
201.280,217
201.320,217
201.360,217
201.400,217
201.440,217
201.480,217
201.520,217
201.560,217
201.600,217
201.640,217
201.680,217
201.720,217
201.760,217
201.800,218
201.840,218
201.880,218
201.920,218
201.960,218
202.000,218
202.040,218
202.080,218
202.120,219
202.160,219
202.200,220
202.240,220
202.280,220
202.320,
202.360,221
202.400,
202.440,
202.480,
202.520,
202.560,
202.600,224
202.640,224
202.680,224
202.720,
202.760,226
202.800,227
202.840,227
202.880,227
202.920,228
202.960,228
203.000,230
203.040,230
203.080,230
203.120,
203.160,
203.200,
203.240,
203.280,
203.320,233
203.360,
203.400,235
203.440,235
203.480,235
203.520,236
203.560,236
203.600,237
203.640,237
203.680,237
203.720,238
203.760,238
203.800,238
203.840,238
203.880,238
203.920,239
203.960,239
204.000,241
204.040,241
204.080,241
204.120,242
204.160,242
204.200,243
204.240,243
204.280,243
204.320,244
204.360,244
204.400,245
204.440,245
204.480,245
204.520,246
204.560,246
204.600,246
204.640,246
204.680,246
204.720,247
204.760,247
204.800,247
204.840,247
204.880,247
204.920,247
204.960,247
205.000,248
205.040,248
205.080,248
205.120,248
205.160,248
205.200,248
205.240,248
205.280,248
205.320,248
205.360,248
205.400,248
205.440,248
205.480,248
205.520,248
205.560,248
205.600,247
205.640,247
205.680,247
205.720,246
205.760,246
205.800,245
205.840,245
205.880,245
205.920,244
205.960,244
206.000,244
206.040,244
206.080,244
206.120,244
206.160,244
206.200,243
206.240,243
206.280,243
206.320,243
206.360,243
206.400,243
206.440,243
206.480,243
206.520,244
206.560,244
206.600,244
206.640,244
206.680,244
206.720,243
206.760,243
206.800,243
206.840,243
206.880,243
206.920,242
206.960,242
207.000,242
207.040,242
207.080,242
207.120,241
207.160,
207.200,
207.240,
207.280,
207.320,240
207.360,240
207.400,240
207.440,240
207.480,240
207.520,239
207.560,239
207.600,239
207.640,239
207.680,239
207.720,238
207.760,238
207.800,238
207.840,238
207.880,238
207.920,238
207.960,238
208.000,238
208.040,238
208.080,238
208.120,239
208.160,239
208.200,239
208.240,239
208.280,239
208.320,239
208.360,239
208.400,240
208.440,240
208.480,240
208.520,241
208.560,241
208.600,242
208.640,242
208.680,242
208.720,243
208.760,243
208.800,243
208.840,243
208.880,243
208.920,244
208.960,244
209.000,245
209.040,245
209.080,245
209.120,246
209.160,246
209.200,247
209.240,247
209.280,247
209.320,248
209.360,248
209.400,249
209.440,249
209.480,249
209.520,250
209.560,250
209.600,
209.640,251
209.680,251
209.720,252
209.760,252
209.800,253
209.840,253
209.880,253
209.920,254
209.960,254
210.000,255
210.040,255
210.080,255
210.120,256
210.160,256
210.200,258
210.240,258
210.280,258
210.320,259
210.360,259
210.400,260
210.440,260
210.480,260
210.520,261
210.560,
210.600,262
210.640,262
210.680,262
210.720,263
210.760,263
210.800,263
210.840,263
210.880,263
210.920,264
210.960,264
211.000,265
211.040,265
211.080,265
211.120,266
211.160,266
211.200,267
211.240,267
211.280,267
211.320,267
211.360,267
211.400,269
211.440,269
211.480,269
211.520,270
211.560,270
211.600,
211.640,
211.680,
211.720,272
211.760,272
211.800,273
211.840,
211.880,
211.920,272
211.960,272
212.000,274
212.040,274
212.080,274
212.120,275
212.160,275
212.200,276
212.240,
212.280,276
212.320,277
212.360,
212.400,277
212.440,277
212.480,277
212.520,278
212.560,278
212.600,278
212.640,278
212.680,278
212.720,279
212.760,279
212.800,280
212.840,280
212.880,280
212.920,281
212.960,
213.000,282
213.040,282
213.080,282
213.120,283
213.160,283
213.200,284
213.240,284
213.280,284
213.320,284
213.360,284
213.400,285
213.440,285
213.480,285
213.520,285
213.560,285
213.600,286
213.640,286
213.680,286
213.720,
213.760,
213.800,287
213.840,287
213.880,287
213.920,286
213.960,286
214.000,285
214.040,285
214.080,285
214.120,284
214.160,284
214.200,283
214.240,283
214.280,283
214.320,280
214.360,280
214.400,
214.440,
214.480,
214.520,
214.560,277
214.600,275
214.640,275
214.680,275
214.720,274
214.760,274
214.800,
214.840,
214.880,
214.920,269
214.960,269
215.000,267
215.040,267
215.080,267
215.120,265
215.160,265
215.200,264
215.240,264
215.280,264
215.320,262
215.360,262
215.400,262
215.440,262
215.480,262
215.520,260
215.560,260
215.600,260
215.640,260
215.680,260
215.720,259
215.760,259
215.800,259
215.840,259
215.880,259
215.920,258
215.960,258
216.000,258
216.040,258
216.080,258
216.120,257
216.160,257
216.200,257
216.240,257
216.280,257
216.320,257
216.360,257
216.400,256
216.440,256
216.480,256
216.520,255
216.560,255
216.600,255
216.640,255
216.680,255
216.720,255
216.760,255
216.800,254
216.840,254
216.880,254
216.920,254
216.960,254
217.000,253
217.040,253
217.080,253
217.120,253
217.160,253
217.200,252
217.240,252
217.280,252
217.320,252
217.360,252
217.400,253
217.440,253
217.480,253
217.520,254
217.560,254
217.600,254
217.640,254
217.680,254
217.720,254
217.760,254
217.800,254
217.840,254
217.880,254
217.920,255
217.960,255
218.000,256
218.040,256
218.080,256
218.120,257
218.160,257
218.200,257
218.240,257
218.280,257
218.320,259
218.360,259
218.400,260
218.440,260
218.480,260
218.520,261
218.560,261
218.600,
218.640,
218.680,261
218.720,260
218.760,260
218.800,259
218.840,259
218.880,259
218.920,259
218.960,259
219.000,258
219.040,258
219.080,258
219.120,254
219.160,254
219.200,250
219.240,250
219.280,250
219.320,247
219.360,247
219.400,242
219.440,242
219.480,242
219.520,237
219.560,237
219.600,234
219.640,234
219.680,234
219.720,230
219.760,230
219.800,
219.840,
219.880,
219.920,224
219.960,224
220.000,219
220.040,219
220.080,219
220.120,214
220.160,214
220.200,213
220.240,213
220.280,213
220.320,210
220.360,210
220.400,207
220.440,207
220.480,207
220.520,203
220.560,203
220.600,200
220.640,200
220.680,200
220.720,198
220.760,198
220.800,195
220.840,195
220.880,195
220.920,193
220.960,193
221.000,192
221.040,192
221.080,192
221.120,191
221.160,191
221.200,189
221.240,189
221.280,189
221.320,187
221.360,187
221.400,185
221.440,185
221.480,185
221.520,185
221.560,185
221.600,183
221.640,183
221.680,183
221.720,183
221.760,183
221.800,183
221.840,183
221.880,183
221.920,182
221.960,182
222.000,181
222.040,181
222.080,181
222.120,180
222.160,180
222.200,180
222.240,180
222.280,180
222.320,178
222.360,178
222.400,177
222.440,177
222.480,177
222.520,178
222.560,178
222.600,178
222.640,178
222.680,178
222.720,178
222.760,178
222.800,178
222.840,178
222.880,178
222.920,179
222.960,179
223.000,180
223.040,180
223.080,180
223.120,180
223.160,180
223.200,181
223.240,181
223.280,181
223.320,182
223.360,182
223.400,182
223.440,182
223.480,182
223.520,184
223.560,184
223.600,184
223.640,184
223.680,184
223.720,186
223.760,186
223.800,187
223.840,187
223.880,187
223.920,188
223.960,188
224.000,189
224.040,189
224.080,189
224.120,191
224.160,191
224.200,192
224.240,192
224.280,192
224.320,193
224.360,193
224.400,195
224.440,195
224.480,195
224.520,197
224.560,197
224.600,197
224.640,197
224.680,197
224.720,199
224.760,199
224.800,200
224.840,200
224.880,200
224.920,200
224.960,200
225.000,201
225.040,201
225.080,
225.120,202
225.160,202
225.200,203
225.240,203
225.280,203
225.320,205
225.360,205
225.400,206
225.440,206
225.480,206
225.520,208
225.560,208
225.600,210
225.640,210
225.680,210
225.720,211
225.760,211
225.800,213
225.840,213
225.880,213
225.920,215
225.960,215
226.000,217
226.040,217
226.080,217
226.120,219
226.160,219
226.200,220
226.240,220
226.280,220
226.320,
226.360,
226.400,223
226.440,223
226.480,223
226.520,225
226.560,225
226.600,226
226.640,226
226.680,226
226.720,
226.760,
226.800,228
226.840,228
226.880,228
226.920,228
226.960,228
227.000,229
227.040,229
227.080,229
227.120,230
227.160,230
227.200,229
227.240,229
227.280,229
227.320,227
227.360,
227.400,
227.440,
227.480,
227.520,223
227.560,
227.600,220
227.640,220
227.680,220
227.720,218
227.760,218
227.800,215
227.840,215
227.880,215
227.920,213
227.960,213
228.000,210
228.040,210
228.080,210
228.120,208
228.160,208
228.200,206
228.240,206
228.280,206
228.320,205
228.360,205
228.400,204
228.440,204
228.480,204
228.520,201
228.560,201
228.600,200
228.640,200
228.680,200
228.720,198
228.760,198
228.800,195
228.840,195
228.880,195
228.920,192
228.960,192
229.000,191
229.040,191
229.080,191
229.120,189
229.160,189
229.200,188
229.240,188
229.280,188
229.320,187
229.360,187
229.400,186
229.440,186
229.480,186
229.520,186
229.560,186
229.600,186
229.640,186
229.680,186
229.720,185
229.760,185
229.800,185
229.840,185
229.880,185
229.920,184
229.960,184
230.000,184
230.040,184
230.080,184
230.120,185
230.160,185
230.200,186
230.240,186
230.280,186
230.320,186
230.360,186
230.400,187
230.440,187
230.480,187
230.520,188
230.560,188
230.600,189
230.640,189
230.680,189
230.720,191
230.760,191
230.800,193
230.840,193
230.880,193
230.920,195
230.960,195
231.000,196
231.040,196
231.080,196
231.120,198
231.160,198
231.200,199
231.240,199
231.280,199
231.320,201
231.360,201
231.400,203
231.440,203
231.480,203
231.520,204
231.560,204
231.600,205
231.640,205
231.680,205
231.720,207
231.760,207
231.800,207
231.840,207
231.880,207
231.920,210
231.960,210
232.000,211
232.040,211
232.080,211
232.120,212
232.160,212
232.200,214
232.240,214
232.280,214
232.320,215
232.360,215
232.400,217
232.440,217
232.480,217
232.520,217
232.560,217
232.600,215
232.640,215
232.680,215
232.720,211
232.760,211
232.800,208
232.840,208
232.880,208
232.920,204
232.960,204
233.000,202
233.040,202
233.080,202
233.120,198
233.160,198
233.200,194
233.240,194
233.280,194
233.320,191
233.360,191
233.400,188
233.440,188
233.480,188
233.520,185
233.560,185
233.600,181
233.640,181
233.680,181
233.720,178
233.760,178
233.800,175
233.840,175
233.880,175
233.920,172
233.960,172
234.000,169
234.040,169
234.080,169
234.120,165
234.160,165
234.200,162
234.240,162
234.280,162
234.320,158
234.360,158
234.400,154
234.440,154
234.480,154
234.520,151
234.560,151
234.600,146
234.640,146
234.680,146
234.720,143
234.760,143
234.800,140
234.840,140
234.880,140
234.920,136
234.960,136
235.000,133
235.040,133
235.080,133
235.120,130
235.160,130
235.200,126
235.240,126
235.280,126
235.320,123
235.360,123
235.400,119
235.440,119
235.480,119
235.520,115
235.560,115
235.600,112
235.640,112
235.680,112
235.720,108
235.760,108
235.800,105
235.840,105
235.880,105
235.920,103
235.960,103
236.000,100
236.040,100
236.080,100
236.120,99
236.160,99
236.200,97
236.240,97
236.280,97
236.320,95
236.360,95
236.400,93
236.440,93
236.480,93
236.520,91
236.560,91
236.600,89
236.640,89
236.680,89
236.720,87
236.760,87
236.800,86
236.840,86
236.880,86
236.920,85
236.960,85
237.000,84
237.040,84
237.080,84
237.120,83
237.160,83
237.200,82
237.240,82
237.280,82
237.320,81
237.360,81
237.400,80
237.440,80
237.480,80
237.520,79
237.560,79
237.600,78
237.640,78
237.680,78
237.720,78
237.760,78
237.800,79
237.840,79
237.880,79
237.920,80
237.960,80
238.000,81
238.040,81
238.080,81
238.120,83
238.160,83
238.200,83
238.240,83
238.280,83
238.320,84
238.360,84
238.400,85
238.440,85
238.480,85
238.520,87
238.560,87
238.600,88
238.640,88
238.680,88
238.720,89
238.760,89
238.800,91
238.840,91
238.880,91
238.920,93
238.960,93
239.000,94
239.040,94
239.080,94
239.120,96
239.160,96
239.200,99
239.240,99
239.280,99
239.320,101
239.360,101
239.400,103
239.440,103
239.480,103
239.520,105
239.560,105
239.600,107
239.640,107
239.680,107
239.720,110
239.760,110
239.800,112
239.840,112
239.880,112
239.920,114
239.960,114
240.000,116
240.040,116
240.080,116
240.120,118
240.160,118
240.200,120
240.240,120
240.280,120
240.320,122
240.360,122
240.400,124
240.440,124
240.480,124
240.520,126
240.560,126
240.600,129
240.640,129
240.680,129
240.720,131
240.760,131
240.800,133
240.840,133
240.880,133
240.920,135
240.960,135
241.000,137
241.040,137
241.080,137
241.120,139
241.160,139
241.200,142
241.240,142
241.280,142
241.320,144
241.360,144
241.400,146
241.440,146
241.480,146
241.520,148
241.560,148
241.600,150
241.640,150
241.680,150
241.720,153
241.760,153
241.800,155
241.840,155
241.880,155
241.920,158
241.960,158
242.000,159
242.040,159
242.080,159
242.120,162
242.160,162
242.200,164
242.240,164
242.280,164
242.320,166
242.360,166
242.400,169
242.440,169
242.480,169
242.520,171
242.560,171
242.600,173
242.640,173
242.680,173
242.720,174
242.760,174
242.800,174
242.840,174
242.880,174
242.920,175
242.960,175
243.000,177
243.040,177
243.080,177
243.120,179
243.160,179
243.200,178
243.240,178
243.280,178
243.320,180
243.360,180
243.400,181
243.440,181
243.480,181
243.520,183
243.560,183
243.600,185
243.640,185
243.680,185
243.720,187
243.760,187
243.800,188
243.840,188
243.880,188
243.920,190
243.960,190
244.000,192
244.040,192
244.080,192
244.120,194
244.160,194
244.200,196
244.240,196
244.280,196
244.320,197
244.360,197
244.400,197
244.440,197
244.480,197
244.520,194
244.560,194
244.600,190
244.640,190
244.680,190
244.720,188
244.760,188
244.800,184
244.840,184
244.880,184
244.920,181
244.960,181
245.000,177
245.040,177
245.080,177
245.120,174
245.160,174
245.200,171
245.240,171
245.280,171
245.320,168
245.360,168
245.400,164
245.440,164
245.480,164
245.520,161
245.560,161
245.600,157
245.640,157
245.680,157
245.720,152
245.760,152
245.800,148
245.840,148
245.880,148
245.920,144
245.960,144
246.000,140
246.040,140
246.080,140
246.120,136
246.160,136
246.200,132
246.240,132
246.280,132
246.320,128
246.360,128
246.400,124
246.440,124
246.480,124
246.520,120
246.560,120
246.600,116
246.640,116
246.680,116
246.720,113
246.760,113
246.800,110
246.840,110
246.880,110
246.920,107
246.960,107
247.000,104
247.040,104
247.080,104
247.120,102
247.160,102
247.200,98
247.240,98
247.280,98
247.320,97
247.360,97
247.400,96
247.440,96
247.480,96
247.520,94
247.560,94
247.600,92
247.640,92
247.680,92
247.720,92
247.760,92
247.800,91
247.840,91
247.880,91
247.920,90
247.960,90
248.000,90
248.040,90
248.080,90
248.120,89
248.160,89
248.200,88
248.240,88
248.280,88
248.320,88
248.360,88
248.400,87
248.440,87
248.480,87
248.520,86
248.560,86
248.600,86
248.640,86
248.680,86
248.720,85
248.760,85
248.800,86
248.840,86
248.880,86
248.920,85
248.960,85
249.000,86
249.040,86
249.080,86
249.120,85
249.160,85
249.200,87
249.240,87
249.280,87
249.320,86
249.360,86
249.400,85
249.440,85
249.480,85
249.520,86
249.560,86
249.600,85
249.640,85
249.680,85
249.720,85
249.760,85
249.800,86
249.840,86
249.880,86
249.920,85
249.960,85
250.000,86
250.040,86
250.080,86
250.120,86
250.160,86
250.200,86
250.240,86
250.280,86
250.320,86
250.360,86
250.400,87
250.440,87
250.480,87
250.520,86
250.560,86
250.600,86
250.640,86
250.680,86
250.720,86
250.760,86
250.800,86
250.840,86
250.880,86
250.920,87
250.960,87
251.000,86
251.040,86
251.080,86
251.120,87
251.160,87
251.200,88
251.240,88
251.280,88
251.320,88
251.360,88
251.400,88
251.440,88
251.480,88
251.520,88
251.560,88
251.600,90
251.640,90
251.680,90
251.720,90
251.760,90
251.800,92
251.840,92
251.880,92
251.920,95
251.960,95
252.000,96
252.040,96
252.080,96
252.120,100
252.160,100
252.200,102
252.240,102
252.280,102
252.320,102
252.360,102
252.400,105
252.440,105
252.480,105
252.520,108
252.560,108
252.600,109
252.640,109
252.680,109
252.720,111
252.760,111
252.800,114
252.840,114
252.880,114
252.920,117
252.960,117
253.000,119
253.040,119
253.080,119
253.120,121
253.160,121
253.200,123
253.240,123
253.280,123
253.320,126
253.360,126
253.400,128
253.440,128
253.480,128
253.520,129
253.560,129
253.600,131
253.640,131
253.680,131
253.720,133
253.760,133
253.800,135
253.840,135
253.880,135
253.920,137
253.960,137
254.000,139
254.040,139
254.080,139
254.120,141
254.160,141
254.200,143
254.240,143
254.280,143
254.320,144
254.360,144
254.400,146
254.440,146
254.480,146
254.520,148
254.560,148
254.600,150
254.640,150
254.680,150
254.720,152
254.760,152
254.800,154
254.840,154
254.880,154
254.920,156
254.960,156
255.000,157
255.040,157
255.080,157
255.120,159
255.160,159
255.200,161
255.240,161
255.280,161
255.320,163
255.360,163
255.400,164
255.440,164
255.480,164
255.520,165
255.560,165
255.600,167
255.640,167
255.680,167
255.720,168
255.760,168
255.800,170
255.840,170
255.880,170
255.920,171
255.960,171
256.000,172
256.040,172
256.080,172
256.120,174
256.160,174
256.200,175
256.240,175
256.280,175
256.320,177
256.360,177
256.400,178
256.440,178
256.480,178
256.520,179
256.560,179
256.600,181
256.640,181
256.680,181
256.720,183
256.760,183
256.800,184
256.840,184
256.880,184
256.920,186
256.960,186
257.000,188
257.040,188
257.080,188
257.120,189
257.160,189
257.200,191
257.240,191
257.280,191
257.320,192
257.360,192
257.400,194
257.440,194
257.480,194
257.520,195
257.560,195
257.600,197
257.640,197
257.680,197
257.720,198
257.760,198
257.800,200
257.840,200
257.880,200
257.920,202
257.960,202
258.000,204
258.040,204
258.080,204
258.120,205
258.160,205
258.200,207
258.240,207
258.280,207
258.320,208
258.360,208
258.400,210
258.440,210
258.480,210
258.520,212
258.560,212
258.600,212
258.640,212
258.680,212
258.720,212
258.760,212
258.800,211
258.840,211
258.880,211
258.920,211
258.960,211
259.000,209
259.040,209
259.080,209
259.120,207
259.160,207
259.200,205
259.240,205
259.280,205
259.320,203
259.360,203
259.400,201
259.440,201
259.480,201
259.520,198
259.560,198
259.600,196
259.640,196
259.680,196
259.720,193
259.760,193
259.800,191
259.840,191
259.880,191
259.920,189
259.960,189
260.000,188
260.040,188
260.080,188
260.120,187
260.160,187
260.200,186
260.240,186
260.280,186
260.320,185
260.360,185
260.400,184
260.440,184
260.480,184
260.520,183
260.560,183
260.600,183
260.640,183
260.680,183
260.720,181
260.760,181
260.800,180
260.840,180
260.880,180
260.920,179
260.960,179
261.000,178
261.040,178
261.080,178
261.120,176
261.160,176
261.200,176
261.240,176
261.280,176
261.320,175
261.360,175
261.400,176
261.440,176
261.480,176
261.520,176
261.560,176
261.600,176
261.640,176
261.680,176
261.720,176
261.760,176
261.800,177
261.840,177
261.880,177
261.920,178
261.960,178
262.000,177
262.040,177
262.080,177
262.120,177
262.160,177
262.200,178
262.240,178
262.280,178
262.320,179
262.360,179
262.400,179
262.440,179
262.480,179
262.520,181
262.560,181
262.600,181
262.640,181
262.680,181
262.720,182
262.760,182
262.800,184
262.840,184
262.880,184
262.920,185
262.960,185
263.000,186
263.040,186
263.080,186
263.120,187
263.160,187
263.200,189
263.240,189
263.280,189
263.320,190
263.360,190
263.400,192
263.440,192
263.480,192
263.520,193
263.560,193
263.600,193
263.640,193
263.680,193
263.720,190
263.760,190
263.800,186
263.840,186
263.880,186
263.920,182
263.960,182
264.000,178
264.040,178
264.080,178
264.120,174
264.160,174
264.200,171
264.240,171
264.280,171
264.320,167
264.360,167
264.400,165
264.440,165
264.480,165
264.520,163
264.560,163
264.600,160
264.640,160
264.680,160
264.720,157
264.760,157
264.800,155
264.840,155
264.880,155
264.920,153
264.960,153
265.000,151
265.040,151
265.080,151
265.120,149
265.160,149
265.200,148
265.240,148
265.280,148
265.320,147
265.360,147
265.400,146
265.440,146
265.480,146
265.520,146
265.560,146
265.600,146
265.640,146
265.680,146
265.720,146
265.760,146
265.800,146
265.840,146
265.880,146
265.920,145
265.960,145
266.000,144
266.040,144
266.080,144
266.120,143
266.160,143
266.200,141
266.240,141
266.280,141
266.320,140
266.360,140
266.400,139
266.440,139
266.480,139
266.520,138
266.560,138
266.600,138
266.640,138
266.680,138
266.720,138
266.760,138
266.800,137
266.840,137
266.880,137
266.920,139
266.960,139
267.000,140
267.040,140
267.080,140
267.120,140
267.160,140
267.200,142
267.240,142
267.280,142
267.320,143
267.360,143
267.400,144
267.440,144
267.480,144
267.520,143
267.560,143
267.600,142
267.640,142
267.680,142
267.720,141
267.760,141
267.800,140
267.840,140
267.880,140
267.920,138
267.960,138
268.000,137
268.040,137
268.080,137
268.120,135
268.160,135
268.200,134
268.240,134
268.280,134
268.320,133
268.360,133
268.400,132
268.440,132
268.480,132
268.520,131
268.560,131
268.600,130
268.640,130
268.680,130
268.720,130
268.760,130
268.800,131
268.840,131
268.880,131
268.920,131
268.960,131
269.000,131
269.040,131
269.080,131
269.120,132
269.160,132
269.200,133
269.240,133
269.280,133
269.320,134
269.360,134
269.400,136
269.440,136
269.480,136
269.520,137
269.560,137
269.600,138
269.640,138
269.680,138
269.720,139
269.760,139
269.800,139
269.840,139
269.880,139
269.920,141
269.960,141
270.000,143
270.040,143
270.080,143
270.120,145
270.160,145
270.200,147
270.240,147
270.280,147
270.320,149
270.360,149
270.400,150
270.440,150
270.480,150
270.520,147
270.560,147
270.600,144
270.640,144
270.680,144
270.720,141
270.760,141
270.800,139
270.840,139
270.880,139
270.920,137
270.960,137
271.000,133
271.040,133
271.080,133
271.120,130
271.160,130
271.200,127
271.240,127
271.280,127
271.320,126
271.360,126
271.400,125
271.440,125
271.480,125
271.520,122
271.560,122
271.600,120
271.640,120
271.680,120
271.720,118
271.760,118
271.800,117
271.840,117
271.880,117
271.920,115
271.960,115
272.000,115
272.040,115
272.080,115
272.120,114
272.160,114
272.200,114
272.240,114
272.280,114
272.320,113
272.360,113
272.400,113
272.440,113
272.480,113
272.520,112
272.560,112
272.600,111
272.640,111
272.680,111
272.720,111
272.760,111
272.800,110
272.840,110
272.880,110
272.920,110
272.960,110
273.000,110
273.040,110
273.080,110
273.120,110
273.160,110
273.200,110
273.240,110
273.280,110
273.320,111
273.360,111
273.400,112
273.440,112
273.480,112
273.520,113
273.560,113
273.600,113
273.640,113
273.680,113
273.720,115
273.760,115
273.800,116
273.840,116
273.880,116
273.920,117
273.960,117
274.000,119
274.040,119
274.080,119
274.120,120
274.160,120
274.200,122
274.240,122
274.280,122
274.320,124
274.360,124
274.400,126
274.440,126
274.480,126
274.520,129
274.560,129
274.600,131
274.640,131
274.680,131
274.720,133
274.760,133
274.800,135
274.840,135
274.880,135
274.920,137
274.960,137
275.000,139
275.040,139
275.080,139
275.120,142
275.160,142
275.200,143
275.240,143
275.280,143
275.320,145
275.360,145
275.400,148
275.440,148
275.480,148
275.520,150
275.560,150
275.600,153
275.640,153
275.680,153
275.720,156
275.760,156
275.800,158
275.840,158
275.880,158
275.920,161
275.960,161
276.000,163
276.040,163
276.080,163
276.120,165
276.160,165
276.200,167
276.240,167
276.280,167
276.320,169
276.360,169
276.400,171
276.440,171
276.480,171
276.520,173
276.560,173
276.600,174
276.640,174
276.680,174
276.720,175
276.760,175
276.800,178
276.840,178
276.880,178
276.920,180
276.960,180
277.000,182
277.040,182
277.080,182
277.120,184
277.160,184
277.200,186
277.240,186
277.280,186
277.320,189
277.360,189
277.400,191
277.440,191
277.480,191
277.520,192
277.560,192
277.600,192
277.640,192
277.680,192
277.720,190
277.760,190
277.800,188
277.840,188
277.880,188
277.920,185
277.960,185
278.000,183
278.040,183
278.080,183
278.120,180
278.160,180
278.200,176
278.240,176
278.280,176
278.320,174
278.360,174
278.400,171
278.440,171
278.480,171
278.520,169
278.560,169
278.600,168
278.640,168
278.680,168
278.720,166
278.760,166
278.800,165
278.840,165
278.880,165
278.920,165
278.960,165
279.000,164
279.040,164
279.080,164
279.120,163
279.160,163
279.200,163
279.240,163
279.280,163
279.320,162
279.360,162
279.400,163
279.440,163
279.480,163
279.520,163
279.560,163
279.600,163
279.640,163
279.680,163
279.720,162
279.760,162
279.800,162
279.840,162
279.880,162
279.920,161
279.960,161
280.000,161
280.040,161
280.080,161
280.120,161
280.160,161
280.200,160
280.240,160
280.280,160
280.320,159
280.360,159
280.400,159
280.440,159
280.480,159
280.520,159
280.560,159
280.600,159
280.640,158
280.680,158
280.720,158
280.760,158
280.800,158
280.840,158
280.880,158
280.920,159
280.960,159
281.000,160
281.040,160
281.080,160
281.120,160
281.160,160
281.200,159
281.240,159
281.280,159
281.320,159
281.360,159
281.400,157
281.440,157
281.480,157
281.520,156
281.560,156
281.600,154
281.640,154
281.680,154
281.720,152
281.760,152
281.800,151
281.840,151
281.880,151
281.920,149
281.960,149
282.000,146
282.040,146
282.080,146
282.120,145
282.160,145
282.200,144
282.240,144
282.280,144
282.320,143
282.360,143
282.400,143
282.440,143
282.480,143
282.520,142
282.560,142
282.600,141
282.640,141
282.680,141
282.720,140
282.760,140
282.800,138
282.840,138
282.880,138
282.920,138
282.960,138
283.000,138
283.040,138
283.080,138
283.120,137
283.160,137
283.200,138
283.240,138
283.280,138
283.320,138
283.360,138
283.400,139
283.440,139
283.480,139
283.520,138
283.560,138
283.600,138
283.640,138
283.680,138
283.720,138
283.760,138
283.800,137
283.840,137
283.880,137
283.920,136
283.960,136
284.000,137
284.040,137
284.080,137
284.120,137
284.160,137
284.200,137
284.240,137
284.280,137
284.320,137
284.360,137
284.400,138
284.440,138
284.480,138
284.520,138
284.560,138
284.600,138
284.640,138
284.680,138
284.720,137
284.760,137
284.800,138
284.840,138
284.880,138
284.920,138
284.960,138
285.000,138
285.040,138
285.080,138
285.120,138
285.160,138
285.200,137
285.240,137
285.280,137
285.320,137
285.360,137
285.400,137
285.440,137
285.480,137
285.520,138
285.560,138
285.600,138
285.640,138
285.680,138
285.720,139
285.760,139
285.800,140
285.840,140
285.880,140
285.920,140
285.960,140
286.000,141
286.040,141
286.080,141
286.120,140
286.160,140
286.200,141
286.240,141
286.280,141
286.320,141
286.360,141
286.400,142
286.440,142
286.480,142
286.520,144
286.560,144
286.600,146
286.640,146
286.680,146
286.720,147
286.760,147
286.800,149
286.840,149
286.880,149
286.920,151
286.960,151
287.000,153
287.040,153
287.080,153
287.120,155
287.160,155
287.200,157
287.240,157
287.280,157
287.320,158
287.360,158
287.400,161
287.440,161
287.480,161
287.520,163
287.560,163
287.600,165
287.640,165
287.680,165
287.720,168
287.760,168
287.800,170
287.840,170
287.880,170
287.920,173
287.960,173
288.000,175
288.040,175
288.080,175
288.120,177
288.160,177
288.200,176
288.240,176
288.280,176
288.320,174
288.360,174
288.400,171
288.440,171
288.480,171
288.520,169
288.560,169
288.600,165
288.640,165
288.680,165
288.720,160
288.760,160
288.800,156
288.840,156
288.880,156
288.920,149
288.960,149
289.000,145
289.040,145
289.080,145
289.120,141
289.160,141
289.200,137
289.240,137
289.280,137
289.320,135
289.360,135
289.400,133
289.440,133
289.480,133
289.520,131
289.560,131
289.600,130
289.640,130
289.680,130
289.720,129
289.760,129
289.800,127
289.840,127
289.880,127
289.920,126
289.960,126
290.000,127
290.040,127
290.080,127
290.120,126
290.160,126
290.200,125
290.240,125
290.280,125
290.320,124
290.360,124
290.400,124
290.440,124
290.480,124
290.520,124
290.560,124
290.600,123
290.640,123
290.680,123
290.720,122
290.760,122
290.800,121
290.840,121
290.880,121
290.920,119
290.960,119
291.000,118
291.040,118
291.080,118
291.120,117
291.160,117
291.200,117
291.240,117
291.280,117
291.320,118
291.360,118
291.400,118
291.440,118
291.480,118
291.520,118
291.560,118
291.600,116
291.640,116
291.680,116
291.720,117
291.760,117
291.800,120
291.840,120
291.880,120
291.920,122
291.960,122
292.000,123
292.040,123
292.080,123
292.120,125
292.160,125
292.200,126
292.240,126
292.280,126
292.320,127
292.360,127
292.400,128
292.440,128
292.480,128
292.520,128
292.560,128
292.600,131
292.640,131
292.680,131
292.720,131
292.760,131
292.800,133
292.840,133
292.880,133
292.920,135
292.960,135
293.000,137
293.040,137
293.080,137
293.120,138
293.160,138
293.200,141
293.240,141
293.280,141
293.320,142
293.360,142
293.400,145
293.440,145
293.480,145
293.520,147
293.560,147
293.600,149
293.640,149
293.680,149
293.720,152
293.760,152
293.800,154
293.840,154
293.880,154
293.920,157
293.960,157
294.000,159
294.040,159
294.080,159
294.120,156
294.160,156
294.200,154
294.240,154
294.280,154
294.320,152
294.360,152
294.400,149
294.440,149
294.480,149
294.520,145
294.560,145
294.600,142
294.640,142
294.680,142
294.720,138
294.760,138
294.800,135
294.840,135
294.880,135
294.920,131
294.960,131
295.000,128
295.040,128
295.080,128
295.120,125
295.160,125
295.200,124
295.240,124
295.280,124
295.320,122
295.360,122
295.400,121
295.440,121
295.480,121
295.520,122
295.560,122
295.600,120
295.640,120
295.680,120
295.720,120
295.760,120
295.800,119
295.840,119
295.880,119
295.920,119
295.960,119
296.000,119
296.040,119
296.080,119
296.120,117
296.160,117
296.200,117
296.240,117
296.280,117
296.320,116
296.360,116
296.400,115
296.440,115
296.480,115
296.520,115
296.560,115
296.600,115
296.640,115
296.680,115
296.720,115
296.760,115
296.800,114
296.840,114
296.880,114
296.920,115
296.960,115
297.000,115
297.040,115
297.080,115
297.120,115
297.160,115
297.200,116
297.240,116
297.280,116
297.320,116
297.360,116
297.400,117
297.440,117
297.480,117
297.520,118
297.560,118
297.600,119
297.640,119
297.680,119
297.720,119
297.760,119
297.800,120
297.840,120
297.880,120
297.920,121
297.960,121
298.000,121
298.040,121
298.080,121
298.120,122
298.160,122
298.200,122
298.240,122
298.280,122
298.320,124
298.360,124
298.400,125
298.440,125
298.480,125
298.520,126
298.560,126
298.600,128
298.640,128
298.680,128
298.720,129
298.760,129
298.800,130
298.840,130
298.880,130
298.920,132
298.960,132
299.000,133
299.040,133
299.080,133
299.120,134
299.160,134
299.200,136
299.240,136
299.280,136
299.320,137
299.360,137
299.400,139
299.440,139
299.480,139
299.520,140
299.560,140
299.600,141
299.640,141
299.680,141
299.720,143
299.760,143
299.800,143
299.840,143
299.880,143
299.920,144
299.960,144
300.000,144
300.040,144
300.080,144
300.120,143
300.160,143
300.200,143
300.240,143
300.280,143
300.320,142
300.360,142
300.400,141
300.440,141
300.480,141
300.520,139
300.560,139
300.600,136
300.640,136
300.680,136
300.720,134
300.760,134
300.800,131
300.840,131
300.880,131
300.920,130
300.960,130
301.000,126
301.040,126
301.080,126
301.120,123
301.160,123
301.200,121
301.240,121
301.280,121
301.320,118
301.360,118
301.400,115
301.440,115
301.480,115
301.520,113
301.560,113
301.600,112
301.640,112
301.680,112
301.720,110
301.760,110
301.800,111
301.840,111
301.880,111
301.920,111
301.960,111
302.000,111
302.040,111
302.080,111
302.120,111
302.160,111
302.200,111
302.240,111
302.280,111
302.320,111
302.360,111
302.400,112
302.440,112
302.480,112
302.520,112
302.560,112
302.600,112
302.640,112
302.680,112
302.720,111
302.760,111
302.800,111
302.840,111
302.880,111
302.920,112
302.960,112
303.000,112
303.040,112
303.080,112
303.120,112
303.160,112
303.200,113
303.240,113
303.280,113
303.320,115
303.360,115
303.400,117
303.440,117
303.480,117
303.520,119
303.560,119
303.600,121
303.640,121
303.680,121
303.720,123
303.760,123
303.800,125
303.840,125
303.880,125
303.920,127
303.960,127
304.000,129
304.040,129
304.080,129
304.120,131
304.160,131
304.200,133
304.240,133
304.280,133
304.320,136
304.360,136
304.400,138
304.440,138
304.480,138
304.520,141
304.560,141
304.600,143
304.640,143
304.680,143
304.720,146
304.760,146
304.800,148
304.840,148
304.880,148
304.920,151
304.960,151
305.000,153
305.040,153
305.080,153
305.120,156
305.160,156
305.200,159
305.240,159
305.280,159
305.320,161
305.360,161
305.400,164
305.440,164
305.480,164
305.520,167
305.560,167
305.600,169
305.640,169
305.680,169
305.720,171
305.760,171
305.800,173
305.840,173
305.880,173
305.920,172
305.960,172
306.000,169
306.040,169
306.080,169
306.120,167
306.160,167
306.200,163
306.240,163
306.280,163
306.320,160
306.360,160
306.400,156
306.440,156
306.480,156
306.520,153
306.560,153
306.600,149
306.640,149
306.680,149
306.720,145
306.760,145
306.800,141
306.840,141
306.880,141
306.920,137
306.960,137
307.000,135
307.040,135
307.080,135
307.120,133
307.160,133
307.200,130
307.240,130
307.280,130
307.320,128
307.360,128
307.400,124
307.440,124
307.480,124
307.520,120
307.560,120
307.600,117
307.640,117
307.680,117
307.720,115
307.760,115
307.800,113
307.840,113
307.880,113
307.920,113
307.960,113
308.000,112
308.040,112
308.080,112
308.120,112
308.160,112
308.200,111
308.240,111
308.280,111
308.320,109
308.360,109
308.400,108
308.440,108
308.480,108
308.520,107
308.560,107
308.600,106
308.640,106
308.680,106
308.720,105
308.760,105
308.800,104
308.840,104
308.880,104
308.920,103
308.960,103
309.000,102
309.040,102
309.080,102
309.120,101
309.160,101
309.200,101
309.240,101
309.280,101
309.320,101
309.360,101
309.400,102
309.440,102
309.480,102
309.520,103
309.560,103
309.600,104
309.640,104
309.680,104
309.720,105
309.760,105
309.800,107
309.840,107
309.880,107
309.920,108
309.960,108
310.000,110
310.040,110
310.080,110
310.120,112
310.160,112
310.200,113
310.240,113
310.280,113
310.320,115
310.360,115
310.400,117
310.440,117
310.480,117
310.520,119
310.560,119
310.600,119
310.640,119
310.680,119
310.720,121
310.760,121
310.800,122
310.840,122
310.880,122
310.920,123
310.960,123
311.000,125
311.040,125
311.080,125
311.120,126
311.160,126
311.200,128
311.240,128
311.280,128
311.320,130
311.360,130
311.400,132
311.440,132
311.480,132
311.520,134
311.560,134
311.600,136
311.640,136
311.680,136
311.720,138
311.760,138
311.800,141
311.840,141
311.880,141
311.920,142
311.960,142
312.000,145
312.040,145
312.080,145
312.120,148
312.160,148
312.200,150
312.240,150
312.280,150
312.320,151
312.360,151
312.400,154
312.440,154
312.480,154
312.520,156
312.560,156
312.600,159
312.640,159
312.680,159
312.720,161
312.760,161
312.800,163
312.840,163
312.880,163
312.920,166
312.960,166
313.000,168
313.040,168
313.080,168
313.120,170
313.160,170
313.200,170
313.240,170
313.280,170
313.320,169
313.360,169
313.400,166
313.440,166
313.480,166
313.520,164
313.560,164
313.600,160
313.640,160
313.680,160
313.720,156
313.760,156
313.800,153
313.840,153
313.880,153
313.920,148
313.960,148
314.000,145
314.040,145
314.080,145
314.120,141
314.160,141
314.200,137
314.240,137
314.280,137
314.320,135
314.360,135
314.400,131
314.440,131
314.480,131
314.520,129
314.560,129
314.600,127
314.640,127
314.680,127
314.720,124
314.760,124
314.800,121
314.840,121
314.880,121
314.920,118
314.960,118
315.000,117
315.040,117
315.080,117
315.120,115
315.160,115
315.200,114
315.240,114
315.280,114
315.320,112
315.360,112
315.400,111
315.440,111
315.480,111
315.520,109
315.560,109
315.600,108
315.640,108
315.680,108
315.720,108
315.760,108
315.800,107
315.840,107
315.880,107
315.920,106
315.960,106
316.000,105
316.040,105
316.080,105
316.120,104
316.160,104
316.200,103
316.240,103
316.280,103
316.320,102
316.360,102
316.400,102
316.440,102
316.480,102
316.520,102
316.560,102
316.600,103
316.640,103
316.680,103
316.720,103
316.760,103
316.800,104
316.840,104
316.880,104
316.920,105
316.960,105
317.000,105
317.040,105
317.080,105
317.120,106
317.160,106
317.200,107
317.240,107
317.280,107
317.320,108
317.360,108
317.400,109
317.440,109
317.480,109
317.520,110
317.560,110
317.600,111
317.640,111
317.680,111
317.720,113
317.760,113
317.800,113
317.840,113
317.880,113
317.920,115
317.960,115
318.000,117
318.040,117
318.080,117
318.120,118
318.160,118
318.200,120
318.240,120
318.280,120
318.320,122
318.360,122
318.400,124
318.440,124
318.480,124
318.520,128
318.560,128
318.600,130
318.640,130
318.680,130
318.720,133
318.760,133
318.800,136
318.840,136
318.880,136
318.920,136
318.960,136
319.000,138
319.040,138
319.080,138
319.120,139
319.160,139
319.200,139
319.240,139
319.280,139
319.320,141
319.360,141
319.400,142
319.440,142
319.480,142
319.520,142
319.560,142
319.600,144
319.640,144
319.680,144
319.720,146
319.760,146
319.800,147
319.840,147
319.880,147
319.920,149
319.960,149
320.000,151
320.040,151
320.080,151
320.120,152
320.160,152
320.200,155
320.240,155
320.280,155
320.320,156
320.360,156
320.400,157
320.440,157
320.480,157
320.520,159
320.560,159
320.600,161
320.640,161
320.680,161
320.720,163
320.760,163
320.800,165
320.840,165
320.880,165
320.920,167
320.960,167
321.000,169
321.040,169
321.080,169
321.120,170
321.160,170
321.200,170
321.240,170
321.280,170
321.320,172
321.360,172
321.400,171
321.440,171
321.480,171
321.520,172
321.560,172
321.600,171
321.640,171
321.680,171
321.720,171
321.760,171
321.800,171
321.840,171
321.880,171
321.920,171
321.960,171
322.000,171
322.040,171
322.080,171
322.120,170
322.160,170
322.200,171
322.240,171
322.280,171
322.320,169
322.360,169
322.400,170
322.440,170
322.480,170
322.520,169
322.560,169
322.600,169
322.640,169
322.680,169
322.720,169
322.760,169
322.800,168
322.840,168
322.880,168
322.920,168
322.960,168
323.000,167
323.040,167
323.080,167
323.120,168
323.160,168
323.200,168
323.240,168
323.280,168
323.320,169
323.360,169
323.400,169
323.440,169
323.480,169
323.520,169
323.560,169
323.600,169
323.640,169
323.680,169
323.720,170
323.760,170
323.800,170
323.840,170
323.880,170
323.920,171
323.960,171
324.000,172
324.040,172
324.080,172
324.120,173
324.160,173
324.200,174
324.240,174
324.280,174
324.320,175
324.360,175
324.400,177
324.440,177
324.480,177
324.520,178
324.560,178
324.600,179
324.640,179
324.680,179
324.720,181
324.760,181
324.800,182
324.840,182
324.880,182
324.920,183
324.960,183
325.000,185
325.040,185
325.080,185
325.120,186
325.160,186
325.200,188
325.240,188
325.280,188
325.320,188
325.360,188
325.400,190
325.440,190
325.480,190
325.520,192
325.560,192
325.600,194
325.640,194
325.680,194
325.720,196
325.760,196
325.800,198
325.840,198
325.880,198
325.920,200
325.960,200
326.000,
326.040,201
326.080,201
326.120,204
326.160,204
326.200,206
326.240,206
326.280,206
326.320,206
326.360,206
326.400,204
326.440,204
326.480,204
326.520,202
326.560,202
326.600,200
326.640,200
326.680,200
326.720,197
326.760,197
326.800,194
326.840,194
326.880,194
326.920,191
326.960,191
327.000,189
327.040,189
327.080,189
327.120,186
327.160,186
327.200,183
327.240,183
327.280,183
327.320,182
327.360,182
327.400,180
327.440,180
327.480,180
327.520,181
327.560,181
327.600,181
327.640,181
327.680,181
327.720,180
327.760,180
327.800,179
327.840,179
327.880,179
327.920,178
327.960,178
328.000,178
328.040,178
328.080,178
328.120,174
328.160,174
328.200,170
328.240,170
328.280,170
328.320,166
328.360,166
328.400,163
328.440,163
328.480,163
328.520,160
328.560,160
328.600,158
328.640,158
328.680,158
328.720,156
328.760,156
328.800,154
328.840,154
328.880,154
328.920,152
328.960,152
329.000,150
329.040,150
329.080,150
329.120,149
329.160,149
329.200,148
329.240,148
329.280,148
329.320,148
329.360,148
329.400,147
329.440,147
329.480,147
329.520,146
329.560,146
329.600,145
329.640,145
329.680,145
329.720,145
329.760,145
329.800,145
329.840,145
329.880,145
329.920,145
329.960,145
330.000,146
330.040,146
330.080,146
330.120,145
330.160,145
330.200,145
330.240,145
330.280,145
330.320,146
330.360,146
330.400,145
330.440,145
330.480,145
330.520,144
330.560,144
330.600,144
330.640,144
330.680,144
330.720,144
330.760,144
330.800,144
330.840,144
330.880,144
330.920,145
330.960,145
331.000,145
331.040,145
331.080,145
331.120,145
331.160,145
331.200,145
331.240,145
331.280,145
331.320,145
331.360,145
331.400,145
331.440,145
331.480,145
331.520,146
331.560,146
331.600,147
331.640,147
331.680,147
331.720,148
331.760,148
331.800,148
331.840,148
331.880,148
331.920,148
331.960,148
332.000,148
332.040,148
332.080,148
332.120,149
332.160,149
332.200,149
332.240,149
332.280,149
332.320,150
332.360,150
332.400,151
332.440,151
332.480,151
332.520,151
332.560,151
332.600,152
332.640,152
332.680,152
332.720,153
332.760,153
332.800,154
332.840,154
332.880,154
332.920,155
332.960,155
333.000,156
333.040,156
333.080,156
333.120,158
333.160,158
333.200,159
333.240,159
333.280,159
333.320,160
333.360,160
333.400,160
333.440,160
333.480,160
333.520,161
333.560,161
333.600,161
333.640,161
333.680,161
333.720,161
333.760,161
333.800,161
333.840,161
333.880,161
333.920,161
333.960,161
334.000,161
334.040,161
334.080,161
334.120,161
334.160,161
334.200,161
334.240,161
334.280,161
334.320,162
334.360,162
334.400,162
334.440,162
334.480,162
334.520,163
334.560,163
334.600,163
334.640,163
334.680,163
334.720,164
334.760,164
334.800,165
334.840,165
334.880,165
334.920,166
334.960,166
335.000,168
335.040,168
335.080,168
335.120,169
335.160,169
335.200,170
335.240,170
335.280,170
335.320,172
335.360,172
335.400,173
335.440,173
335.480,173
335.520,175
335.560,175
335.600,176
335.640,176
335.680,176
335.720,177
335.760,177
335.800,179
335.840,179
335.880,179
335.920,180
335.960,180
336.000,182
336.040,182
336.080,182
336.120,184
336.160,184
336.200,185
336.240,185
336.280,185
336.320,187
336.360,187
336.400,190
336.440,190
336.480,190
336.520,192
336.560,192
336.600,193
336.640,193
336.680,193
336.720,196
336.760,196
336.800,196
336.840,196
336.880,196
336.920,196
336.960,196
337.000,196
337.040,196
337.080,196
337.120,197
337.160,197
337.200,196
337.240,196
337.280,196
337.320,196
337.360,196
337.400,195
337.440,195
337.480,195
337.520,195
337.560,195
337.600,195
337.640,195
337.680,195
337.720,195
337.760,195
337.800,194
337.840,194
337.880,194
337.920,194
337.960,194
338.000,193
338.040,193
338.080,193
338.120,193
338.160,193
338.200,193
338.240,193
338.280,193
338.320,193
338.360,193
338.400,192
338.440,192
338.480,192
338.520,192
338.560,192
338.600,193
338.640,193
338.680,193
338.720,192
338.760,192
338.800,193
338.840,193
338.880,193
338.920,193
338.960,193
339.000,193
339.040,193
339.080,193
339.120,194
339.160,194
339.200,194
339.240,194
339.280,194
339.320,195
339.360,195
339.400,196
339.440,196
339.480,196
339.520,197
339.560,197
339.600,197
339.640,197
339.680,197
339.720,197
339.760,197
339.800,198
339.840,198
339.880,198
339.920,197
339.960,197
340.000,198
340.040,198
340.080,198
340.120,197
340.160,197
340.200,197
340.240,197
340.280,197
340.320,197
340.360,197
340.400,197
340.440,197
340.480,197
340.520,195
340.560,195
340.600,196
340.640,196
340.680,196
340.720,194
340.760,194
340.800,193
340.840,193
340.880,193
340.920,193
340.960,193
341.000,191
341.040,191
341.080,191
341.120,190
341.160,190
341.200,190
341.240,190
341.280,190
341.320,190
341.360,190
341.400,189
341.440,189
341.480,189
341.520,189
341.560,189
341.600,189
341.640,189
341.680,189
341.720,189
341.760,189
341.800,189
341.840,189
341.880,189
341.920,189
341.960,189
342.000,189
342.040,189
342.080,189
342.120,190
342.160,190
342.200,190
342.240,190
342.280,190
342.320,191
342.360,191
342.400,192
342.440,192
342.480,192
342.520,192
342.560,192
342.600,194
342.640,194
342.680,194
342.720,195
342.760,195
342.800,197
342.840,197
342.880,197
342.920,197
342.960,197
343.000,200
343.040,200
343.080,200
343.120,201
343.160,201
343.200,203
343.240,203
343.280,203
343.320,204
343.360,204
343.400,206
343.440,206
343.480,206
343.520,206
343.560,206
343.600,206
343.640,206
343.680,206
343.720,207
343.760,207
343.800,208
343.840,208
343.880,208
343.920,209
343.960,209
344.000,211
344.040,211
344.080,211
344.120,212
344.160,212
344.200,214
344.240,214
344.280,214
344.320,213
344.360,213
344.400,213
344.440,213
344.480,213
344.520,214
344.560,214
344.600,214
344.640,214
344.680,214
344.720,214
344.760,214
344.800,214
344.840,214
344.880,214
344.920,214
344.960,214
345.000,214
345.040,214
345.080,214
345.120,215
345.160,215
345.200,215
345.240,215
345.280,215
345.320,217
345.360,217
345.400,218
345.440,218
345.480,218
345.520,218
345.560,218
345.600,220
345.640,220
345.680,220
345.720,221
345.760,221
345.800,223
345.840,223
345.880,223
345.920,224
345.960,224
346.000,225
346.040,225
346.080,225
346.120,226
346.160,226
346.200,
346.240,
346.280,
346.320,228
346.360,228
346.400,230
346.440,230
346.480,230
346.520,
346.560,231
346.600,232
346.640,232
346.680,232
346.720,234
346.760,234
346.800,235
346.840,235
346.880,235
346.920,236
346.960,236
347.000,238
347.040,238
347.080,238
347.120,239
347.160,239
347.200,
347.240,
347.280,
347.320,242
347.360,242
347.400,243
347.440,243
347.480,243
347.520,245
347.560,245
347.600,246
347.640,246
347.680,246
347.720,247
347.760,247
347.800,249
347.840,249
347.880,249
347.920,250
347.960,250
348.000,251
348.040,251
348.080,251
348.120,253
348.160,253
348.200,254
348.240,254
348.280,254
348.320,255
348.360,255
348.400,256
348.440,256
348.480,256
348.520,255
348.560,255
348.600,253
348.640,253
348.680,253
348.720,249
348.760,249
348.800,246
348.840,246
348.880,246
348.920,243
348.960,243
349.000,239
349.040,239
349.080,239
349.120,235
349.160,235
349.200,
349.240,
349.280,
349.320,
349.360,
349.400,224
349.440,224
349.480,
349.520,
349.560,
349.600,218
349.640,218
349.680,218
349.720,214
349.760,214
349.800,210
349.840,210
349.880,210
349.920,205
349.960,205
350.000,202
350.040,202
350.080,202
350.120,199
350.160,199
350.200,196
350.240,196
350.280,196
350.320,195
350.360,195
350.400,192
350.440,192
350.480,192
350.520,190
350.560,190
350.600,187
350.640,187
350.680,187
350.720,184
350.760,184
350.800,180
350.840,180
350.880,180
350.920,177
350.960,177
351.000,174
351.040,174
351.080,174
351.120,171
351.160,171
351.200,170
351.240,170
351.280,170
351.320,169
351.360,169
351.400,167
351.440,167
351.480,167
351.520,166
351.560,166
351.600,165
351.640,165
351.680,165
351.720,164
351.760,164
351.800,161
351.840,161
351.880,161
351.920,160
351.960,160
352.000,159
352.040,159
352.080,159
352.120,157
352.160,157
352.200,157
352.240,157
352.280,157
352.320,156
352.360,156
352.400,155
352.440,155
352.480,155
352.520,155
352.560,155
352.600,154
352.640,154
352.680,154
352.720,153
352.760,153
352.800,153
352.840,153
352.880,153
352.920,153
352.960,153
353.000,154
353.040,154
353.080,154
353.120,155
353.160,155
353.200,156
353.240,156
353.280,156
353.320,156
353.360,156
353.400,157
353.440,157
353.480,157
353.520,157
353.560,157
353.600,156
353.640,156
353.680,156
353.720,157
353.760,157
353.800,157
353.840,157
353.880,157
353.920,157
353.960,157
354.000,158
354.040,158
354.080,158
354.120,158
354.160,158
354.200,161
354.240,161
354.280,161
354.320,163
354.360,163
354.400,163
354.440,163
354.480,163
354.520,162
354.560,162
354.600,158
354.640,158
354.680,158
354.720,154
354.760,154
354.800,151
354.840,151
354.880,151
354.920,147
354.960,147
355.000,146
355.040,146
355.080,146
355.120,142
355.160,142
355.200,138
355.240,138
355.280,138
355.320,135
355.360,135
355.400,133
355.440,133
355.480,133
355.520,129
355.560,129
355.600,127
355.640,127
355.680,127
355.720,125
355.760,125
355.800,123
355.840,123
355.880,123
355.920,121
355.960,121
356.000,121
356.040,121
356.080,121
356.120,120
356.160,120
356.200,119
356.240,119
356.280,119
356.320,118
356.360,118
356.400,117
356.440,117
356.480,117
356.520,116
356.560,116
356.600,115
356.640,115
356.680,115
356.720,116
356.760,116
356.800,116
356.840,116
356.880,116
356.920,116
356.960,116
357.000,117
357.040,117
357.080,117
357.120,117
357.160,117
357.200,117
357.240,117
357.280,117
357.320,118
357.360,118
357.400,119
357.440,119
357.480,119
357.520,120
357.560,120
357.600,121
357.640,121
357.680,121
357.720,122
357.760,122
357.800,123
357.840,123
357.880,123
357.920,124
357.960,124
358.000,125
358.040,125
358.080,125
358.120,127
358.160,127
358.200,129
358.240,129
358.280,129
358.320,130
358.360,130
358.400,132
358.440,132
358.480,132
358.520,133
358.560,133
358.600,135
358.640,135
358.680,135
358.720,136
358.760,136
358.800,138
358.840,138
358.880,138
358.920,139
358.960,139
359.000,141
359.040,141
359.080,141
359.120,142
359.160,142
359.200,145
359.240,145
359.280,145
359.320,147
359.360,147
359.400,148
359.440,148
359.480,148
359.520,151
359.560,151
359.600,153
359.640,153
359.680,153
359.720,156
359.760,156
359.800,158
359.840,158
359.880,158
359.920,161
359.960,161
360.000,163
360.040,163
360.080,163
360.120,166
360.160,166
360.200,168
360.240,168
360.280,168
360.320,170
360.360,170
360.400,173
360.440,173
360.480,173
360.520,174
360.560,174
360.600,173
360.640,173
360.680,173
360.720,168
360.760,168
360.800,164
360.840,164
360.880,164
360.920,160
360.960,160
361.000,154
361.040,154
361.080,154
361.120,150
361.160,150
361.200,146
361.240,146
361.280,146
361.320,142
361.360,142
361.400,138
361.440,138
361.480,138
361.520,133
361.560,133
361.600,129
361.640,129
361.680,129
361.720,126
361.760,126
361.800,122
361.840,122
361.880,122
361.920,118
361.960,118
362.000,114
362.040,114
362.080,114
362.120,111
362.160,111
362.200,108
362.240,108
362.280,108
362.320,107
362.360,107
362.400,106
362.440,106
362.480,106
362.520,105
362.560,105
362.600,104
362.640,104
362.680,104
362.720,104
362.760,104
362.800,103
362.840,103
362.880,103
362.920,103
362.960,103
363.000,102
363.040,102
363.080,102
363.120,102
363.160,102
363.200,101
363.240,101
363.280,101
363.320,100
363.360,100
363.400,100
363.440,100
363.480,100
363.520,99
363.560,99
363.600,99
363.640,99
363.680,99
363.720,99
363.760,99
363.800,99
363.840,99
363.880,99
363.920,99
363.960,99
364.000,99
364.040,99
364.080,99
364.120,101
364.160,101
364.200,100
364.240,100
364.280,100
364.320,101
364.360,101
364.400,102
364.440,102
364.480,102
364.520,101
364.560,101
364.600,103
364.640,103
364.680,103
364.720,103
364.760,103
364.800,104
364.840,104
364.880,104
364.920,106
364.960,106
365.000,107
365.040,107
365.080,107
365.120,108
365.160,108
365.200,111
365.240,111
365.280,111
365.320,110
365.360,110
365.400,112
365.440,112
365.480,112
365.520,112
365.560,112
365.600,113
365.640,113
365.680,113
365.720,115
365.760,115
365.800,117
365.840,117
365.880,117
365.920,118
365.960,118
366.000,120
366.040,120
366.080,120
366.120,123
366.160,123
366.200,125
366.240,125
366.280,125
366.320,126
366.360,126
366.400,129
366.440,129
366.480,129
366.520,132
366.560,132
366.600,134
366.640,134
366.680,134
366.720,138
366.760,138
366.800,140
366.840,140
366.880,140
366.920,143
366.960,143
367.000,145
367.040,145
367.080,145
367.120,147
367.160,147
367.200,150
367.240,150
367.280,150
367.320,153
367.360,153
367.400,154
367.440,154
367.480,154
367.520,157
367.560,157
367.600,160
367.640,160
367.680,160
367.720,161
367.760,161
367.800,164
367.840,164
367.880,164
367.920,166
367.960,166
368.000,168
368.040,168
368.080,168
368.120,170
368.160,170
368.200,173
368.240,173
368.280,173
368.320,174
368.360,174
368.400,177
368.440,177
368.480,177
368.520,179
368.560,179
368.600,181
368.640,181
368.680,181
368.720,183
368.760,183
368.800,185
368.840,185
368.880,185
368.920,187
368.960,187
369.000,188
369.040,188
369.080,188
369.120,190
369.160,190
369.200,192
369.240,192
369.280,192
369.320,194
369.360,194
369.400,196
369.440,196
369.480,196
369.520,198
369.560,198
369.600,199
369.640,199
369.680,199
369.720,200
369.760,200
369.800,199
369.840,199
369.880,199
369.920,198
369.960,198
370.000,195
370.040,195
370.080,195
370.120,192
370.160,192
370.200,187
370.240,187
370.280,187
370.320,183
370.360,183
370.400,179
370.440,179
370.480,179
370.520,174
370.560,174
370.600,169
370.640,169
370.680,169
370.720,165
370.760,165
370.800,161
370.840,161
370.880,161
370.920,158
370.960,158
371.000,156
371.040,156
371.080,156
371.120,153
371.160,153
371.200,152
371.240,152
371.280,152
371.320,150
371.360,150
371.400,149
371.440,149
371.480,149
371.520,148
371.560,148
371.600,147
371.640,147
371.680,147
371.720,146
371.760,146
371.800,146
371.840,146
371.880,146
371.920,145
371.960,145
372.000,144
372.040,144
372.080,144
372.120,143
372.160,143
372.200,143
372.240,143
372.280,143
372.320,142
372.360,142
372.400,141
372.440,141
372.480,141
372.520,141
372.560,141
372.600,141
372.640,141
372.680,141
372.720,142
372.760,142
372.800,142
372.840,142
372.880,142
372.920,143
372.960,143
373.000,144
373.040,144
373.080,144
373.120,145
373.160,145
373.200,145
373.240,145
373.280,145
373.320,146
373.360,146
373.400,147
373.440,147
373.480,147
373.520,147
373.560,147
373.600,147
373.640,147
373.680,147
373.720,149
373.760,149
373.800,149
373.840,149
373.880,149
373.920,150
373.960,150
374.000,152
374.040,152
374.080,152
374.120,153
374.160,153
374.200,155
374.240,155
374.280,155
374.320,157
374.360,157
374.400,159
374.440,159
374.480,159
374.520,160
374.560,160
374.600,160
374.640,160
374.680,160
374.720,160
374.760,160
374.800,160
374.840,160
374.880,160
374.920,161
374.960,161
375.000,160
375.040,160
375.080,160
375.120,160
375.160,160
375.200,159
375.240,159
375.280,159
375.320,159
375.360,159
375.400,158
375.440,158
375.480,158
375.520,157
375.560,157
375.600,157
375.640,157
375.680,157
375.720,156
375.760,156
375.800,156
375.840,156
375.880,156
375.920,155
375.960,155
376.000,155
376.040,155
376.080,155
376.120,155
376.160,155
376.200,154
376.240,154
376.280,154
376.320,155
376.360,155
376.400,155
376.440,155
376.480,155
376.520,154
376.560,154
376.600,155
376.640,155
376.680,155
376.720,155
376.760,155
376.800,154
376.840,154
376.880,154
376.920,154
376.960,154
377.000,154
377.040,154
377.080,154
377.120,152
377.160,152
377.200,152
377.240,152
377.280,152
377.320,152
377.360,152
377.400,151
377.440,151
377.480,151
377.520,151
377.560,151
377.600,150
377.640,150
377.680,150
377.720,150
377.760,150
377.800,149
377.840,149
377.880,149
377.920,149
377.960,149
378.000,150
378.040,150
378.080,150
378.120,151
378.160,151
378.200,152
378.240,152
378.280,152
378.320,154
378.360,154
378.400,156
378.440,156
378.480,156
378.520,157
378.560,157
378.600,159
378.640,159
378.680,159
378.720,161
378.760,161
378.800,163
378.840,163
378.880,163
378.920,165
378.960,165
379.000,167
379.040,167
379.080,167
379.120,169
379.160,169
379.200,171
379.240,171
379.280,171
379.320,173
379.360,173
379.400,175
379.440,175
379.480,175
379.520,177
379.560,177
379.600,179
379.640,179
379.680,179
379.720,181
379.760,181
379.800,183
379.840,183
379.880,183
379.920,185
379.960,185
380.000,187
380.040,187
380.080,187
380.120,188
380.160,188
380.200,189
380.240,189
380.280,189
380.320,191
380.360,191
380.400,192
380.440,192
380.480,192
380.520,195
380.560,195
380.600,196
380.640,196
380.680,196
380.720,198
380.760,198
380.800,200
380.840,200
380.880,200
380.920,200
380.960,200
381.000,202
381.040,202
381.080,202
381.120,202
381.160,202
381.200,204
381.240,204
381.280,204
381.320,205
381.360,205
381.400,207
381.440,207
381.480,207
381.520,209
381.560,209
381.600,210
381.640,210
381.680,210
381.720,211
381.760,211
381.800,214
381.840,214
381.880,214
381.920,214
381.960,214
382.000,217
382.040,217
382.080,217
382.120,218
382.160,218
382.200,220
382.240,220
382.280,220
382.320,220
382.360,220
382.400,
382.440,223
382.480,
382.520,224
382.560,224
382.600,224
382.640,224
382.680,224
382.720,226
382.760,226
382.800,
382.840,
382.880,
382.920,229
382.960,229
383.000,230
383.040,230
383.080,230
383.120,232
383.160,232
383.200,232
383.240,232
383.280,232
383.320,234
383.360,234
383.400,236
383.440,236
383.480,236
383.520,237
383.560,237
383.600,238
383.640,238
383.680,238
383.720,240
383.760,240
383.800,241
383.840,241
383.880,241
383.920,243
383.960,243
384.000,242
384.040,242
384.080,242
384.120,244
384.160,244
384.200,246
384.240,246
384.280,246
384.320,247
384.360,247
384.400,248
384.440,248
384.480,248
384.520,250
384.560,250
384.600,250
384.640,250
384.680,250
384.720,251
384.760,251
384.800,253
384.840,253
384.880,253
384.920,255
384.960,255
385.000,255
385.040,255
385.080,255
385.120,256
385.160,256
385.200,258
385.240,258
385.280,258
385.320,258
385.360,258
385.400,259
385.440,259
385.480,259
385.520,261
385.560,261
385.600,262
385.640,262
385.680,262
385.720,263
385.760,263
385.800,264
385.840,264
385.880,264
385.920,265
385.960,265
386.000,266
386.040,266
386.080,266
386.120,266
386.160,266
386.200,266
386.240,266
386.280,266
386.320,266
386.360,266
386.400,267
386.440,267
386.480,267
386.520,270
386.560,270
386.600,
386.640,273
386.680,273
386.720,274
386.760,274
386.800,274
386.840,274
386.880,274
386.920,276
386.960,276
387.000,276
387.040,276
387.080,276
387.120,278
387.160,278
387.200,278
387.240,278
387.280,278
387.320,280
387.360,280
387.400,280
387.440,280
387.480,280
387.520,
387.560,
387.600,282
387.640,282
387.680,282
387.720,284
387.760,284
387.800,284
387.840,284
387.880,284
387.920,285
387.960,285
388.000,287
388.040,287
388.080,287
388.120,287
388.160,287
388.200,288
388.240,288
388.280,288
388.320,289
388.360,289
388.400,290
388.440,290
388.480,290
388.520,291
388.560,291
388.600,291
388.640,291
388.680,291
388.720,292
388.760,292
388.800,293
388.840,293
388.880,293
388.920,294
388.960,294
389.000,294
389.040,294
389.080,294
389.120,295
389.160,295
389.200,296
389.240,296
389.280,296
389.320,
389.360,
389.400,298
389.440,298
389.480,298
389.520,298
389.560,298
389.600,299
389.640,299
389.680,299
389.720,300
389.760,300
389.800,300
389.840,300
389.880,300
389.920,301
389.960,301
390.000,302
390.040,302
390.080,302
390.120,303
390.160,303
390.200,303
390.240,303
390.280,303
390.320,304
390.360,304
390.400,304
390.440,304
390.480,304
390.520,305
390.560,305
390.600,306
390.640,306
390.680,306
390.720,306
390.760,306
390.800,307
390.840,307
390.880,307
390.920,307
390.960,307
391.000,308
391.040,308
391.080,308
391.120,308
391.160,308
391.200,309
391.240,309
391.280,309
391.320,310
391.360,310
391.400,310
391.440,310
391.480,310
391.520,311
391.560,311
391.600,311
391.640,311
391.680,311
391.720,313
391.760,313
391.800,313
391.840,313
391.880,313
391.920,313
391.960,313
392.000,314
392.040,314
392.080,314
392.120,315
392.160,315
392.200,315
392.240,315
392.280,315
392.320,316
392.360,316
392.400,316
392.440,316
392.480,316
392.520,317
392.560,317
392.600,317
392.640,317
392.680,317
392.720,318
392.760,318
392.800,318
392.840,318
392.880,318
392.920,319
392.960,319
393.000,319
393.040,319
393.080,319
393.120,320
393.160,320
393.200,321
393.240,321
393.280,321
393.320,321
393.360,321
393.400,322
393.440,322
393.480,322
393.520,322
393.560,322
393.600,322
393.640,322
393.680,322
393.720,323
393.760,323
393.800,324
393.840,324
393.880,324
393.920,324
393.960,324
394.000,325
394.040,325
394.080,325
394.120,325
394.160,325
394.200,326
394.240,326
394.280,326
394.320,326
394.360,326
394.400,326
394.440,326
394.480,326
394.520,327
394.560,327
394.600,328
394.640,328
394.680,328
394.720,328
394.760,328
394.800,328
394.840,328
394.880,328
394.920,329
394.960,329
395.000,329
395.040,329
395.080,329
395.120,330
395.160,330
395.200,330
395.240,330
395.280,330
395.320,331
395.360,331
395.400,331
395.440,331
395.480,331
395.520,332
395.560,332
395.600,332
395.640,332
395.680,332
395.720,332
395.760,332
395.800,333
395.840,333
395.880,333
395.920,333
395.960,333
396.000,333
396.040,333
396.080,333
396.120,334
396.160,334
396.200,334
396.240,334
396.280,334
396.320,334
396.360,334
396.400,335
396.440,335
396.480,335
396.520,335
396.560,335
396.600,335
396.640,335
396.680,335
396.720,336
396.760,336
396.800,336
396.840,336
396.880,336
396.920,336
396.960,336
397.000,337
397.040,337
397.080,337
397.120,337
397.160,337
397.200,337
397.240,337
397.280,337
397.320,337
397.360,337
397.400,337
397.440,337
397.480,337
397.520,338
397.560,338
397.600,337
397.640,337
397.680,337
397.720,338
397.760,338
397.800,338
397.840,338
397.880,338
397.920,339
397.960,339
398.000,339
398.040,339
398.080,339
398.120,339
398.160,339
398.200,339
398.240,339
398.280,339
398.320,339
398.360,339
398.400,339
398.440,339
398.480,339
398.520,340
398.560,340
398.600,339
398.640,339
398.680,339
398.720,340
398.760,340
398.800,340
398.840,340
398.880,340
398.920,340
398.960,340
399.000,340
399.040,340
399.080,340
399.120,341
399.160,341
399.200,341
399.240,341
399.280,341
399.320,341
399.360,341
399.400,341
399.440,341
399.480,341
399.520,341
399.560,341
399.600,341
399.640,341
399.680,341
399.720,341
399.760,341
399.800,342
399.840,342
399.880,342
399.920,342
399.960,342
400.000,342
400.040,342
400.080,342
400.120,342
400.160,342
400.200,343
400.240,343
400.280,343
400.320,342
400.360,342
400.400,343
400.440,343
400.480,343
400.520,343
400.560,343
400.600,343
400.640,343
400.680,343
400.720,344
400.760,344
400.800,343
400.840,343
400.880,343
400.920,344
400.960,344
401.000,344
401.040,344
401.080,344
401.120,344
401.160,344
401.200,345
401.240,345
401.280,345
401.320,345
401.360,345
401.400,345
401.440,345
401.480,345
401.520,345
401.560,345
401.600,345
401.640,345
401.680,345
401.720,346
401.760,346
401.800,346
401.840,346
401.880,346
401.920,346
401.960,346
402.000,346
402.040,346
402.080,346
402.120,346
402.160,346
402.200,345
402.240,345
402.280,345
402.320,345
402.360,345
402.400,343
402.440,343
402.480,343
402.520,343
402.560,343
402.600,341
402.640,341
402.680,341
402.720,341
402.760,341
402.800,340
402.840,340
402.880,340
402.920,339
402.960,339
403.000,338
403.040,338
403.080,338
403.120,337
403.160,337
403.200,336
403.240,336
403.280,336
403.320,335
403.360,335
403.400,335
403.440,335
403.480,335
403.520,334
403.560,334
403.600,332
403.640,332
403.680,332
403.720,332
403.760,332
403.800,331
403.840,331
403.880,331
403.920,330
403.960,330
404.000,329
404.040,329
404.080,329
404.120,328
404.160,328
404.200,327
404.240,327
404.280,327
404.320,327
404.360,327
404.400,325
404.440,325
404.480,325
404.520,324
404.560,324
404.600,324
404.640,324
404.680,324
404.720,323
404.760,323
404.800,322
404.840,322
404.880,322
404.920,321
404.960,321
405.000,320
405.040,320
405.080,320
405.120,319
405.160,319
405.200,318
405.240,318
405.280,318
405.320,318
405.360,318
405.400,317
405.440,317
405.480,317
405.520,317
405.560,317
405.600,316
405.640,316
405.680,316
405.720,319
405.760,319
405.800,318
405.840,318
405.880,318
405.920,316
405.960,316
406.000,315
406.040,315
406.080,315
406.120,315
406.160,315
406.200,314
406.240,314
406.280,314
406.320,314
406.360,314
406.400,314
406.440,314
406.480,314
406.520,315
406.560,315
406.600,315
406.640,315
406.680,315
406.720,316
406.760,316
406.800,316
406.840,316
406.880,316
406.920,317
406.960,317
407.000,317
407.040,317
407.080,317
407.120,317
407.160,317
407.200,318
407.240,318
407.280,318
407.320,318
407.360,318
407.400,319
407.440,319
407.480,319
407.520,320
407.560,320
407.600,320
407.640,320
407.680,320
407.720,321
407.760,321
407.800,322
407.840,322
407.880,322
407.920,322
407.960,322
408.000,323
408.040,323
408.080,323
408.120,323
408.160,323
408.200,322
408.240,322
408.280,322
408.320,320
408.360,320
408.400,317
408.440,317
408.480,317
408.520,314
408.560,314
408.600,310
408.640,310
408.680,310
408.720,306
408.760,306
408.800,302
408.840,302
408.880,302
408.920,300
408.960,300
409.000,296
409.040,296
409.080,296
409.120,
409.160,
409.200,290
409.240,290
409.280,290
409.320,
409.360,287
409.400,287
409.440,287
409.480,287
409.520,282
409.560,282
409.600,
409.640,
409.680,277
409.720,274
409.760,274
409.800,269
409.840,269
409.880,269
409.920,267
409.960,267
410.000,266
410.040,266
410.080,266
410.120,265
410.160,265
410.200,264
410.240,264
410.280,264
410.320,263
410.360,263
410.400,261
410.440,
410.480,
410.520,
410.560,
410.600,260
410.640,260
410.680,260
410.720,259
410.760,259
410.800,256
410.840,256
410.880,256
410.920,254
410.960,254
411.000,251
411.040,251
411.080,251
411.120,249
411.160,249
411.200,246
411.240,246
411.280,246
411.320,243
411.360,243
411.400,240
411.440,240
411.480,240
411.520,
411.560,
411.600,234
411.640,234
411.680,234
411.720,233
411.760,233
411.800,
411.840,
411.880,
411.920,230
411.960,230
412.000,229
412.040,229
412.080,229
412.120,228
412.160,228
412.200,
412.240,
412.280,
412.320,
412.360,226
412.400,225
412.440,225
412.480,225
412.520,224
412.560,
412.600,223
412.640,223
412.680,223
412.720,223
412.760,223
412.800,223
412.840,223
412.880,223
412.920,
412.960,
413.000,223
413.040,223
413.080,223
413.120,
413.160,224
413.200,223
413.240,223
413.280,223
413.320,219
413.360,219
413.400,217
413.440,217
413.480,217
413.520,213
413.560,213
413.600,209
413.640,209
413.680,209
413.720,205
413.760,205
413.800,200
413.840,200
413.880,200
413.920,197
413.960,197
414.000,193
414.040,193
414.080,193
414.120,189
414.160,189
414.200,186
414.240,186
414.280,186
414.320,182
414.360,182
414.400,179
414.440,179
414.480,179
414.520,176
414.560,176
414.600,173
414.640,173
414.680,173
414.720,170
414.760,170
414.800,167
414.840,167
414.880,167
414.920,163
414.960,163
415.000,159
415.040,159
415.080,159
415.120,155
415.160,155
415.200,153
415.240,153
415.280,153
415.320,149
415.360,149
415.400,147
415.440,147
415.480,147
415.520,144
415.560,144
415.600,141
415.640,141
415.680,141
415.720,137
415.760,137
415.800,134
415.840,134
415.880,134
415.920,132
415.960,132
416.000,130
416.040,130
416.080,130
416.120,127
416.160,127
416.200,124
416.240,124
416.280,124
416.320,122
416.360,122
416.400,119
416.440,119
416.480,119
416.520,116
416.560,116
416.600,114
416.640,114
416.680,114
416.720,111
416.760,111
416.800,107
416.840,107
416.880,107
416.920,104
416.960,104
417.000,101
417.040,101
417.080,101
417.120,98
417.160,98
417.200,97
417.240,97
417.280,97
417.320,95
417.360,95
417.400,94
417.440,94
417.480,94
417.520,92
417.560,92
417.600,90
417.640,90
417.680,90
417.720,89
417.760,89
417.800,87
417.840,87
417.880,87
417.920,86
417.960,86
418.000,86
418.040,86
418.080,86
418.120,85
418.160,85
418.200,85
418.240,85
418.280,85
418.320,85
418.360,85
418.400,85
418.440,85
418.480,85
418.520,87
418.560,87
418.600,88
418.640,88
418.680,88
418.720,89
418.760,89
418.800,91
418.840,91
418.880,91
418.920,92
418.960,92
419.000,94
419.040,94
419.080,94
419.120,96
419.160,96
419.200,98
419.240,98
419.280,98
419.320,101
419.360,101
419.400,103
419.440,103
419.480,103
419.520,106
419.560,106
419.600,108
419.640,108
419.680,108
419.720,109
419.760,109
419.800,109
419.840,109
419.880,109
419.920,108
419.960,108
420.000,108
420.040,108
420.080,108
420.120,107
420.160,107
420.200,106
420.240,106
420.280,106
420.320,106
420.360,106
420.400,106
420.440,106
420.480,106
420.520,105
420.560,105
420.600,106
420.640,106
420.680,106
420.720,107
420.760,107
420.800,107
420.840,107
420.880,107
420.920,108
420.960,108
421.000,108
421.040,108
421.080,108
421.120,109
421.160,109
421.200,111
421.240,111
421.280,111
421.320,112
421.360,112
421.400,114
421.440,114
421.480,114
421.520,116
421.560,116
421.600,118
421.640,118
421.680,118
421.720,116
421.760,116
421.800,112
421.840,112
421.880,112
421.920,108
421.960,108
422.000,106
422.040,106
422.080,106
422.120,104
422.160,104
422.200,101
422.240,101
422.280,101
422.320,99
422.360,99
422.400,97
422.440,97
422.480,97
422.520,95
422.560,95
422.600,93
422.640,93
422.680,93
422.720,91
422.760,91
422.800,89
422.840,89
422.880,89
422.920,87
422.960,87
423.000,86
423.040,86
423.080,86
423.120,83
423.160,83
423.200,83
423.240,83
423.280,83
423.320,83
423.360,83
423.400,82
423.440,82
423.480,82
423.520,82
423.560,82
423.600,83
423.640,83
423.680,83
423.720,84
423.760,84
423.800,85
423.840,85
423.880,85
423.920,86
423.960,86
424.000,87
424.040,87
424.080,87
424.120,89
424.160,89
424.200,90
424.240,90
424.280,90
424.320,90
424.360,90
424.400,91
424.440,91
424.480,91
424.520,92
424.560,92
424.600,91
424.640,91
424.680,91
424.720,93
424.760,93
424.800,95
424.840,95
424.880,95
424.920,96
424.960,96
425.000,98
425.040,98
425.080,98
425.120,98
425.160,98
425.200,98
425.240,98
425.280,98
425.320,97
425.360,97
425.400,96
425.440,96
425.480,96
425.520,95
425.560,95
425.600,95
425.640,95
425.680,95
425.720,94
425.760,94
425.800,93
425.840,93
425.880,92
425.920,92
425.960,92
426.000,90
426.040,90
426.080,90
426.120,90
426.160,90
426.200,87
426.240,87
426.280,87
426.320,87
426.360,87
426.400,85
426.440,85
426.480,84
426.520,84
426.560,84
426.600,83
426.640,83
426.680,82
426.720,82
426.760,82
426.800,81
426.840,81
426.880,79
426.920,79
426.960,79
427.000,79
427.040,79
427.080,78
427.120,78
427.160,78
427.200,77
427.240,
427.280,
427.320,
427.360,
427.400,
427.440,
427.480,
427.520,
427.560,
427.600,
427.640,
427.680,
427.720,
427.760,
427.800,
427.840,
427.880,
427.920,
427.960,
428.000,
428.040,
428.080,
428.120,
428.160,
428.200,
428.240,
428.280,
428.320,
428.360,
428.400,
428.440,
428.480,
428.520,
428.560,
428.600,
428.640,
428.680,
428.720,
428.760,
428.800,
428.840,
428.880,
428.920,
428.960,
429.000,
429.040,
429.080,
429.120,
429.160,
429.200,
429.240,
429.280,
429.320,
429.360,
429.400,
429.440,
429.480,
429.520,
429.560,
429.600,
429.640,
429.680,
429.720,
429.760,
429.800,
429.840,
429.880,
429.920,
429.960,
430.000,
430.040,
430.080,
430.120,
430.160,
430.200,
430.240,
430.280,
430.320,
430.360,
430.400,
430.440,
430.480,
430.520,
430.560,
430.600,
430.640,
430.680,
430.720,
430.760,
430.800,
430.840,
430.880,
430.920,
430.960,
431.000,
431.040,
431.080,
431.120,
431.160,
431.200,
431.240,
431.280,
431.320,
431.360,
431.400,
431.440,
431.480,
431.520,
431.560,
431.600,
431.640,
431.680,
431.720,
431.760,
431.800,
431.840,
431.880,
431.920,
431.960,
432.000,
432.040,
432.080,
432.120,
432.160,
432.200,
432.240,
432.280,
432.320,
432.360,
432.400,
432.440,
432.480,
432.520,
432.560,
432.600,
432.640,
432.680,
432.720,
432.760,
432.800,
432.840,
432.880,
432.920,
432.960,
433.000,
433.040,
433.080,
433.120,
433.160,
433.200,
433.240,
433.280,
433.320,
433.360,
433.400,
433.440,
433.480,
433.520,
433.560,
433.600,
433.640,
433.680,
433.720,
433.760,
433.800,
433.840,
433.880,
433.920,
433.960,
434.000,
434.040,
434.080,
434.120,
434.160,
434.200,
434.240,
434.280,
434.320,
434.360,
434.400,
434.440,
434.480,
434.520,
434.560,
434.600,
434.640,
434.680,
434.720,
434.760,
434.800,
434.840,
434.880,
434.920,
434.960,
435.000,
435.040,
435.080,
435.120,
435.160,
435.200,
